/*
 Navicat Premium Dump SQL

 Source Server         : local_mbp
 Source Server Type    : MySQL
 Source Server Version : 90001 (9.0.1)
 Source Host           : localhost:3306
 Source Schema         : dkd

 Target Server Type    : MySQL
 Target Server Version : 90001 (9.0.1)
 File Encoding         : 65001

 Date: 02/11/2024 15:18:54
*/

SET NAMES utf8mb4;
SET FOREIGN_KEY_CHECKS = 0;

-- ----------------------------
-- Table structure for gen_table
-- ----------------------------
DROP TABLE IF EXISTS `gen_table`;
CREATE TABLE `gen_table` (
  `table_id` bigint NOT NULL AUTO_INCREMENT COMMENT '编号',
  `table_name` varchar(200) CHARACTER SET utf8mb4 COLLATE utf8mb4_0900_ai_ci DEFAULT '' COMMENT '表名称',
  `table_comment` varchar(500) CHARACTER SET utf8mb4 COLLATE utf8mb4_0900_ai_ci DEFAULT '' COMMENT '表描述',
  `sub_table_name` varchar(64) CHARACTER SET utf8mb4 COLLATE utf8mb4_0900_ai_ci DEFAULT NULL COMMENT '关联子表的表名',
  `sub_table_fk_name` varchar(64) CHARACTER SET utf8mb4 COLLATE utf8mb4_0900_ai_ci DEFAULT NULL COMMENT '子表关联的外键名',
  `class_name` varchar(100) CHARACTER SET utf8mb4 COLLATE utf8mb4_0900_ai_ci DEFAULT '' COMMENT '实体类名称',
  `tpl_category` varchar(200) CHARACTER SET utf8mb4 COLLATE utf8mb4_0900_ai_ci DEFAULT 'crud' COMMENT '使用的模板（crud单表操作 tree树表操作）',
  `tpl_web_type` varchar(30) CHARACTER SET utf8mb4 COLLATE utf8mb4_0900_ai_ci DEFAULT '' COMMENT '前端模板类型（element-ui模版 element-plus模版）',
  `package_name` varchar(100) CHARACTER SET utf8mb4 COLLATE utf8mb4_0900_ai_ci DEFAULT NULL COMMENT '生成包路径',
  `module_name` varchar(30) CHARACTER SET utf8mb4 COLLATE utf8mb4_0900_ai_ci DEFAULT NULL COMMENT '生成模块名',
  `business_name` varchar(30) CHARACTER SET utf8mb4 COLLATE utf8mb4_0900_ai_ci DEFAULT NULL COMMENT '生成业务名',
  `function_name` varchar(50) CHARACTER SET utf8mb4 COLLATE utf8mb4_0900_ai_ci DEFAULT NULL COMMENT '生成功能名',
  `function_author` varchar(50) CHARACTER SET utf8mb4 COLLATE utf8mb4_0900_ai_ci DEFAULT NULL COMMENT '生成功能作者',
  `gen_type` char(1) CHARACTER SET utf8mb4 COLLATE utf8mb4_0900_ai_ci DEFAULT '0' COMMENT '生成代码方式（0zip压缩包 1自定义路径）',
  `gen_path` varchar(200) CHARACTER SET utf8mb4 COLLATE utf8mb4_0900_ai_ci DEFAULT '/' COMMENT '生成路径（不填默认项目路径）',
  `options` varchar(1000) CHARACTER SET utf8mb4 COLLATE utf8mb4_0900_ai_ci DEFAULT NULL COMMENT '其它生成选项',
  `create_by` varchar(64) CHARACTER SET utf8mb4 COLLATE utf8mb4_0900_ai_ci DEFAULT '' COMMENT '创建者',
  `create_time` datetime DEFAULT NULL COMMENT '创建时间',
  `update_by` varchar(64) CHARACTER SET utf8mb4 COLLATE utf8mb4_0900_ai_ci DEFAULT '' COMMENT '更新者',
  `update_time` datetime DEFAULT NULL COMMENT '更新时间',
  `remark` varchar(500) CHARACTER SET utf8mb4 COLLATE utf8mb4_0900_ai_ci DEFAULT NULL COMMENT '备注',
  PRIMARY KEY (`table_id`) USING BTREE
) ENGINE=InnoDB AUTO_INCREMENT=12 DEFAULT CHARSET=utf8mb4 COLLATE=utf8mb4_0900_ai_ci ROW_FORMAT=DYNAMIC COMMENT='代码生成业务表';

-- ----------------------------
-- Records of gen_table
-- ----------------------------
BEGIN;
INSERT INTO `gen_table` (`table_id`, `table_name`, `table_comment`, `sub_table_name`, `sub_table_fk_name`, `class_name`, `tpl_category`, `tpl_web_type`, `package_name`, `module_name`, `business_name`, `function_name`, `function_author`, `gen_type`, `gen_path`, `options`, `create_by`, `create_time`, `update_by`, `update_time`, `remark`) VALUES (1, 'tb_node', '点位表', NULL, NULL, 'Node', 'crud', 'element-plus', 'com.dkd.manage', 'manage', 'node', '点位管理', 'shoudle', '0', '/', '{\"parentMenuId\":2000}', 'admin', '2024-10-23 21:29:26', '', '2024-10-23 21:38:40', NULL);
INSERT INTO `gen_table` (`table_id`, `table_name`, `table_comment`, `sub_table_name`, `sub_table_fk_name`, `class_name`, `tpl_category`, `tpl_web_type`, `package_name`, `module_name`, `business_name`, `function_name`, `function_author`, `gen_type`, `gen_path`, `options`, `create_by`, `create_time`, `update_by`, `update_time`, `remark`) VALUES (2, 'tb_partner', '合作商表', NULL, NULL, 'Partner', 'crud', 'element-plus', 'com.dkd.manage', 'manage', 'partner', '合作商管理', 'shoudle', '0', '/', '{\"parentMenuId\":2000}', 'admin', '2024-10-23 21:29:26', '', '2024-10-23 21:35:05', NULL);
INSERT INTO `gen_table` (`table_id`, `table_name`, `table_comment`, `sub_table_name`, `sub_table_fk_name`, `class_name`, `tpl_category`, `tpl_web_type`, `package_name`, `module_name`, `business_name`, `function_name`, `function_author`, `gen_type`, `gen_path`, `options`, `create_by`, `create_time`, `update_by`, `update_time`, `remark`) VALUES (3, 'tb_region', '区域表', NULL, NULL, 'Region', 'crud', 'element-plus', 'com.dkd.manage', 'manage', 'region', '区域管理', 'shoudle', '0', '/', '{\"parentMenuId\":2000}', 'admin', '2024-10-23 21:29:26', '', '2024-10-23 21:36:13', NULL);
INSERT INTO `gen_table` (`table_id`, `table_name`, `table_comment`, `sub_table_name`, `sub_table_fk_name`, `class_name`, `tpl_category`, `tpl_web_type`, `package_name`, `module_name`, `business_name`, `function_name`, `function_author`, `gen_type`, `gen_path`, `options`, `create_by`, `create_time`, `update_by`, `update_time`, `remark`) VALUES (4, 'tb_role', '工单角色表', NULL, NULL, 'TbRole', 'crud', 'element-plus', 'com.dkd.manage', 'manage', 'role', '工单角色', 'ruoyi', '0', '/', '{\"parentMenuId\":2019}', 'admin', '2024-10-27 14:53:15', '', '2024-10-27 14:55:13', NULL);
INSERT INTO `gen_table` (`table_id`, `table_name`, `table_comment`, `sub_table_name`, `sub_table_fk_name`, `class_name`, `tpl_category`, `tpl_web_type`, `package_name`, `module_name`, `business_name`, `function_name`, `function_author`, `gen_type`, `gen_path`, `options`, `create_by`, `create_time`, `update_by`, `update_time`, `remark`) VALUES (5, 'tb_emp', '工单员工表', NULL, NULL, 'TbEmp', 'crud', 'element-plus', 'com.dkd.manage', 'manage', 'emp', '工单员工', 'ruoyi', '0', '/', '{\"parentMenuId\":2019}', 'admin', '2024-10-27 14:53:52', '', '2024-10-27 14:57:38', NULL);
INSERT INTO `gen_table` (`table_id`, `table_name`, `table_comment`, `sub_table_name`, `sub_table_fk_name`, `class_name`, `tpl_category`, `tpl_web_type`, `package_name`, `module_name`, `business_name`, `function_name`, `function_author`, `gen_type`, `gen_path`, `options`, `create_by`, `create_time`, `update_by`, `update_time`, `remark`) VALUES (6, 'tb_vending_machine', '设备表', NULL, NULL, 'TbVendingMachine', 'crud', 'element-plus', 'com.dkd.manage', 'manage', 'vm', '设备', 'ruoyi', '0', '/', '{\"parentMenuId\":2026}', 'admin', '2024-10-28 20:56:59', '', '2024-10-28 21:15:20', NULL);
INSERT INTO `gen_table` (`table_id`, `table_name`, `table_comment`, `sub_table_name`, `sub_table_fk_name`, `class_name`, `tpl_category`, `tpl_web_type`, `package_name`, `module_name`, `business_name`, `function_name`, `function_author`, `gen_type`, `gen_path`, `options`, `create_by`, `create_time`, `update_by`, `update_time`, `remark`) VALUES (7, 'tb_vm_type', '设备类型表', NULL, NULL, 'TbVmType', 'crud', 'element-plus', 'com.dkd.manage', 'manage', 'vmType', '设备类型', 'ruoyi', '0', '/', '{\"parentMenuId\":\"2026\"}', 'admin', '2024-10-28 20:57:11', '', '2024-10-28 22:39:13', NULL);
INSERT INTO `gen_table` (`table_id`, `table_name`, `table_comment`, `sub_table_name`, `sub_table_fk_name`, `class_name`, `tpl_category`, `tpl_web_type`, `package_name`, `module_name`, `business_name`, `function_name`, `function_author`, `gen_type`, `gen_path`, `options`, `create_by`, `create_time`, `update_by`, `update_time`, `remark`) VALUES (8, 'tb_channel', '售货机货道表', NULL, NULL, 'TbChannel', 'crud', 'element-plus', 'com.dkd.manage', 'manage', 'channel', '售货机货道', 'ruoyi', '0', '/', '{\"parentMenuId\":2026}', 'admin', '2024-10-28 20:57:18', '', '2024-10-28 21:16:05', NULL);
INSERT INTO `gen_table` (`table_id`, `table_name`, `table_comment`, `sub_table_name`, `sub_table_fk_name`, `class_name`, `tpl_category`, `tpl_web_type`, `package_name`, `module_name`, `business_name`, `function_name`, `function_author`, `gen_type`, `gen_path`, `options`, `create_by`, `create_time`, `update_by`, `update_time`, `remark`) VALUES (9, 'tb_policy', '策略表', NULL, NULL, 'TbPolicy', 'crud', 'element-plus', 'com.dkd.manage', 'manage', 'policy', '策略管理', 'ruoyi', '0', '/', '{\"parentMenuId\":\"\"}', 'admin', '2024-10-29 17:46:54', '', '2024-10-29 17:48:40', NULL);
INSERT INTO `gen_table` (`table_id`, `table_name`, `table_comment`, `sub_table_name`, `sub_table_fk_name`, `class_name`, `tpl_category`, `tpl_web_type`, `package_name`, `module_name`, `business_name`, `function_name`, `function_author`, `gen_type`, `gen_path`, `options`, `create_by`, `create_time`, `update_by`, `update_time`, `remark`) VALUES (10, 'tb_sku', '商品表', NULL, NULL, 'TbSku', 'crud', 'element-plus', 'com.dkd.manage', 'manage', 'sku', '商品', 'ruoyi', '0', '/', '{\"parentMenuId\":2065}', 'admin', '2024-10-31 09:38:28', '', '2024-10-31 09:57:23', NULL);
INSERT INTO `gen_table` (`table_id`, `table_name`, `table_comment`, `sub_table_name`, `sub_table_fk_name`, `class_name`, `tpl_category`, `tpl_web_type`, `package_name`, `module_name`, `business_name`, `function_name`, `function_author`, `gen_type`, `gen_path`, `options`, `create_by`, `create_time`, `update_by`, `update_time`, `remark`) VALUES (11, 'tb_sku_class', '商品类型表', NULL, NULL, 'TbSkuClass', 'crud', 'element-plus', 'com.dkd.manage', 'manage', 'skuClass', '商品类型', 'ruoyi', '0', '/', '{\"parentMenuId\":2065}', 'admin', '2024-10-31 09:38:29', '', '2024-10-31 09:55:15', NULL);
COMMIT;

-- ----------------------------
-- Table structure for gen_table_column
-- ----------------------------
DROP TABLE IF EXISTS `gen_table_column`;
CREATE TABLE `gen_table_column` (
  `column_id` bigint NOT NULL AUTO_INCREMENT COMMENT '编号',
  `table_id` bigint DEFAULT NULL COMMENT '归属表编号',
  `column_name` varchar(200) CHARACTER SET utf8mb4 COLLATE utf8mb4_0900_ai_ci DEFAULT NULL COMMENT '列名称',
  `column_comment` varchar(500) CHARACTER SET utf8mb4 COLLATE utf8mb4_0900_ai_ci DEFAULT NULL COMMENT '列描述',
  `column_type` varchar(100) CHARACTER SET utf8mb4 COLLATE utf8mb4_0900_ai_ci DEFAULT NULL COMMENT '列类型',
  `java_type` varchar(500) CHARACTER SET utf8mb4 COLLATE utf8mb4_0900_ai_ci DEFAULT NULL COMMENT 'JAVA类型',
  `java_field` varchar(200) CHARACTER SET utf8mb4 COLLATE utf8mb4_0900_ai_ci DEFAULT NULL COMMENT 'JAVA字段名',
  `is_pk` char(1) CHARACTER SET utf8mb4 COLLATE utf8mb4_0900_ai_ci DEFAULT NULL COMMENT '是否主键（1是）',
  `is_increment` char(1) CHARACTER SET utf8mb4 COLLATE utf8mb4_0900_ai_ci DEFAULT NULL COMMENT '是否自增（1是）',
  `is_required` char(1) CHARACTER SET utf8mb4 COLLATE utf8mb4_0900_ai_ci DEFAULT NULL COMMENT '是否必填（1是）',
  `is_insert` char(1) CHARACTER SET utf8mb4 COLLATE utf8mb4_0900_ai_ci DEFAULT NULL COMMENT '是否为插入字段（1是）',
  `is_edit` char(1) CHARACTER SET utf8mb4 COLLATE utf8mb4_0900_ai_ci DEFAULT NULL COMMENT '是否编辑字段（1是）',
  `is_list` char(1) CHARACTER SET utf8mb4 COLLATE utf8mb4_0900_ai_ci DEFAULT NULL COMMENT '是否列表字段（1是）',
  `is_query` char(1) CHARACTER SET utf8mb4 COLLATE utf8mb4_0900_ai_ci DEFAULT NULL COMMENT '是否查询字段（1是）',
  `query_type` varchar(200) CHARACTER SET utf8mb4 COLLATE utf8mb4_0900_ai_ci DEFAULT 'EQ' COMMENT '查询方式（等于、不等于、大于、小于、范围）',
  `html_type` varchar(200) CHARACTER SET utf8mb4 COLLATE utf8mb4_0900_ai_ci DEFAULT NULL COMMENT '显示类型（文本框、文本域、下拉框、复选框、单选框、日期控件）',
  `dict_type` varchar(200) CHARACTER SET utf8mb4 COLLATE utf8mb4_0900_ai_ci DEFAULT '' COMMENT '字典类型',
  `sort` int DEFAULT NULL COMMENT '排序',
  `create_by` varchar(64) CHARACTER SET utf8mb4 COLLATE utf8mb4_0900_ai_ci DEFAULT '' COMMENT '创建者',
  `create_time` datetime DEFAULT NULL COMMENT '创建时间',
  `update_by` varchar(64) CHARACTER SET utf8mb4 COLLATE utf8mb4_0900_ai_ci DEFAULT '' COMMENT '更新者',
  `update_time` datetime DEFAULT NULL COMMENT '更新时间',
  PRIMARY KEY (`column_id`) USING BTREE
) ENGINE=InnoDB AUTO_INCREMENT=99 DEFAULT CHARSET=utf8mb4 COLLATE=utf8mb4_0900_ai_ci ROW_FORMAT=DYNAMIC COMMENT='代码生成业务表字段';

-- ----------------------------
-- Records of gen_table_column
-- ----------------------------
BEGIN;
INSERT INTO `gen_table_column` (`column_id`, `table_id`, `column_name`, `column_comment`, `column_type`, `java_type`, `java_field`, `is_pk`, `is_increment`, `is_required`, `is_insert`, `is_edit`, `is_list`, `is_query`, `query_type`, `html_type`, `dict_type`, `sort`, `create_by`, `create_time`, `update_by`, `update_time`) VALUES (1, 1, 'id', '主键id', 'int', 'Long', 'id', '1', '1', '0', '0', NULL, NULL, NULL, 'EQ', 'input', '', 1, 'admin', '2024-10-23 21:29:26', '', '2024-10-23 21:38:40');
INSERT INTO `gen_table_column` (`column_id`, `table_id`, `column_name`, `column_comment`, `column_type`, `java_type`, `java_field`, `is_pk`, `is_increment`, `is_required`, `is_insert`, `is_edit`, `is_list`, `is_query`, `query_type`, `html_type`, `dict_type`, `sort`, `create_by`, `create_time`, `update_by`, `update_time`) VALUES (2, 1, 'node_name', '点位名称', 'varchar(255)', 'String', 'nodeName', '0', '0', '1', '1', '1', '1', '1', 'LIKE', 'input', '', 2, 'admin', '2024-10-23 21:29:26', '', '2024-10-23 21:38:40');
INSERT INTO `gen_table_column` (`column_id`, `table_id`, `column_name`, `column_comment`, `column_type`, `java_type`, `java_field`, `is_pk`, `is_increment`, `is_required`, `is_insert`, `is_edit`, `is_list`, `is_query`, `query_type`, `html_type`, `dict_type`, `sort`, `create_by`, `create_time`, `update_by`, `update_time`) VALUES (3, 1, 'address', '详细地址', 'varchar(255)', 'String', 'address', '0', '0', '1', '1', '1', '1', '0', 'EQ', 'input', '', 3, 'admin', '2024-10-23 21:29:26', '', '2024-10-23 21:38:40');
INSERT INTO `gen_table_column` (`column_id`, `table_id`, `column_name`, `column_comment`, `column_type`, `java_type`, `java_field`, `is_pk`, `is_increment`, `is_required`, `is_insert`, `is_edit`, `is_list`, `is_query`, `query_type`, `html_type`, `dict_type`, `sort`, `create_by`, `create_time`, `update_by`, `update_time`) VALUES (4, 1, 'business_type', '商圈类型', 'int', 'Long', 'businessType', '0', '0', '1', '1', '1', '1', '0', 'EQ', 'select', 'business_type', 4, 'admin', '2024-10-23 21:29:26', '', '2024-10-23 21:38:40');
INSERT INTO `gen_table_column` (`column_id`, `table_id`, `column_name`, `column_comment`, `column_type`, `java_type`, `java_field`, `is_pk`, `is_increment`, `is_required`, `is_insert`, `is_edit`, `is_list`, `is_query`, `query_type`, `html_type`, `dict_type`, `sort`, `create_by`, `create_time`, `update_by`, `update_time`) VALUES (5, 1, 'region_id', '区域ID', 'int', 'Long', 'regionId', '0', '0', '1', '1', '1', '1', '1', 'EQ', 'input', '', 5, 'admin', '2024-10-23 21:29:26', '', '2024-10-23 21:38:40');
INSERT INTO `gen_table_column` (`column_id`, `table_id`, `column_name`, `column_comment`, `column_type`, `java_type`, `java_field`, `is_pk`, `is_increment`, `is_required`, `is_insert`, `is_edit`, `is_list`, `is_query`, `query_type`, `html_type`, `dict_type`, `sort`, `create_by`, `create_time`, `update_by`, `update_time`) VALUES (6, 1, 'partner_id', '合作商ID', 'int', 'Long', 'partnerId', '0', '0', '1', '1', '1', '1', '1', 'EQ', 'input', '', 6, 'admin', '2024-10-23 21:29:26', '', '2024-10-23 21:38:40');
INSERT INTO `gen_table_column` (`column_id`, `table_id`, `column_name`, `column_comment`, `column_type`, `java_type`, `java_field`, `is_pk`, `is_increment`, `is_required`, `is_insert`, `is_edit`, `is_list`, `is_query`, `query_type`, `html_type`, `dict_type`, `sort`, `create_by`, `create_time`, `update_by`, `update_time`) VALUES (7, 1, 'create_time', '创建时间', 'timestamp', 'Date', 'createTime', '0', '0', '0', '0', NULL, NULL, NULL, 'EQ', 'datetime', '', 7, 'admin', '2024-10-23 21:29:26', '', '2024-10-23 21:38:40');
INSERT INTO `gen_table_column` (`column_id`, `table_id`, `column_name`, `column_comment`, `column_type`, `java_type`, `java_field`, `is_pk`, `is_increment`, `is_required`, `is_insert`, `is_edit`, `is_list`, `is_query`, `query_type`, `html_type`, `dict_type`, `sort`, `create_by`, `create_time`, `update_by`, `update_time`) VALUES (8, 1, 'update_time', '修改时间', 'timestamp', 'Date', 'updateTime', '0', '0', '0', '0', '0', NULL, NULL, 'EQ', 'datetime', '', 8, 'admin', '2024-10-23 21:29:26', '', '2024-10-23 21:38:40');
INSERT INTO `gen_table_column` (`column_id`, `table_id`, `column_name`, `column_comment`, `column_type`, `java_type`, `java_field`, `is_pk`, `is_increment`, `is_required`, `is_insert`, `is_edit`, `is_list`, `is_query`, `query_type`, `html_type`, `dict_type`, `sort`, `create_by`, `create_time`, `update_by`, `update_time`) VALUES (9, 1, 'create_by', '创建人', 'varchar(64)', 'String', 'createBy', '0', '0', '0', '0', NULL, NULL, NULL, 'EQ', 'input', '', 9, 'admin', '2024-10-23 21:29:26', '', '2024-10-23 21:38:40');
INSERT INTO `gen_table_column` (`column_id`, `table_id`, `column_name`, `column_comment`, `column_type`, `java_type`, `java_field`, `is_pk`, `is_increment`, `is_required`, `is_insert`, `is_edit`, `is_list`, `is_query`, `query_type`, `html_type`, `dict_type`, `sort`, `create_by`, `create_time`, `update_by`, `update_time`) VALUES (10, 1, 'update_by', '修改人', 'varchar(64)', 'String', 'updateBy', '0', '0', '0', '0', '0', NULL, NULL, 'EQ', 'input', '', 10, 'admin', '2024-10-23 21:29:26', '', '2024-10-23 21:38:40');
INSERT INTO `gen_table_column` (`column_id`, `table_id`, `column_name`, `column_comment`, `column_type`, `java_type`, `java_field`, `is_pk`, `is_increment`, `is_required`, `is_insert`, `is_edit`, `is_list`, `is_query`, `query_type`, `html_type`, `dict_type`, `sort`, `create_by`, `create_time`, `update_by`, `update_time`) VALUES (11, 1, 'remark', '备注', 'text', 'String', 'remark', '0', '0', '0', '0', '0', '0', NULL, 'EQ', 'textarea', '', 11, 'admin', '2024-10-23 21:29:26', '', '2024-10-23 21:38:40');
INSERT INTO `gen_table_column` (`column_id`, `table_id`, `column_name`, `column_comment`, `column_type`, `java_type`, `java_field`, `is_pk`, `is_increment`, `is_required`, `is_insert`, `is_edit`, `is_list`, `is_query`, `query_type`, `html_type`, `dict_type`, `sort`, `create_by`, `create_time`, `update_by`, `update_time`) VALUES (12, 2, 'id', '主键id', 'int', 'Long', 'id', '1', '1', '0', '0', NULL, NULL, NULL, 'EQ', 'input', '', 1, 'admin', '2024-10-23 21:29:26', '', '2024-10-23 21:35:05');
INSERT INTO `gen_table_column` (`column_id`, `table_id`, `column_name`, `column_comment`, `column_type`, `java_type`, `java_field`, `is_pk`, `is_increment`, `is_required`, `is_insert`, `is_edit`, `is_list`, `is_query`, `query_type`, `html_type`, `dict_type`, `sort`, `create_by`, `create_time`, `update_by`, `update_time`) VALUES (13, 2, 'partner_name', '合作商名称', 'varchar(255)', 'String', 'partnerName', '0', '0', '1', '1', '1', '1', '1', 'LIKE', 'input', '', 2, 'admin', '2024-10-23 21:29:26', '', '2024-10-23 21:35:05');
INSERT INTO `gen_table_column` (`column_id`, `table_id`, `column_name`, `column_comment`, `column_type`, `java_type`, `java_field`, `is_pk`, `is_increment`, `is_required`, `is_insert`, `is_edit`, `is_list`, `is_query`, `query_type`, `html_type`, `dict_type`, `sort`, `create_by`, `create_time`, `update_by`, `update_time`) VALUES (14, 2, 'contact_person', '联系人', 'varchar(64)', 'String', 'contactPerson', '0', '0', '1', '1', '1', '1', '0', 'EQ', 'input', '', 3, 'admin', '2024-10-23 21:29:26', '', '2024-10-23 21:35:05');
INSERT INTO `gen_table_column` (`column_id`, `table_id`, `column_name`, `column_comment`, `column_type`, `java_type`, `java_field`, `is_pk`, `is_increment`, `is_required`, `is_insert`, `is_edit`, `is_list`, `is_query`, `query_type`, `html_type`, `dict_type`, `sort`, `create_by`, `create_time`, `update_by`, `update_time`) VALUES (15, 2, 'contact_phone', '联系电话', 'varchar(15)', 'String', 'contactPhone', '0', '0', '1', '1', '1', '1', '0', 'EQ', 'input', '', 4, 'admin', '2024-10-23 21:29:26', '', '2024-10-23 21:35:05');
INSERT INTO `gen_table_column` (`column_id`, `table_id`, `column_name`, `column_comment`, `column_type`, `java_type`, `java_field`, `is_pk`, `is_increment`, `is_required`, `is_insert`, `is_edit`, `is_list`, `is_query`, `query_type`, `html_type`, `dict_type`, `sort`, `create_by`, `create_time`, `update_by`, `update_time`) VALUES (16, 2, 'profit_ratio', '分成比例', 'int', 'Long', 'profitRatio', '0', '0', '1', '1', '1', '1', '0', 'EQ', 'input', '', 5, 'admin', '2024-10-23 21:29:26', '', '2024-10-23 21:35:05');
INSERT INTO `gen_table_column` (`column_id`, `table_id`, `column_name`, `column_comment`, `column_type`, `java_type`, `java_field`, `is_pk`, `is_increment`, `is_required`, `is_insert`, `is_edit`, `is_list`, `is_query`, `query_type`, `html_type`, `dict_type`, `sort`, `create_by`, `create_time`, `update_by`, `update_time`) VALUES (17, 2, 'account', '账号', 'varchar(64)', 'String', 'account', '0', '0', '1', '1', '1', '1', '0', 'EQ', 'input', '', 6, 'admin', '2024-10-23 21:29:26', '', '2024-10-23 21:35:05');
INSERT INTO `gen_table_column` (`column_id`, `table_id`, `column_name`, `column_comment`, `column_type`, `java_type`, `java_field`, `is_pk`, `is_increment`, `is_required`, `is_insert`, `is_edit`, `is_list`, `is_query`, `query_type`, `html_type`, `dict_type`, `sort`, `create_by`, `create_time`, `update_by`, `update_time`) VALUES (18, 2, 'password', '密码', 'varchar(64)', 'String', 'password', '0', '0', '1', '1', '1', '0', '0', 'EQ', 'input', '', 7, 'admin', '2024-10-23 21:29:26', '', '2024-10-23 21:35:05');
INSERT INTO `gen_table_column` (`column_id`, `table_id`, `column_name`, `column_comment`, `column_type`, `java_type`, `java_field`, `is_pk`, `is_increment`, `is_required`, `is_insert`, `is_edit`, `is_list`, `is_query`, `query_type`, `html_type`, `dict_type`, `sort`, `create_by`, `create_time`, `update_by`, `update_time`) VALUES (19, 2, 'create_time', '创建时间', 'timestamp', 'Date', 'createTime', '0', '0', '0', '0', NULL, NULL, NULL, 'EQ', 'datetime', '', 8, 'admin', '2024-10-23 21:29:26', '', '2024-10-23 21:35:05');
INSERT INTO `gen_table_column` (`column_id`, `table_id`, `column_name`, `column_comment`, `column_type`, `java_type`, `java_field`, `is_pk`, `is_increment`, `is_required`, `is_insert`, `is_edit`, `is_list`, `is_query`, `query_type`, `html_type`, `dict_type`, `sort`, `create_by`, `create_time`, `update_by`, `update_time`) VALUES (20, 2, 'update_time', '修改时间', 'timestamp', 'Date', 'updateTime', '0', '0', '0', '0', '0', NULL, NULL, 'EQ', 'datetime', '', 9, 'admin', '2024-10-23 21:29:26', '', '2024-10-23 21:35:05');
INSERT INTO `gen_table_column` (`column_id`, `table_id`, `column_name`, `column_comment`, `column_type`, `java_type`, `java_field`, `is_pk`, `is_increment`, `is_required`, `is_insert`, `is_edit`, `is_list`, `is_query`, `query_type`, `html_type`, `dict_type`, `sort`, `create_by`, `create_time`, `update_by`, `update_time`) VALUES (21, 2, 'create_by', '创建人', 'varchar(64)', 'String', 'createBy', '0', '0', '0', '0', NULL, NULL, NULL, 'EQ', 'input', '', 10, 'admin', '2024-10-23 21:29:26', '', '2024-10-23 21:35:05');
INSERT INTO `gen_table_column` (`column_id`, `table_id`, `column_name`, `column_comment`, `column_type`, `java_type`, `java_field`, `is_pk`, `is_increment`, `is_required`, `is_insert`, `is_edit`, `is_list`, `is_query`, `query_type`, `html_type`, `dict_type`, `sort`, `create_by`, `create_time`, `update_by`, `update_time`) VALUES (22, 2, 'update_by', '修改人', 'varchar(64)', 'String', 'updateBy', '0', '0', '0', '0', '0', NULL, NULL, 'EQ', 'input', '', 11, 'admin', '2024-10-23 21:29:26', '', '2024-10-23 21:35:05');
INSERT INTO `gen_table_column` (`column_id`, `table_id`, `column_name`, `column_comment`, `column_type`, `java_type`, `java_field`, `is_pk`, `is_increment`, `is_required`, `is_insert`, `is_edit`, `is_list`, `is_query`, `query_type`, `html_type`, `dict_type`, `sort`, `create_by`, `create_time`, `update_by`, `update_time`) VALUES (23, 2, 'remark', '备注', 'text', 'String', 'remark', '0', '0', '0', '1', '1', '1', NULL, 'EQ', 'textarea', '', 12, 'admin', '2024-10-23 21:29:26', '', '2024-10-23 21:35:05');
INSERT INTO `gen_table_column` (`column_id`, `table_id`, `column_name`, `column_comment`, `column_type`, `java_type`, `java_field`, `is_pk`, `is_increment`, `is_required`, `is_insert`, `is_edit`, `is_list`, `is_query`, `query_type`, `html_type`, `dict_type`, `sort`, `create_by`, `create_time`, `update_by`, `update_time`) VALUES (24, 3, 'id', '主键id', 'int', 'Long', 'id', '1', '1', '0', '0', NULL, NULL, NULL, 'EQ', 'input', '', 1, 'admin', '2024-10-23 21:29:26', '', '2024-10-23 21:36:13');
INSERT INTO `gen_table_column` (`column_id`, `table_id`, `column_name`, `column_comment`, `column_type`, `java_type`, `java_field`, `is_pk`, `is_increment`, `is_required`, `is_insert`, `is_edit`, `is_list`, `is_query`, `query_type`, `html_type`, `dict_type`, `sort`, `create_by`, `create_time`, `update_by`, `update_time`) VALUES (25, 3, 'region_name', '区域名称', 'varchar(255)', 'String', 'regionName', '0', '0', '1', '1', '1', '1', '1', 'LIKE', 'input', '', 2, 'admin', '2024-10-23 21:29:26', '', '2024-10-23 21:36:13');
INSERT INTO `gen_table_column` (`column_id`, `table_id`, `column_name`, `column_comment`, `column_type`, `java_type`, `java_field`, `is_pk`, `is_increment`, `is_required`, `is_insert`, `is_edit`, `is_list`, `is_query`, `query_type`, `html_type`, `dict_type`, `sort`, `create_by`, `create_time`, `update_by`, `update_time`) VALUES (26, 3, 'create_time', '创建时间', 'timestamp', 'Date', 'createTime', '0', '0', '0', '0', NULL, NULL, NULL, 'EQ', 'datetime', '', 3, 'admin', '2024-10-23 21:29:26', '', '2024-10-23 21:36:13');
INSERT INTO `gen_table_column` (`column_id`, `table_id`, `column_name`, `column_comment`, `column_type`, `java_type`, `java_field`, `is_pk`, `is_increment`, `is_required`, `is_insert`, `is_edit`, `is_list`, `is_query`, `query_type`, `html_type`, `dict_type`, `sort`, `create_by`, `create_time`, `update_by`, `update_time`) VALUES (27, 3, 'update_time', '修改时间', 'timestamp', 'Date', 'updateTime', '0', '0', '0', '0', '0', NULL, NULL, 'EQ', 'datetime', '', 4, 'admin', '2024-10-23 21:29:26', '', '2024-10-23 21:36:13');
INSERT INTO `gen_table_column` (`column_id`, `table_id`, `column_name`, `column_comment`, `column_type`, `java_type`, `java_field`, `is_pk`, `is_increment`, `is_required`, `is_insert`, `is_edit`, `is_list`, `is_query`, `query_type`, `html_type`, `dict_type`, `sort`, `create_by`, `create_time`, `update_by`, `update_time`) VALUES (28, 3, 'create_by', '创建人', 'varchar(64)', 'String', 'createBy', '0', '0', '0', '0', NULL, NULL, NULL, 'EQ', 'input', '', 5, 'admin', '2024-10-23 21:29:26', '', '2024-10-23 21:36:13');
INSERT INTO `gen_table_column` (`column_id`, `table_id`, `column_name`, `column_comment`, `column_type`, `java_type`, `java_field`, `is_pk`, `is_increment`, `is_required`, `is_insert`, `is_edit`, `is_list`, `is_query`, `query_type`, `html_type`, `dict_type`, `sort`, `create_by`, `create_time`, `update_by`, `update_time`) VALUES (29, 3, 'update_by', '修改人', 'varchar(64)', 'String', 'updateBy', '0', '0', '0', '0', '0', NULL, NULL, 'EQ', 'input', '', 6, 'admin', '2024-10-23 21:29:26', '', '2024-10-23 21:36:13');
INSERT INTO `gen_table_column` (`column_id`, `table_id`, `column_name`, `column_comment`, `column_type`, `java_type`, `java_field`, `is_pk`, `is_increment`, `is_required`, `is_insert`, `is_edit`, `is_list`, `is_query`, `query_type`, `html_type`, `dict_type`, `sort`, `create_by`, `create_time`, `update_by`, `update_time`) VALUES (30, 3, 'remark', '备注', 'text', 'String', 'remark', '0', '0', '0', '1', '1', '1', NULL, 'EQ', 'textarea', '', 7, 'admin', '2024-10-23 21:29:26', '', '2024-10-23 21:36:13');
INSERT INTO `gen_table_column` (`column_id`, `table_id`, `column_name`, `column_comment`, `column_type`, `java_type`, `java_field`, `is_pk`, `is_increment`, `is_required`, `is_insert`, `is_edit`, `is_list`, `is_query`, `query_type`, `html_type`, `dict_type`, `sort`, `create_by`, `create_time`, `update_by`, `update_time`) VALUES (31, 4, 'role_id', NULL, 'int', 'Long', 'roleId', '1', '1', '0', '1', NULL, NULL, NULL, 'EQ', 'input', '', 1, 'admin', '2024-10-27 14:53:15', '', '2024-10-27 14:55:13');
INSERT INTO `gen_table_column` (`column_id`, `table_id`, `column_name`, `column_comment`, `column_type`, `java_type`, `java_field`, `is_pk`, `is_increment`, `is_required`, `is_insert`, `is_edit`, `is_list`, `is_query`, `query_type`, `html_type`, `dict_type`, `sort`, `create_by`, `create_time`, `update_by`, `update_time`) VALUES (32, 4, 'role_code', '角色编码\n', 'varchar(50)', 'String', 'roleCode', '0', '0', '0', '1', '1', '1', '1', 'EQ', 'input', '', 2, 'admin', '2024-10-27 14:53:15', '', '2024-10-27 14:55:13');
INSERT INTO `gen_table_column` (`column_id`, `table_id`, `column_name`, `column_comment`, `column_type`, `java_type`, `java_field`, `is_pk`, `is_increment`, `is_required`, `is_insert`, `is_edit`, `is_list`, `is_query`, `query_type`, `html_type`, `dict_type`, `sort`, `create_by`, `create_time`, `update_by`, `update_time`) VALUES (33, 4, 'role_name', '角色名称\n', 'varchar(50)', 'String', 'roleName', '0', '0', '0', '1', '1', '1', '1', 'LIKE', 'input', '', 3, 'admin', '2024-10-27 14:53:15', '', '2024-10-27 14:55:13');
INSERT INTO `gen_table_column` (`column_id`, `table_id`, `column_name`, `column_comment`, `column_type`, `java_type`, `java_field`, `is_pk`, `is_increment`, `is_required`, `is_insert`, `is_edit`, `is_list`, `is_query`, `query_type`, `html_type`, `dict_type`, `sort`, `create_by`, `create_time`, `update_by`, `update_time`) VALUES (34, 5, 'id', '主键', 'int', 'Long', 'id', '1', '1', '0', '1', NULL, NULL, NULL, 'EQ', 'input', '', 1, 'admin', '2024-10-27 14:53:52', '', '2024-10-27 14:57:38');
INSERT INTO `gen_table_column` (`column_id`, `table_id`, `column_name`, `column_comment`, `column_type`, `java_type`, `java_field`, `is_pk`, `is_increment`, `is_required`, `is_insert`, `is_edit`, `is_list`, `is_query`, `query_type`, `html_type`, `dict_type`, `sort`, `create_by`, `create_time`, `update_by`, `update_time`) VALUES (35, 5, 'user_name', '员工名称', 'varchar(50)', 'String', 'userName', '0', '0', '1', '1', '1', '1', '1', 'LIKE', 'input', '', 2, 'admin', '2024-10-27 14:53:52', '', '2024-10-27 14:57:38');
INSERT INTO `gen_table_column` (`column_id`, `table_id`, `column_name`, `column_comment`, `column_type`, `java_type`, `java_field`, `is_pk`, `is_increment`, `is_required`, `is_insert`, `is_edit`, `is_list`, `is_query`, `query_type`, `html_type`, `dict_type`, `sort`, `create_by`, `create_time`, `update_by`, `update_time`) VALUES (36, 5, 'region_id', '所属区域Id', 'int', 'Long', 'regionId', '0', '0', '1', '1', '1', '1', '1', 'EQ', 'input', '', 3, 'admin', '2024-10-27 14:53:52', '', '2024-10-27 14:57:38');
INSERT INTO `gen_table_column` (`column_id`, `table_id`, `column_name`, `column_comment`, `column_type`, `java_type`, `java_field`, `is_pk`, `is_increment`, `is_required`, `is_insert`, `is_edit`, `is_list`, `is_query`, `query_type`, `html_type`, `dict_type`, `sort`, `create_by`, `create_time`, `update_by`, `update_time`) VALUES (37, 5, 'region_name', '区域名称', 'varchar(50)', 'String', 'regionName', '0', '0', '0', '1', '1', '1', '1', 'LIKE', 'input', '', 4, 'admin', '2024-10-27 14:53:52', '', '2024-10-27 14:57:38');
INSERT INTO `gen_table_column` (`column_id`, `table_id`, `column_name`, `column_comment`, `column_type`, `java_type`, `java_field`, `is_pk`, `is_increment`, `is_required`, `is_insert`, `is_edit`, `is_list`, `is_query`, `query_type`, `html_type`, `dict_type`, `sort`, `create_by`, `create_time`, `update_by`, `update_time`) VALUES (38, 5, 'role_id', '角色id', 'int', 'Long', 'roleId', '0', '0', '1', '1', '1', '1', '1', 'EQ', 'input', '', 5, 'admin', '2024-10-27 14:53:52', '', '2024-10-27 14:57:38');
INSERT INTO `gen_table_column` (`column_id`, `table_id`, `column_name`, `column_comment`, `column_type`, `java_type`, `java_field`, `is_pk`, `is_increment`, `is_required`, `is_insert`, `is_edit`, `is_list`, `is_query`, `query_type`, `html_type`, `dict_type`, `sort`, `create_by`, `create_time`, `update_by`, `update_time`) VALUES (39, 5, 'role_code', '角色编号', 'varchar(10)', 'String', 'roleCode', '0', '0', '0', '1', '1', '1', '1', 'EQ', 'input', '', 6, 'admin', '2024-10-27 14:53:52', '', '2024-10-27 14:57:38');
INSERT INTO `gen_table_column` (`column_id`, `table_id`, `column_name`, `column_comment`, `column_type`, `java_type`, `java_field`, `is_pk`, `is_increment`, `is_required`, `is_insert`, `is_edit`, `is_list`, `is_query`, `query_type`, `html_type`, `dict_type`, `sort`, `create_by`, `create_time`, `update_by`, `update_time`) VALUES (40, 5, 'role_name', '角色名称', 'varchar(50)', 'String', 'roleName', '0', '0', '0', '1', '1', '1', '1', 'LIKE', 'input', '', 7, 'admin', '2024-10-27 14:53:52', '', '2024-10-27 14:57:38');
INSERT INTO `gen_table_column` (`column_id`, `table_id`, `column_name`, `column_comment`, `column_type`, `java_type`, `java_field`, `is_pk`, `is_increment`, `is_required`, `is_insert`, `is_edit`, `is_list`, `is_query`, `query_type`, `html_type`, `dict_type`, `sort`, `create_by`, `create_time`, `update_by`, `update_time`) VALUES (41, 5, 'mobile', '联系电话', 'varchar(15)', 'String', 'mobile', '0', '0', '1', '1', '1', '1', '1', 'EQ', 'input', '', 8, 'admin', '2024-10-27 14:53:52', '', '2024-10-27 14:57:38');
INSERT INTO `gen_table_column` (`column_id`, `table_id`, `column_name`, `column_comment`, `column_type`, `java_type`, `java_field`, `is_pk`, `is_increment`, `is_required`, `is_insert`, `is_edit`, `is_list`, `is_query`, `query_type`, `html_type`, `dict_type`, `sort`, `create_by`, `create_time`, `update_by`, `update_time`) VALUES (42, 5, 'image', '员工头像', 'varchar(500)', 'String', 'image', '0', '0', '1', '1', '1', '1', '1', 'EQ', 'imageUpload', '', 9, 'admin', '2024-10-27 14:53:52', '', '2024-10-27 14:57:38');
INSERT INTO `gen_table_column` (`column_id`, `table_id`, `column_name`, `column_comment`, `column_type`, `java_type`, `java_field`, `is_pk`, `is_increment`, `is_required`, `is_insert`, `is_edit`, `is_list`, `is_query`, `query_type`, `html_type`, `dict_type`, `sort`, `create_by`, `create_time`, `update_by`, `update_time`) VALUES (43, 5, 'status', '是否启用', 'tinyint', 'Long', 'status', '0', '0', '1', '1', '1', '1', '1', 'EQ', 'radio', 'emp_status', 10, 'admin', '2024-10-27 14:53:52', '', '2024-10-27 14:57:38');
INSERT INTO `gen_table_column` (`column_id`, `table_id`, `column_name`, `column_comment`, `column_type`, `java_type`, `java_field`, `is_pk`, `is_increment`, `is_required`, `is_insert`, `is_edit`, `is_list`, `is_query`, `query_type`, `html_type`, `dict_type`, `sort`, `create_by`, `create_time`, `update_by`, `update_time`) VALUES (44, 5, 'create_time', '创建时间', 'timestamp', 'Date', 'createTime', '0', '0', '0', '1', NULL, NULL, NULL, 'EQ', 'datetime', '', 11, 'admin', '2024-10-27 14:53:52', '', '2024-10-27 14:57:38');
INSERT INTO `gen_table_column` (`column_id`, `table_id`, `column_name`, `column_comment`, `column_type`, `java_type`, `java_field`, `is_pk`, `is_increment`, `is_required`, `is_insert`, `is_edit`, `is_list`, `is_query`, `query_type`, `html_type`, `dict_type`, `sort`, `create_by`, `create_time`, `update_by`, `update_time`) VALUES (45, 5, 'update_time', '修改时间', 'timestamp', 'Date', 'updateTime', '0', '0', '0', '1', '1', NULL, NULL, 'EQ', 'datetime', '', 12, 'admin', '2024-10-27 14:53:52', '', '2024-10-27 14:57:38');
INSERT INTO `gen_table_column` (`column_id`, `table_id`, `column_name`, `column_comment`, `column_type`, `java_type`, `java_field`, `is_pk`, `is_increment`, `is_required`, `is_insert`, `is_edit`, `is_list`, `is_query`, `query_type`, `html_type`, `dict_type`, `sort`, `create_by`, `create_time`, `update_by`, `update_time`) VALUES (46, 6, 'id', '主键', 'bigint', 'Long', 'id', '1', '1', '0', '1', NULL, NULL, NULL, 'EQ', 'input', '', 1, 'admin', '2024-10-28 20:56:59', '', '2024-10-28 21:15:20');
INSERT INTO `gen_table_column` (`column_id`, `table_id`, `column_name`, `column_comment`, `column_type`, `java_type`, `java_field`, `is_pk`, `is_increment`, `is_required`, `is_insert`, `is_edit`, `is_list`, `is_query`, `query_type`, `html_type`, `dict_type`, `sort`, `create_by`, `create_time`, `update_by`, `update_time`) VALUES (47, 6, 'inner_code', '设备编号', 'varchar(15)', 'String', 'innerCode', '0', '0', '0', '1', '1', '1', '1', 'EQ', 'input', '', 2, 'admin', '2024-10-28 20:56:59', '', '2024-10-28 21:15:20');
INSERT INTO `gen_table_column` (`column_id`, `table_id`, `column_name`, `column_comment`, `column_type`, `java_type`, `java_field`, `is_pk`, `is_increment`, `is_required`, `is_insert`, `is_edit`, `is_list`, `is_query`, `query_type`, `html_type`, `dict_type`, `sort`, `create_by`, `create_time`, `update_by`, `update_time`) VALUES (48, 6, 'channel_max_capacity', '设备容量', 'int', 'Long', 'channelMaxCapacity', '0', '0', '0', '1', '1', '1', '1', 'EQ', 'input', '', 3, 'admin', '2024-10-28 20:56:59', '', '2024-10-28 21:15:20');
INSERT INTO `gen_table_column` (`column_id`, `table_id`, `column_name`, `column_comment`, `column_type`, `java_type`, `java_field`, `is_pk`, `is_increment`, `is_required`, `is_insert`, `is_edit`, `is_list`, `is_query`, `query_type`, `html_type`, `dict_type`, `sort`, `create_by`, `create_time`, `update_by`, `update_time`) VALUES (49, 6, 'node_id', '点位Id', 'int', 'Long', 'nodeId', '0', '0', '1', '1', '1', '1', '1', 'EQ', 'input', '', 4, 'admin', '2024-10-28 20:56:59', '', '2024-10-28 21:15:20');
INSERT INTO `gen_table_column` (`column_id`, `table_id`, `column_name`, `column_comment`, `column_type`, `java_type`, `java_field`, `is_pk`, `is_increment`, `is_required`, `is_insert`, `is_edit`, `is_list`, `is_query`, `query_type`, `html_type`, `dict_type`, `sort`, `create_by`, `create_time`, `update_by`, `update_time`) VALUES (50, 6, 'addr', '详细地址', 'varchar(100)', 'String', 'addr', '0', '0', '0', '1', '1', '1', '1', 'EQ', 'input', '', 5, 'admin', '2024-10-28 20:56:59', '', '2024-10-28 21:15:20');
INSERT INTO `gen_table_column` (`column_id`, `table_id`, `column_name`, `column_comment`, `column_type`, `java_type`, `java_field`, `is_pk`, `is_increment`, `is_required`, `is_insert`, `is_edit`, `is_list`, `is_query`, `query_type`, `html_type`, `dict_type`, `sort`, `create_by`, `create_time`, `update_by`, `update_time`) VALUES (51, 6, 'last_supply_time', '上次补货时间', 'datetime', 'Date', 'lastSupplyTime', '0', '0', '1', '1', '1', '1', '1', 'EQ', 'datetime', '', 6, 'admin', '2024-10-28 20:56:59', '', '2024-10-28 21:15:20');
INSERT INTO `gen_table_column` (`column_id`, `table_id`, `column_name`, `column_comment`, `column_type`, `java_type`, `java_field`, `is_pk`, `is_increment`, `is_required`, `is_insert`, `is_edit`, `is_list`, `is_query`, `query_type`, `html_type`, `dict_type`, `sort`, `create_by`, `create_time`, `update_by`, `update_time`) VALUES (52, 6, 'business_type', '商圈类型', 'int', 'Long', 'businessType', '0', '0', '1', '1', '1', '1', '1', 'EQ', 'select', 'business_type', 7, 'admin', '2024-10-28 20:56:59', '', '2024-10-28 21:15:20');
INSERT INTO `gen_table_column` (`column_id`, `table_id`, `column_name`, `column_comment`, `column_type`, `java_type`, `java_field`, `is_pk`, `is_increment`, `is_required`, `is_insert`, `is_edit`, `is_list`, `is_query`, `query_type`, `html_type`, `dict_type`, `sort`, `create_by`, `create_time`, `update_by`, `update_time`) VALUES (53, 6, 'region_id', '区域Id', 'int', 'Long', 'regionId', '0', '0', '1', '1', '1', '1', '1', 'EQ', 'input', '', 8, 'admin', '2024-10-28 20:56:59', '', '2024-10-28 21:15:20');
INSERT INTO `gen_table_column` (`column_id`, `table_id`, `column_name`, `column_comment`, `column_type`, `java_type`, `java_field`, `is_pk`, `is_increment`, `is_required`, `is_insert`, `is_edit`, `is_list`, `is_query`, `query_type`, `html_type`, `dict_type`, `sort`, `create_by`, `create_time`, `update_by`, `update_time`) VALUES (54, 6, 'partner_id', '合作商Id', 'int', 'Long', 'partnerId', '0', '0', '1', '1', '1', '1', '1', 'EQ', 'input', '', 9, 'admin', '2024-10-28 20:56:59', '', '2024-10-28 21:15:20');
INSERT INTO `gen_table_column` (`column_id`, `table_id`, `column_name`, `column_comment`, `column_type`, `java_type`, `java_field`, `is_pk`, `is_increment`, `is_required`, `is_insert`, `is_edit`, `is_list`, `is_query`, `query_type`, `html_type`, `dict_type`, `sort`, `create_by`, `create_time`, `update_by`, `update_time`) VALUES (55, 6, 'vm_type_id', '设备型号', 'int', 'Long', 'vmTypeId', '0', '0', '1', '1', '1', '1', '1', 'EQ', 'input', '', 10, 'admin', '2024-10-28 20:56:59', '', '2024-10-28 21:15:20');
INSERT INTO `gen_table_column` (`column_id`, `table_id`, `column_name`, `column_comment`, `column_type`, `java_type`, `java_field`, `is_pk`, `is_increment`, `is_required`, `is_insert`, `is_edit`, `is_list`, `is_query`, `query_type`, `html_type`, `dict_type`, `sort`, `create_by`, `create_time`, `update_by`, `update_time`) VALUES (56, 6, 'vm_status', '设备状态，0:未投放;1-运营;3-撤机', 'int', 'Long', 'vmStatus', '0', '0', '1', '1', '1', '1', '1', 'EQ', 'radio', 'vm_status', 11, 'admin', '2024-10-28 20:56:59', '', '2024-10-28 21:15:20');
INSERT INTO `gen_table_column` (`column_id`, `table_id`, `column_name`, `column_comment`, `column_type`, `java_type`, `java_field`, `is_pk`, `is_increment`, `is_required`, `is_insert`, `is_edit`, `is_list`, `is_query`, `query_type`, `html_type`, `dict_type`, `sort`, `create_by`, `create_time`, `update_by`, `update_time`) VALUES (57, 6, 'running_status', '运行状态', 'varchar(100)', 'String', 'runningStatus', '0', '0', '0', '1', '1', '1', '1', 'EQ', 'radio', '', 12, 'admin', '2024-10-28 20:56:59', '', '2024-10-28 21:15:20');
INSERT INTO `gen_table_column` (`column_id`, `table_id`, `column_name`, `column_comment`, `column_type`, `java_type`, `java_field`, `is_pk`, `is_increment`, `is_required`, `is_insert`, `is_edit`, `is_list`, `is_query`, `query_type`, `html_type`, `dict_type`, `sort`, `create_by`, `create_time`, `update_by`, `update_time`) VALUES (58, 6, 'longitudes', '经度', 'double', 'Long', 'longitudes', '0', '0', '0', '1', '1', '1', '1', 'EQ', 'input', '', 13, 'admin', '2024-10-28 20:56:59', '', '2024-10-28 21:15:20');
INSERT INTO `gen_table_column` (`column_id`, `table_id`, `column_name`, `column_comment`, `column_type`, `java_type`, `java_field`, `is_pk`, `is_increment`, `is_required`, `is_insert`, `is_edit`, `is_list`, `is_query`, `query_type`, `html_type`, `dict_type`, `sort`, `create_by`, `create_time`, `update_by`, `update_time`) VALUES (59, 6, 'latitude', '维度', 'double', 'Long', 'latitude', '0', '0', '0', '1', '1', '1', '1', 'EQ', 'input', '', 14, 'admin', '2024-10-28 20:56:59', '', '2024-10-28 21:15:20');
INSERT INTO `gen_table_column` (`column_id`, `table_id`, `column_name`, `column_comment`, `column_type`, `java_type`, `java_field`, `is_pk`, `is_increment`, `is_required`, `is_insert`, `is_edit`, `is_list`, `is_query`, `query_type`, `html_type`, `dict_type`, `sort`, `create_by`, `create_time`, `update_by`, `update_time`) VALUES (60, 6, 'client_id', '客户端连接Id,做emq认证用', 'varchar(50)', 'String', 'clientId', '0', '0', '0', '1', '1', '1', '1', 'EQ', 'input', '', 15, 'admin', '2024-10-28 20:56:59', '', '2024-10-28 21:15:20');
INSERT INTO `gen_table_column` (`column_id`, `table_id`, `column_name`, `column_comment`, `column_type`, `java_type`, `java_field`, `is_pk`, `is_increment`, `is_required`, `is_insert`, `is_edit`, `is_list`, `is_query`, `query_type`, `html_type`, `dict_type`, `sort`, `create_by`, `create_time`, `update_by`, `update_time`) VALUES (61, 6, 'policy_id', '策略id', 'bigint', 'Long', 'policyId', '0', '0', '0', '1', '1', '1', '1', 'EQ', 'input', '', 16, 'admin', '2024-10-28 20:56:59', '', '2024-10-28 21:15:20');
INSERT INTO `gen_table_column` (`column_id`, `table_id`, `column_name`, `column_comment`, `column_type`, `java_type`, `java_field`, `is_pk`, `is_increment`, `is_required`, `is_insert`, `is_edit`, `is_list`, `is_query`, `query_type`, `html_type`, `dict_type`, `sort`, `create_by`, `create_time`, `update_by`, `update_time`) VALUES (62, 6, 'create_time', '创建时间', 'timestamp', 'Date', 'createTime', '0', '0', '1', '1', NULL, NULL, NULL, 'EQ', 'datetime', '', 17, 'admin', '2024-10-28 20:56:59', '', '2024-10-28 21:15:20');
INSERT INTO `gen_table_column` (`column_id`, `table_id`, `column_name`, `column_comment`, `column_type`, `java_type`, `java_field`, `is_pk`, `is_increment`, `is_required`, `is_insert`, `is_edit`, `is_list`, `is_query`, `query_type`, `html_type`, `dict_type`, `sort`, `create_by`, `create_time`, `update_by`, `update_time`) VALUES (63, 6, 'update_time', '修改时间', 'timestamp', 'Date', 'updateTime', '0', '0', '0', '1', '1', NULL, NULL, 'EQ', 'datetime', '', 18, 'admin', '2024-10-28 20:56:59', '', '2024-10-28 21:15:20');
INSERT INTO `gen_table_column` (`column_id`, `table_id`, `column_name`, `column_comment`, `column_type`, `java_type`, `java_field`, `is_pk`, `is_increment`, `is_required`, `is_insert`, `is_edit`, `is_list`, `is_query`, `query_type`, `html_type`, `dict_type`, `sort`, `create_by`, `create_time`, `update_by`, `update_time`) VALUES (64, 7, 'id', '主键', 'int', 'Long', 'id', '1', '1', '0', '1', NULL, NULL, NULL, 'EQ', 'input', '', 1, 'admin', '2024-10-28 20:57:11', '', '2024-10-28 22:39:13');
INSERT INTO `gen_table_column` (`column_id`, `table_id`, `column_name`, `column_comment`, `column_type`, `java_type`, `java_field`, `is_pk`, `is_increment`, `is_required`, `is_insert`, `is_edit`, `is_list`, `is_query`, `query_type`, `html_type`, `dict_type`, `sort`, `create_by`, `create_time`, `update_by`, `update_time`) VALUES (65, 7, 'name', '型号名称', 'varchar(15)', 'String', 'name', '0', '0', '1', '1', '1', '1', '1', 'LIKE', 'input', '', 2, 'admin', '2024-10-28 20:57:11', '', '2024-10-28 22:39:13');
INSERT INTO `gen_table_column` (`column_id`, `table_id`, `column_name`, `column_comment`, `column_type`, `java_type`, `java_field`, `is_pk`, `is_increment`, `is_required`, `is_insert`, `is_edit`, `is_list`, `is_query`, `query_type`, `html_type`, `dict_type`, `sort`, `create_by`, `create_time`, `update_by`, `update_time`) VALUES (66, 7, 'model', '型号编码', 'varchar(20)', 'String', 'model', '0', '0', '0', '1', '1', '1', '1', 'EQ', 'input', '', 3, 'admin', '2024-10-28 20:57:11', '', '2024-10-28 22:39:13');
INSERT INTO `gen_table_column` (`column_id`, `table_id`, `column_name`, `column_comment`, `column_type`, `java_type`, `java_field`, `is_pk`, `is_increment`, `is_required`, `is_insert`, `is_edit`, `is_list`, `is_query`, `query_type`, `html_type`, `dict_type`, `sort`, `create_by`, `create_time`, `update_by`, `update_time`) VALUES (67, 7, 'image', '设备图片', 'varchar(500)', 'String', 'image', '0', '0', '0', '1', '1', '1', '1', 'EQ', 'imageUpload', '', 4, 'admin', '2024-10-28 20:57:11', '', '2024-10-28 22:39:13');
INSERT INTO `gen_table_column` (`column_id`, `table_id`, `column_name`, `column_comment`, `column_type`, `java_type`, `java_field`, `is_pk`, `is_increment`, `is_required`, `is_insert`, `is_edit`, `is_list`, `is_query`, `query_type`, `html_type`, `dict_type`, `sort`, `create_by`, `create_time`, `update_by`, `update_time`) VALUES (68, 7, 'vm_row', '货道行', 'int', 'Long', 'vmRow', '0', '0', '1', '1', '1', '1', '1', 'EQ', 'input', '', 5, 'admin', '2024-10-28 20:57:11', '', '2024-10-28 22:39:13');
INSERT INTO `gen_table_column` (`column_id`, `table_id`, `column_name`, `column_comment`, `column_type`, `java_type`, `java_field`, `is_pk`, `is_increment`, `is_required`, `is_insert`, `is_edit`, `is_list`, `is_query`, `query_type`, `html_type`, `dict_type`, `sort`, `create_by`, `create_time`, `update_by`, `update_time`) VALUES (69, 7, 'vm_col', '货道列', 'int', 'Long', 'vmCol', '0', '0', '1', '1', '1', '1', '1', 'EQ', 'input', '', 6, 'admin', '2024-10-28 20:57:11', '', '2024-10-28 22:39:13');
INSERT INTO `gen_table_column` (`column_id`, `table_id`, `column_name`, `column_comment`, `column_type`, `java_type`, `java_field`, `is_pk`, `is_increment`, `is_required`, `is_insert`, `is_edit`, `is_list`, `is_query`, `query_type`, `html_type`, `dict_type`, `sort`, `create_by`, `create_time`, `update_by`, `update_time`) VALUES (70, 7, 'channel_max_capacity', '设备容量', 'int', 'Long', 'channelMaxCapacity', '0', '0', '0', '1', '1', '1', '1', 'EQ', 'input', '', 7, 'admin', '2024-10-28 20:57:11', '', '2024-10-28 22:39:13');
INSERT INTO `gen_table_column` (`column_id`, `table_id`, `column_name`, `column_comment`, `column_type`, `java_type`, `java_field`, `is_pk`, `is_increment`, `is_required`, `is_insert`, `is_edit`, `is_list`, `is_query`, `query_type`, `html_type`, `dict_type`, `sort`, `create_by`, `create_time`, `update_by`, `update_time`) VALUES (71, 8, 'id', '主键', 'bigint', 'Long', 'id', '1', '1', '0', '1', NULL, NULL, NULL, 'EQ', 'input', '', 1, 'admin', '2024-10-28 20:57:18', '', '2024-10-28 21:16:05');
INSERT INTO `gen_table_column` (`column_id`, `table_id`, `column_name`, `column_comment`, `column_type`, `java_type`, `java_field`, `is_pk`, `is_increment`, `is_required`, `is_insert`, `is_edit`, `is_list`, `is_query`, `query_type`, `html_type`, `dict_type`, `sort`, `create_by`, `create_time`, `update_by`, `update_time`) VALUES (72, 8, 'channel_code', '货道编号', 'varchar(10)', 'String', 'channelCode', '0', '0', '1', '1', '1', '1', '1', 'EQ', 'input', '', 2, 'admin', '2024-10-28 20:57:18', '', '2024-10-28 21:16:05');
INSERT INTO `gen_table_column` (`column_id`, `table_id`, `column_name`, `column_comment`, `column_type`, `java_type`, `java_field`, `is_pk`, `is_increment`, `is_required`, `is_insert`, `is_edit`, `is_list`, `is_query`, `query_type`, `html_type`, `dict_type`, `sort`, `create_by`, `create_time`, `update_by`, `update_time`) VALUES (73, 8, 'sku_id', '商品Id', 'bigint', 'Long', 'skuId', '0', '0', '0', '1', '1', '1', '1', 'EQ', 'input', '', 3, 'admin', '2024-10-28 20:57:18', '', '2024-10-28 21:16:05');
INSERT INTO `gen_table_column` (`column_id`, `table_id`, `column_name`, `column_comment`, `column_type`, `java_type`, `java_field`, `is_pk`, `is_increment`, `is_required`, `is_insert`, `is_edit`, `is_list`, `is_query`, `query_type`, `html_type`, `dict_type`, `sort`, `create_by`, `create_time`, `update_by`, `update_time`) VALUES (74, 8, 'vm_id', '售货机Id', 'bigint', 'Long', 'vmId', '0', '0', '1', '1', '1', '1', '1', 'EQ', 'input', '', 4, 'admin', '2024-10-28 20:57:18', '', '2024-10-28 21:16:05');
INSERT INTO `gen_table_column` (`column_id`, `table_id`, `column_name`, `column_comment`, `column_type`, `java_type`, `java_field`, `is_pk`, `is_increment`, `is_required`, `is_insert`, `is_edit`, `is_list`, `is_query`, `query_type`, `html_type`, `dict_type`, `sort`, `create_by`, `create_time`, `update_by`, `update_time`) VALUES (75, 8, 'inner_code', '售货机软编号', 'varchar(15)', 'String', 'innerCode', '0', '0', '1', '1', '1', '1', '1', 'EQ', 'input', '', 5, 'admin', '2024-10-28 20:57:18', '', '2024-10-28 21:16:05');
INSERT INTO `gen_table_column` (`column_id`, `table_id`, `column_name`, `column_comment`, `column_type`, `java_type`, `java_field`, `is_pk`, `is_increment`, `is_required`, `is_insert`, `is_edit`, `is_list`, `is_query`, `query_type`, `html_type`, `dict_type`, `sort`, `create_by`, `create_time`, `update_by`, `update_time`) VALUES (76, 8, 'max_capacity', '货道最大容量', 'int', 'Long', 'maxCapacity', '0', '0', '1', '1', '1', '1', '1', 'EQ', 'input', '', 6, 'admin', '2024-10-28 20:57:18', '', '2024-10-28 21:16:05');
INSERT INTO `gen_table_column` (`column_id`, `table_id`, `column_name`, `column_comment`, `column_type`, `java_type`, `java_field`, `is_pk`, `is_increment`, `is_required`, `is_insert`, `is_edit`, `is_list`, `is_query`, `query_type`, `html_type`, `dict_type`, `sort`, `create_by`, `create_time`, `update_by`, `update_time`) VALUES (77, 8, 'current_capacity', '货道当前容量', 'int', 'Long', 'currentCapacity', '0', '0', '0', '1', '1', '1', '1', 'EQ', 'input', '', 7, 'admin', '2024-10-28 20:57:18', '', '2024-10-28 21:16:05');
INSERT INTO `gen_table_column` (`column_id`, `table_id`, `column_name`, `column_comment`, `column_type`, `java_type`, `java_field`, `is_pk`, `is_increment`, `is_required`, `is_insert`, `is_edit`, `is_list`, `is_query`, `query_type`, `html_type`, `dict_type`, `sort`, `create_by`, `create_time`, `update_by`, `update_time`) VALUES (78, 8, 'last_supply_time', '上次补货时间', 'datetime', 'Date', 'lastSupplyTime', '0', '0', '0', '1', '1', '1', '1', 'EQ', 'datetime', '', 8, 'admin', '2024-10-28 20:57:18', '', '2024-10-28 21:16:05');
INSERT INTO `gen_table_column` (`column_id`, `table_id`, `column_name`, `column_comment`, `column_type`, `java_type`, `java_field`, `is_pk`, `is_increment`, `is_required`, `is_insert`, `is_edit`, `is_list`, `is_query`, `query_type`, `html_type`, `dict_type`, `sort`, `create_by`, `create_time`, `update_by`, `update_time`) VALUES (79, 8, 'create_time', '创建时间', 'datetime', 'Date', 'createTime', '0', '0', '0', '1', NULL, NULL, NULL, 'EQ', 'datetime', '', 9, 'admin', '2024-10-28 20:57:18', '', '2024-10-28 21:16:05');
INSERT INTO `gen_table_column` (`column_id`, `table_id`, `column_name`, `column_comment`, `column_type`, `java_type`, `java_field`, `is_pk`, `is_increment`, `is_required`, `is_insert`, `is_edit`, `is_list`, `is_query`, `query_type`, `html_type`, `dict_type`, `sort`, `create_by`, `create_time`, `update_by`, `update_time`) VALUES (80, 8, 'update_time', '修改时间', 'datetime', 'Date', 'updateTime', '0', '0', '0', '1', '1', NULL, NULL, 'EQ', 'datetime', '', 10, 'admin', '2024-10-28 20:57:18', '', '2024-10-28 21:16:05');
INSERT INTO `gen_table_column` (`column_id`, `table_id`, `column_name`, `column_comment`, `column_type`, `java_type`, `java_field`, `is_pk`, `is_increment`, `is_required`, `is_insert`, `is_edit`, `is_list`, `is_query`, `query_type`, `html_type`, `dict_type`, `sort`, `create_by`, `create_time`, `update_by`, `update_time`) VALUES (81, 9, 'policy_id', '策略id', 'bigint', 'Long', 'policyId', '1', '1', '0', '0', NULL, NULL, NULL, 'EQ', 'input', '', 1, 'admin', '2024-10-29 17:46:54', '', '2024-10-29 17:48:40');
INSERT INTO `gen_table_column` (`column_id`, `table_id`, `column_name`, `column_comment`, `column_type`, `java_type`, `java_field`, `is_pk`, `is_increment`, `is_required`, `is_insert`, `is_edit`, `is_list`, `is_query`, `query_type`, `html_type`, `dict_type`, `sort`, `create_by`, `create_time`, `update_by`, `update_time`) VALUES (82, 9, 'policy_name', '策略名称', 'varchar(30)', 'String', 'policyName', '0', '0', '0', '1', '1', '1', '1', 'LIKE', 'input', '', 2, 'admin', '2024-10-29 17:46:54', '', '2024-10-29 17:48:40');
INSERT INTO `gen_table_column` (`column_id`, `table_id`, `column_name`, `column_comment`, `column_type`, `java_type`, `java_field`, `is_pk`, `is_increment`, `is_required`, `is_insert`, `is_edit`, `is_list`, `is_query`, `query_type`, `html_type`, `dict_type`, `sort`, `create_by`, `create_time`, `update_by`, `update_time`) VALUES (83, 9, 'discount', '策略方案，如：80代表8折', 'int', 'Long', 'discount', '0', '0', '0', '1', '1', '1', '1', 'EQ', 'input', '', 3, 'admin', '2024-10-29 17:46:54', '', '2024-10-29 17:48:40');
INSERT INTO `gen_table_column` (`column_id`, `table_id`, `column_name`, `column_comment`, `column_type`, `java_type`, `java_field`, `is_pk`, `is_increment`, `is_required`, `is_insert`, `is_edit`, `is_list`, `is_query`, `query_type`, `html_type`, `dict_type`, `sort`, `create_by`, `create_time`, `update_by`, `update_time`) VALUES (84, 9, 'create_time', '创建时间', 'timestamp', 'Date', 'createTime', '0', '0', '0', '0', NULL, NULL, NULL, 'EQ', 'datetime', '', 4, 'admin', '2024-10-29 17:46:54', '', '2024-10-29 17:48:40');
INSERT INTO `gen_table_column` (`column_id`, `table_id`, `column_name`, `column_comment`, `column_type`, `java_type`, `java_field`, `is_pk`, `is_increment`, `is_required`, `is_insert`, `is_edit`, `is_list`, `is_query`, `query_type`, `html_type`, `dict_type`, `sort`, `create_by`, `create_time`, `update_by`, `update_time`) VALUES (85, 9, 'update_time', '修改时间', 'timestamp', 'Date', 'updateTime', '0', '0', '0', '0', '0', NULL, NULL, 'EQ', 'datetime', '', 5, 'admin', '2024-10-29 17:46:54', '', '2024-10-29 17:48:40');
INSERT INTO `gen_table_column` (`column_id`, `table_id`, `column_name`, `column_comment`, `column_type`, `java_type`, `java_field`, `is_pk`, `is_increment`, `is_required`, `is_insert`, `is_edit`, `is_list`, `is_query`, `query_type`, `html_type`, `dict_type`, `sort`, `create_by`, `create_time`, `update_by`, `update_time`) VALUES (86, 10, 'sku_id', '主键', 'bigint', 'Long', 'skuId', '1', '1', '0', '0', NULL, NULL, NULL, 'EQ', 'input', '', 1, 'admin', '2024-10-31 09:38:28', '', '2024-10-31 09:57:23');
INSERT INTO `gen_table_column` (`column_id`, `table_id`, `column_name`, `column_comment`, `column_type`, `java_type`, `java_field`, `is_pk`, `is_increment`, `is_required`, `is_insert`, `is_edit`, `is_list`, `is_query`, `query_type`, `html_type`, `dict_type`, `sort`, `create_by`, `create_time`, `update_by`, `update_time`) VALUES (87, 10, 'sku_name', '商品名称', 'varchar(50)', 'String', 'skuName', '0', '0', '1', '1', '1', '1', '1', 'LIKE', 'input', '', 2, 'admin', '2024-10-31 09:38:28', '', '2024-10-31 09:57:23');
INSERT INTO `gen_table_column` (`column_id`, `table_id`, `column_name`, `column_comment`, `column_type`, `java_type`, `java_field`, `is_pk`, `is_increment`, `is_required`, `is_insert`, `is_edit`, `is_list`, `is_query`, `query_type`, `html_type`, `dict_type`, `sort`, `create_by`, `create_time`, `update_by`, `update_time`) VALUES (88, 10, 'sku_image', '商品图片', 'varchar(500)', 'String', 'skuImage', '0', '0', '1', '1', '1', '1', '1', 'EQ', 'imageUpload', '', 3, 'admin', '2024-10-31 09:38:28', '', '2024-10-31 09:57:23');
INSERT INTO `gen_table_column` (`column_id`, `table_id`, `column_name`, `column_comment`, `column_type`, `java_type`, `java_field`, `is_pk`, `is_increment`, `is_required`, `is_insert`, `is_edit`, `is_list`, `is_query`, `query_type`, `html_type`, `dict_type`, `sort`, `create_by`, `create_time`, `update_by`, `update_time`) VALUES (89, 10, 'brand_Name', '品牌', 'varchar(50)', 'String', 'brandName', '0', '0', '1', '1', '1', '1', '1', 'LIKE', 'input', '', 4, 'admin', '2024-10-31 09:38:28', '', '2024-10-31 09:57:23');
INSERT INTO `gen_table_column` (`column_id`, `table_id`, `column_name`, `column_comment`, `column_type`, `java_type`, `java_field`, `is_pk`, `is_increment`, `is_required`, `is_insert`, `is_edit`, `is_list`, `is_query`, `query_type`, `html_type`, `dict_type`, `sort`, `create_by`, `create_time`, `update_by`, `update_time`) VALUES (90, 10, 'unit', '规格(净含量)', 'varchar(20)', 'String', 'unit', '0', '0', '0', '1', '1', '1', '1', 'EQ', 'input', '', 5, 'admin', '2024-10-31 09:38:28', '', '2024-10-31 09:57:23');
INSERT INTO `gen_table_column` (`column_id`, `table_id`, `column_name`, `column_comment`, `column_type`, `java_type`, `java_field`, `is_pk`, `is_increment`, `is_required`, `is_insert`, `is_edit`, `is_list`, `is_query`, `query_type`, `html_type`, `dict_type`, `sort`, `create_by`, `create_time`, `update_by`, `update_time`) VALUES (91, 10, 'price', '商品价格，单位分', 'int', 'Long', 'price', '0', '0', '1', '1', '1', '1', '1', 'EQ', 'input', '', 6, 'admin', '2024-10-31 09:38:29', '', '2024-10-31 09:57:23');
INSERT INTO `gen_table_column` (`column_id`, `table_id`, `column_name`, `column_comment`, `column_type`, `java_type`, `java_field`, `is_pk`, `is_increment`, `is_required`, `is_insert`, `is_edit`, `is_list`, `is_query`, `query_type`, `html_type`, `dict_type`, `sort`, `create_by`, `create_time`, `update_by`, `update_time`) VALUES (92, 10, 'class_id', '商品类型Id', 'int', 'Long', 'classId', '0', '0', '1', '1', '1', '1', '1', 'EQ', 'input', '', 7, 'admin', '2024-10-31 09:38:29', '', '2024-10-31 09:57:23');
INSERT INTO `gen_table_column` (`column_id`, `table_id`, `column_name`, `column_comment`, `column_type`, `java_type`, `java_field`, `is_pk`, `is_increment`, `is_required`, `is_insert`, `is_edit`, `is_list`, `is_query`, `query_type`, `html_type`, `dict_type`, `sort`, `create_by`, `create_time`, `update_by`, `update_time`) VALUES (93, 10, 'is_discount', '是否打折促销', 'tinyint(1)', 'Integer', 'isDiscount', '0', '0', '0', '1', '1', '1', '1', 'EQ', 'input', '', 8, 'admin', '2024-10-31 09:38:29', '', '2024-10-31 09:57:23');
INSERT INTO `gen_table_column` (`column_id`, `table_id`, `column_name`, `column_comment`, `column_type`, `java_type`, `java_field`, `is_pk`, `is_increment`, `is_required`, `is_insert`, `is_edit`, `is_list`, `is_query`, `query_type`, `html_type`, `dict_type`, `sort`, `create_by`, `create_time`, `update_by`, `update_time`) VALUES (94, 10, 'create_time', '创建时间', 'timestamp', 'Date', 'createTime', '0', '0', '0', '0', NULL, NULL, NULL, 'EQ', 'datetime', '', 9, 'admin', '2024-10-31 09:38:29', '', '2024-10-31 09:57:23');
INSERT INTO `gen_table_column` (`column_id`, `table_id`, `column_name`, `column_comment`, `column_type`, `java_type`, `java_field`, `is_pk`, `is_increment`, `is_required`, `is_insert`, `is_edit`, `is_list`, `is_query`, `query_type`, `html_type`, `dict_type`, `sort`, `create_by`, `create_time`, `update_by`, `update_time`) VALUES (95, 10, 'update_time', '修改时间', 'timestamp', 'Date', 'updateTime', '0', '0', '0', '0', '0', NULL, NULL, 'EQ', 'datetime', '', 10, 'admin', '2024-10-31 09:38:29', '', '2024-10-31 09:57:23');
INSERT INTO `gen_table_column` (`column_id`, `table_id`, `column_name`, `column_comment`, `column_type`, `java_type`, `java_field`, `is_pk`, `is_increment`, `is_required`, `is_insert`, `is_edit`, `is_list`, `is_query`, `query_type`, `html_type`, `dict_type`, `sort`, `create_by`, `create_time`, `update_by`, `update_time`) VALUES (96, 11, 'class_id', '主键', 'int', 'Long', 'classId', '1', '1', '0', '0', NULL, NULL, NULL, 'EQ', 'input', '', 1, 'admin', '2024-10-31 09:38:29', '', '2024-10-31 09:55:15');
INSERT INTO `gen_table_column` (`column_id`, `table_id`, `column_name`, `column_comment`, `column_type`, `java_type`, `java_field`, `is_pk`, `is_increment`, `is_required`, `is_insert`, `is_edit`, `is_list`, `is_query`, `query_type`, `html_type`, `dict_type`, `sort`, `create_by`, `create_time`, `update_by`, `update_time`) VALUES (97, 11, 'class_name', '类别名称', 'varchar(50)', 'String', 'className', '0', '0', '0', '1', '1', '1', '1', 'LIKE', 'input', '', 2, 'admin', '2024-10-31 09:38:29', '', '2024-10-31 09:55:15');
INSERT INTO `gen_table_column` (`column_id`, `table_id`, `column_name`, `column_comment`, `column_type`, `java_type`, `java_field`, `is_pk`, `is_increment`, `is_required`, `is_insert`, `is_edit`, `is_list`, `is_query`, `query_type`, `html_type`, `dict_type`, `sort`, `create_by`, `create_time`, `update_by`, `update_time`) VALUES (98, 11, 'parent_id', '上级id', 'int', 'Long', 'parentId', '0', '0', '0', '1', '1', '1', '1', 'EQ', 'input', '', 3, 'admin', '2024-10-31 09:38:29', '', '2024-10-31 09:55:15');
COMMIT;

-- ----------------------------
-- Table structure for qrtz_blob_triggers
-- ----------------------------
DROP TABLE IF EXISTS `qrtz_blob_triggers`;
CREATE TABLE `qrtz_blob_triggers` (
  `sched_name` varchar(120) CHARACTER SET utf8mb4 COLLATE utf8mb4_0900_ai_ci NOT NULL COMMENT '调度名称',
  `trigger_name` varchar(200) CHARACTER SET utf8mb4 COLLATE utf8mb4_0900_ai_ci NOT NULL COMMENT 'qrtz_triggers表trigger_name的外键',
  `trigger_group` varchar(200) CHARACTER SET utf8mb4 COLLATE utf8mb4_0900_ai_ci NOT NULL COMMENT 'qrtz_triggers表trigger_group的外键',
  `blob_data` blob COMMENT '存放持久化Trigger对象',
  PRIMARY KEY (`sched_name`,`trigger_name`,`trigger_group`) USING BTREE,
  CONSTRAINT `qrtz_blob_triggers_ibfk_1` FOREIGN KEY (`sched_name`, `trigger_name`, `trigger_group`) REFERENCES `qrtz_triggers` (`sched_name`, `trigger_name`, `trigger_group`) ON DELETE RESTRICT ON UPDATE RESTRICT
) ENGINE=InnoDB DEFAULT CHARSET=utf8mb4 COLLATE=utf8mb4_0900_ai_ci ROW_FORMAT=DYNAMIC COMMENT='Blob类型的触发器表';

-- ----------------------------
-- Records of qrtz_blob_triggers
-- ----------------------------
BEGIN;
COMMIT;

-- ----------------------------
-- Table structure for qrtz_calendars
-- ----------------------------
DROP TABLE IF EXISTS `qrtz_calendars`;
CREATE TABLE `qrtz_calendars` (
  `sched_name` varchar(120) CHARACTER SET utf8mb4 COLLATE utf8mb4_0900_ai_ci NOT NULL COMMENT '调度名称',
  `calendar_name` varchar(200) CHARACTER SET utf8mb4 COLLATE utf8mb4_0900_ai_ci NOT NULL COMMENT '日历名称',
  `calendar` blob NOT NULL COMMENT '存放持久化calendar对象',
  PRIMARY KEY (`sched_name`,`calendar_name`) USING BTREE
) ENGINE=InnoDB DEFAULT CHARSET=utf8mb4 COLLATE=utf8mb4_0900_ai_ci ROW_FORMAT=DYNAMIC COMMENT='日历信息表';

-- ----------------------------
-- Records of qrtz_calendars
-- ----------------------------
BEGIN;
COMMIT;

-- ----------------------------
-- Table structure for qrtz_cron_triggers
-- ----------------------------
DROP TABLE IF EXISTS `qrtz_cron_triggers`;
CREATE TABLE `qrtz_cron_triggers` (
  `sched_name` varchar(120) CHARACTER SET utf8mb4 COLLATE utf8mb4_0900_ai_ci NOT NULL COMMENT '调度名称',
  `trigger_name` varchar(200) CHARACTER SET utf8mb4 COLLATE utf8mb4_0900_ai_ci NOT NULL COMMENT 'qrtz_triggers表trigger_name的外键',
  `trigger_group` varchar(200) CHARACTER SET utf8mb4 COLLATE utf8mb4_0900_ai_ci NOT NULL COMMENT 'qrtz_triggers表trigger_group的外键',
  `cron_expression` varchar(200) CHARACTER SET utf8mb4 COLLATE utf8mb4_0900_ai_ci NOT NULL COMMENT 'cron表达式',
  `time_zone_id` varchar(80) CHARACTER SET utf8mb4 COLLATE utf8mb4_0900_ai_ci DEFAULT NULL COMMENT '时区',
  PRIMARY KEY (`sched_name`,`trigger_name`,`trigger_group`) USING BTREE,
  CONSTRAINT `qrtz_cron_triggers_ibfk_1` FOREIGN KEY (`sched_name`, `trigger_name`, `trigger_group`) REFERENCES `qrtz_triggers` (`sched_name`, `trigger_name`, `trigger_group`) ON DELETE RESTRICT ON UPDATE RESTRICT
) ENGINE=InnoDB DEFAULT CHARSET=utf8mb4 COLLATE=utf8mb4_0900_ai_ci ROW_FORMAT=DYNAMIC COMMENT='Cron类型的触发器表';

-- ----------------------------
-- Records of qrtz_cron_triggers
-- ----------------------------
BEGIN;
COMMIT;

-- ----------------------------
-- Table structure for qrtz_fired_triggers
-- ----------------------------
DROP TABLE IF EXISTS `qrtz_fired_triggers`;
CREATE TABLE `qrtz_fired_triggers` (
  `sched_name` varchar(120) CHARACTER SET utf8mb4 COLLATE utf8mb4_0900_ai_ci NOT NULL COMMENT '调度名称',
  `entry_id` varchar(95) CHARACTER SET utf8mb4 COLLATE utf8mb4_0900_ai_ci NOT NULL COMMENT '调度器实例id',
  `trigger_name` varchar(200) CHARACTER SET utf8mb4 COLLATE utf8mb4_0900_ai_ci NOT NULL COMMENT 'qrtz_triggers表trigger_name的外键',
  `trigger_group` varchar(200) CHARACTER SET utf8mb4 COLLATE utf8mb4_0900_ai_ci NOT NULL COMMENT 'qrtz_triggers表trigger_group的外键',
  `instance_name` varchar(200) CHARACTER SET utf8mb4 COLLATE utf8mb4_0900_ai_ci NOT NULL COMMENT '调度器实例名',
  `fired_time` bigint NOT NULL COMMENT '触发的时间',
  `sched_time` bigint NOT NULL COMMENT '定时器制定的时间',
  `priority` int NOT NULL COMMENT '优先级',
  `state` varchar(16) CHARACTER SET utf8mb4 COLLATE utf8mb4_0900_ai_ci NOT NULL COMMENT '状态',
  `job_name` varchar(200) CHARACTER SET utf8mb4 COLLATE utf8mb4_0900_ai_ci DEFAULT NULL COMMENT '任务名称',
  `job_group` varchar(200) CHARACTER SET utf8mb4 COLLATE utf8mb4_0900_ai_ci DEFAULT NULL COMMENT '任务组名',
  `is_nonconcurrent` varchar(1) CHARACTER SET utf8mb4 COLLATE utf8mb4_0900_ai_ci DEFAULT NULL COMMENT '是否并发',
  `requests_recovery` varchar(1) CHARACTER SET utf8mb4 COLLATE utf8mb4_0900_ai_ci DEFAULT NULL COMMENT '是否接受恢复执行',
  PRIMARY KEY (`sched_name`,`entry_id`) USING BTREE
) ENGINE=InnoDB DEFAULT CHARSET=utf8mb4 COLLATE=utf8mb4_0900_ai_ci ROW_FORMAT=DYNAMIC COMMENT='已触发的触发器表';

-- ----------------------------
-- Records of qrtz_fired_triggers
-- ----------------------------
BEGIN;
COMMIT;

-- ----------------------------
-- Table structure for qrtz_job_details
-- ----------------------------
DROP TABLE IF EXISTS `qrtz_job_details`;
CREATE TABLE `qrtz_job_details` (
  `sched_name` varchar(120) CHARACTER SET utf8mb4 COLLATE utf8mb4_0900_ai_ci NOT NULL COMMENT '调度名称',
  `job_name` varchar(200) CHARACTER SET utf8mb4 COLLATE utf8mb4_0900_ai_ci NOT NULL COMMENT '任务名称',
  `job_group` varchar(200) CHARACTER SET utf8mb4 COLLATE utf8mb4_0900_ai_ci NOT NULL COMMENT '任务组名',
  `description` varchar(250) CHARACTER SET utf8mb4 COLLATE utf8mb4_0900_ai_ci DEFAULT NULL COMMENT '相关介绍',
  `job_class_name` varchar(250) CHARACTER SET utf8mb4 COLLATE utf8mb4_0900_ai_ci NOT NULL COMMENT '执行任务类名称',
  `is_durable` varchar(1) CHARACTER SET utf8mb4 COLLATE utf8mb4_0900_ai_ci NOT NULL COMMENT '是否持久化',
  `is_nonconcurrent` varchar(1) CHARACTER SET utf8mb4 COLLATE utf8mb4_0900_ai_ci NOT NULL COMMENT '是否并发',
  `is_update_data` varchar(1) CHARACTER SET utf8mb4 COLLATE utf8mb4_0900_ai_ci NOT NULL COMMENT '是否更新数据',
  `requests_recovery` varchar(1) CHARACTER SET utf8mb4 COLLATE utf8mb4_0900_ai_ci NOT NULL COMMENT '是否接受恢复执行',
  `job_data` blob COMMENT '存放持久化job对象',
  PRIMARY KEY (`sched_name`,`job_name`,`job_group`) USING BTREE
) ENGINE=InnoDB DEFAULT CHARSET=utf8mb4 COLLATE=utf8mb4_0900_ai_ci ROW_FORMAT=DYNAMIC COMMENT='任务详细信息表';

-- ----------------------------
-- Records of qrtz_job_details
-- ----------------------------
BEGIN;
COMMIT;

-- ----------------------------
-- Table structure for qrtz_locks
-- ----------------------------
DROP TABLE IF EXISTS `qrtz_locks`;
CREATE TABLE `qrtz_locks` (
  `sched_name` varchar(120) CHARACTER SET utf8mb4 COLLATE utf8mb4_0900_ai_ci NOT NULL COMMENT '调度名称',
  `lock_name` varchar(40) CHARACTER SET utf8mb4 COLLATE utf8mb4_0900_ai_ci NOT NULL COMMENT '悲观锁名称',
  PRIMARY KEY (`sched_name`,`lock_name`) USING BTREE
) ENGINE=InnoDB DEFAULT CHARSET=utf8mb4 COLLATE=utf8mb4_0900_ai_ci ROW_FORMAT=DYNAMIC COMMENT='存储的悲观锁信息表';

-- ----------------------------
-- Records of qrtz_locks
-- ----------------------------
BEGIN;
COMMIT;

-- ----------------------------
-- Table structure for qrtz_paused_trigger_grps
-- ----------------------------
DROP TABLE IF EXISTS `qrtz_paused_trigger_grps`;
CREATE TABLE `qrtz_paused_trigger_grps` (
  `sched_name` varchar(120) CHARACTER SET utf8mb4 COLLATE utf8mb4_0900_ai_ci NOT NULL COMMENT '调度名称',
  `trigger_group` varchar(200) CHARACTER SET utf8mb4 COLLATE utf8mb4_0900_ai_ci NOT NULL COMMENT 'qrtz_triggers表trigger_group的外键',
  PRIMARY KEY (`sched_name`,`trigger_group`) USING BTREE
) ENGINE=InnoDB DEFAULT CHARSET=utf8mb4 COLLATE=utf8mb4_0900_ai_ci ROW_FORMAT=DYNAMIC COMMENT='暂停的触发器表';

-- ----------------------------
-- Records of qrtz_paused_trigger_grps
-- ----------------------------
BEGIN;
COMMIT;

-- ----------------------------
-- Table structure for qrtz_scheduler_state
-- ----------------------------
DROP TABLE IF EXISTS `qrtz_scheduler_state`;
CREATE TABLE `qrtz_scheduler_state` (
  `sched_name` varchar(120) CHARACTER SET utf8mb4 COLLATE utf8mb4_0900_ai_ci NOT NULL COMMENT '调度名称',
  `instance_name` varchar(200) CHARACTER SET utf8mb4 COLLATE utf8mb4_0900_ai_ci NOT NULL COMMENT '实例名称',
  `last_checkin_time` bigint NOT NULL COMMENT '上次检查时间',
  `checkin_interval` bigint NOT NULL COMMENT '检查间隔时间',
  PRIMARY KEY (`sched_name`,`instance_name`) USING BTREE
) ENGINE=InnoDB DEFAULT CHARSET=utf8mb4 COLLATE=utf8mb4_0900_ai_ci ROW_FORMAT=DYNAMIC COMMENT='调度器状态表';

-- ----------------------------
-- Records of qrtz_scheduler_state
-- ----------------------------
BEGIN;
COMMIT;

-- ----------------------------
-- Table structure for qrtz_simple_triggers
-- ----------------------------
DROP TABLE IF EXISTS `qrtz_simple_triggers`;
CREATE TABLE `qrtz_simple_triggers` (
  `sched_name` varchar(120) CHARACTER SET utf8mb4 COLLATE utf8mb4_0900_ai_ci NOT NULL COMMENT '调度名称',
  `trigger_name` varchar(200) CHARACTER SET utf8mb4 COLLATE utf8mb4_0900_ai_ci NOT NULL COMMENT 'qrtz_triggers表trigger_name的外键',
  `trigger_group` varchar(200) CHARACTER SET utf8mb4 COLLATE utf8mb4_0900_ai_ci NOT NULL COMMENT 'qrtz_triggers表trigger_group的外键',
  `repeat_count` bigint NOT NULL COMMENT '重复的次数统计',
  `repeat_interval` bigint NOT NULL COMMENT '重复的间隔时间',
  `times_triggered` bigint NOT NULL COMMENT '已经触发的次数',
  PRIMARY KEY (`sched_name`,`trigger_name`,`trigger_group`) USING BTREE,
  CONSTRAINT `qrtz_simple_triggers_ibfk_1` FOREIGN KEY (`sched_name`, `trigger_name`, `trigger_group`) REFERENCES `qrtz_triggers` (`sched_name`, `trigger_name`, `trigger_group`) ON DELETE RESTRICT ON UPDATE RESTRICT
) ENGINE=InnoDB DEFAULT CHARSET=utf8mb4 COLLATE=utf8mb4_0900_ai_ci ROW_FORMAT=DYNAMIC COMMENT='简单触发器的信息表';

-- ----------------------------
-- Records of qrtz_simple_triggers
-- ----------------------------
BEGIN;
COMMIT;

-- ----------------------------
-- Table structure for qrtz_simprop_triggers
-- ----------------------------
DROP TABLE IF EXISTS `qrtz_simprop_triggers`;
CREATE TABLE `qrtz_simprop_triggers` (
  `sched_name` varchar(120) CHARACTER SET utf8mb4 COLLATE utf8mb4_0900_ai_ci NOT NULL COMMENT '调度名称',
  `trigger_name` varchar(200) CHARACTER SET utf8mb4 COLLATE utf8mb4_0900_ai_ci NOT NULL COMMENT 'qrtz_triggers表trigger_name的外键',
  `trigger_group` varchar(200) CHARACTER SET utf8mb4 COLLATE utf8mb4_0900_ai_ci NOT NULL COMMENT 'qrtz_triggers表trigger_group的外键',
  `str_prop_1` varchar(512) CHARACTER SET utf8mb4 COLLATE utf8mb4_0900_ai_ci DEFAULT NULL COMMENT 'String类型的trigger的第一个参数',
  `str_prop_2` varchar(512) CHARACTER SET utf8mb4 COLLATE utf8mb4_0900_ai_ci DEFAULT NULL COMMENT 'String类型的trigger的第二个参数',
  `str_prop_3` varchar(512) CHARACTER SET utf8mb4 COLLATE utf8mb4_0900_ai_ci DEFAULT NULL COMMENT 'String类型的trigger的第三个参数',
  `int_prop_1` int DEFAULT NULL COMMENT 'int类型的trigger的第一个参数',
  `int_prop_2` int DEFAULT NULL COMMENT 'int类型的trigger的第二个参数',
  `long_prop_1` bigint DEFAULT NULL COMMENT 'long类型的trigger的第一个参数',
  `long_prop_2` bigint DEFAULT NULL COMMENT 'long类型的trigger的第二个参数',
  `dec_prop_1` decimal(13,4) DEFAULT NULL COMMENT 'decimal类型的trigger的第一个参数',
  `dec_prop_2` decimal(13,4) DEFAULT NULL COMMENT 'decimal类型的trigger的第二个参数',
  `bool_prop_1` varchar(1) CHARACTER SET utf8mb4 COLLATE utf8mb4_0900_ai_ci DEFAULT NULL COMMENT 'Boolean类型的trigger的第一个参数',
  `bool_prop_2` varchar(1) CHARACTER SET utf8mb4 COLLATE utf8mb4_0900_ai_ci DEFAULT NULL COMMENT 'Boolean类型的trigger的第二个参数',
  PRIMARY KEY (`sched_name`,`trigger_name`,`trigger_group`) USING BTREE,
  CONSTRAINT `qrtz_simprop_triggers_ibfk_1` FOREIGN KEY (`sched_name`, `trigger_name`, `trigger_group`) REFERENCES `qrtz_triggers` (`sched_name`, `trigger_name`, `trigger_group`) ON DELETE RESTRICT ON UPDATE RESTRICT
) ENGINE=InnoDB DEFAULT CHARSET=utf8mb4 COLLATE=utf8mb4_0900_ai_ci ROW_FORMAT=DYNAMIC COMMENT='同步机制的行锁表';

-- ----------------------------
-- Records of qrtz_simprop_triggers
-- ----------------------------
BEGIN;
COMMIT;

-- ----------------------------
-- Table structure for qrtz_triggers
-- ----------------------------
DROP TABLE IF EXISTS `qrtz_triggers`;
CREATE TABLE `qrtz_triggers` (
  `sched_name` varchar(120) CHARACTER SET utf8mb4 COLLATE utf8mb4_0900_ai_ci NOT NULL COMMENT '调度名称',
  `trigger_name` varchar(200) CHARACTER SET utf8mb4 COLLATE utf8mb4_0900_ai_ci NOT NULL COMMENT '触发器的名字',
  `trigger_group` varchar(200) CHARACTER SET utf8mb4 COLLATE utf8mb4_0900_ai_ci NOT NULL COMMENT '触发器所属组的名字',
  `job_name` varchar(200) CHARACTER SET utf8mb4 COLLATE utf8mb4_0900_ai_ci NOT NULL COMMENT 'qrtz_job_details表job_name的外键',
  `job_group` varchar(200) CHARACTER SET utf8mb4 COLLATE utf8mb4_0900_ai_ci NOT NULL COMMENT 'qrtz_job_details表job_group的外键',
  `description` varchar(250) CHARACTER SET utf8mb4 COLLATE utf8mb4_0900_ai_ci DEFAULT NULL COMMENT '相关介绍',
  `next_fire_time` bigint DEFAULT NULL COMMENT '上一次触发时间（毫秒）',
  `prev_fire_time` bigint DEFAULT NULL COMMENT '下一次触发时间（默认为-1表示不触发）',
  `priority` int DEFAULT NULL COMMENT '优先级',
  `trigger_state` varchar(16) CHARACTER SET utf8mb4 COLLATE utf8mb4_0900_ai_ci NOT NULL COMMENT '触发器状态',
  `trigger_type` varchar(8) CHARACTER SET utf8mb4 COLLATE utf8mb4_0900_ai_ci NOT NULL COMMENT '触发器的类型',
  `start_time` bigint NOT NULL COMMENT '开始时间',
  `end_time` bigint DEFAULT NULL COMMENT '结束时间',
  `calendar_name` varchar(200) CHARACTER SET utf8mb4 COLLATE utf8mb4_0900_ai_ci DEFAULT NULL COMMENT '日程表名称',
  `misfire_instr` smallint DEFAULT NULL COMMENT '补偿执行的策略',
  `job_data` blob COMMENT '存放持久化job对象',
  PRIMARY KEY (`sched_name`,`trigger_name`,`trigger_group`) USING BTREE,
  KEY `sched_name` (`sched_name`,`job_name`,`job_group`) USING BTREE,
  CONSTRAINT `qrtz_triggers_ibfk_1` FOREIGN KEY (`sched_name`, `job_name`, `job_group`) REFERENCES `qrtz_job_details` (`sched_name`, `job_name`, `job_group`) ON DELETE RESTRICT ON UPDATE RESTRICT
) ENGINE=InnoDB DEFAULT CHARSET=utf8mb4 COLLATE=utf8mb4_0900_ai_ci ROW_FORMAT=DYNAMIC COMMENT='触发器详细信息表';

-- ----------------------------
-- Records of qrtz_triggers
-- ----------------------------
BEGIN;
COMMIT;

-- ----------------------------
-- Table structure for sys_config
-- ----------------------------
DROP TABLE IF EXISTS `sys_config`;
CREATE TABLE `sys_config` (
  `config_id` int NOT NULL AUTO_INCREMENT COMMENT '参数主键',
  `config_name` varchar(100) CHARACTER SET utf8mb4 COLLATE utf8mb4_0900_ai_ci DEFAULT '' COMMENT '参数名称',
  `config_key` varchar(100) CHARACTER SET utf8mb4 COLLATE utf8mb4_0900_ai_ci DEFAULT '' COMMENT '参数键名',
  `config_value` varchar(500) CHARACTER SET utf8mb4 COLLATE utf8mb4_0900_ai_ci DEFAULT '' COMMENT '参数键值',
  `config_type` char(1) CHARACTER SET utf8mb4 COLLATE utf8mb4_0900_ai_ci DEFAULT 'N' COMMENT '系统内置（Y是 N否）',
  `create_by` varchar(64) CHARACTER SET utf8mb4 COLLATE utf8mb4_0900_ai_ci DEFAULT '' COMMENT '创建者',
  `create_time` datetime DEFAULT NULL COMMENT '创建时间',
  `update_by` varchar(64) CHARACTER SET utf8mb4 COLLATE utf8mb4_0900_ai_ci DEFAULT '' COMMENT '更新者',
  `update_time` datetime DEFAULT NULL COMMENT '更新时间',
  `remark` varchar(500) CHARACTER SET utf8mb4 COLLATE utf8mb4_0900_ai_ci DEFAULT NULL COMMENT '备注',
  PRIMARY KEY (`config_id`) USING BTREE
) ENGINE=InnoDB AUTO_INCREMENT=100 DEFAULT CHARSET=utf8mb4 COLLATE=utf8mb4_0900_ai_ci ROW_FORMAT=DYNAMIC COMMENT='参数配置表';

-- ----------------------------
-- Records of sys_config
-- ----------------------------
BEGIN;
INSERT INTO `sys_config` (`config_id`, `config_name`, `config_key`, `config_value`, `config_type`, `create_by`, `create_time`, `update_by`, `update_time`, `remark`) VALUES (1, '主框架页-默认皮肤样式名称', 'sys.index.skinName', 'skin-blue', 'Y', 'admin', '2024-10-23 20:28:39', '', NULL, '蓝色 skin-blue、绿色 skin-green、紫色 skin-purple、红色 skin-red、黄色 skin-yellow');
INSERT INTO `sys_config` (`config_id`, `config_name`, `config_key`, `config_value`, `config_type`, `create_by`, `create_time`, `update_by`, `update_time`, `remark`) VALUES (2, '用户管理-账号初始密码', 'sys.user.initPassword', '123456', 'Y', 'admin', '2024-10-23 20:28:39', '', NULL, '初始化密码 123456');
INSERT INTO `sys_config` (`config_id`, `config_name`, `config_key`, `config_value`, `config_type`, `create_by`, `create_time`, `update_by`, `update_time`, `remark`) VALUES (3, '主框架页-侧边栏主题', 'sys.index.sideTheme', 'theme-dark', 'Y', 'admin', '2024-10-23 20:28:39', '', NULL, '深色主题theme-dark，浅色主题theme-light');
INSERT INTO `sys_config` (`config_id`, `config_name`, `config_key`, `config_value`, `config_type`, `create_by`, `create_time`, `update_by`, `update_time`, `remark`) VALUES (4, '账号自助-验证码开关', 'sys.account.captchaEnabled', 'true', 'Y', 'admin', '2024-10-23 20:28:39', '', NULL, '是否开启验证码功能（true开启，false关闭）');
INSERT INTO `sys_config` (`config_id`, `config_name`, `config_key`, `config_value`, `config_type`, `create_by`, `create_time`, `update_by`, `update_time`, `remark`) VALUES (5, '账号自助-是否开启用户注册功能', 'sys.account.registerUser', 'true', 'Y', 'admin', '2024-10-23 20:28:39', 'admin', '2024-10-30 14:01:10', '是否开启注册用户功能（true开启，false关闭）');
INSERT INTO `sys_config` (`config_id`, `config_name`, `config_key`, `config_value`, `config_type`, `create_by`, `create_time`, `update_by`, `update_time`, `remark`) VALUES (6, '用户登录-黑名单列表', 'sys.login.blackIPList', '', 'Y', 'admin', '2024-10-23 20:28:39', '', NULL, '设置登录IP黑名单限制，多个匹配项以;分隔，支持匹配（*通配、网段）');
COMMIT;

-- ----------------------------
-- Table structure for sys_dept
-- ----------------------------
DROP TABLE IF EXISTS `sys_dept`;
CREATE TABLE `sys_dept` (
  `dept_id` bigint NOT NULL AUTO_INCREMENT COMMENT '部门id',
  `parent_id` bigint DEFAULT '0' COMMENT '父部门id',
  `ancestors` varchar(50) CHARACTER SET utf8mb4 COLLATE utf8mb4_0900_ai_ci DEFAULT '' COMMENT '祖级列表',
  `dept_name` varchar(30) CHARACTER SET utf8mb4 COLLATE utf8mb4_0900_ai_ci DEFAULT '' COMMENT '部门名称',
  `order_num` int DEFAULT '0' COMMENT '显示顺序',
  `leader` varchar(20) CHARACTER SET utf8mb4 COLLATE utf8mb4_0900_ai_ci DEFAULT NULL COMMENT '负责人',
  `phone` varchar(11) CHARACTER SET utf8mb4 COLLATE utf8mb4_0900_ai_ci DEFAULT NULL COMMENT '联系电话',
  `email` varchar(50) CHARACTER SET utf8mb4 COLLATE utf8mb4_0900_ai_ci DEFAULT NULL COMMENT '邮箱',
  `status` char(1) CHARACTER SET utf8mb4 COLLATE utf8mb4_0900_ai_ci DEFAULT '0' COMMENT '部门状态（0正常 1停用）',
  `del_flag` char(1) CHARACTER SET utf8mb4 COLLATE utf8mb4_0900_ai_ci DEFAULT '0' COMMENT '删除标志（0代表存在 2代表删除）',
  `create_by` varchar(64) CHARACTER SET utf8mb4 COLLATE utf8mb4_0900_ai_ci DEFAULT '' COMMENT '创建者',
  `create_time` datetime DEFAULT NULL COMMENT '创建时间',
  `update_by` varchar(64) CHARACTER SET utf8mb4 COLLATE utf8mb4_0900_ai_ci DEFAULT '' COMMENT '更新者',
  `update_time` datetime DEFAULT NULL COMMENT '更新时间',
  PRIMARY KEY (`dept_id`) USING BTREE
) ENGINE=InnoDB AUTO_INCREMENT=200 DEFAULT CHARSET=utf8mb4 COLLATE=utf8mb4_0900_ai_ci ROW_FORMAT=DYNAMIC COMMENT='部门表';

-- ----------------------------
-- Records of sys_dept
-- ----------------------------
BEGIN;
INSERT INTO `sys_dept` (`dept_id`, `parent_id`, `ancestors`, `dept_name`, `order_num`, `leader`, `phone`, `email`, `status`, `del_flag`, `create_by`, `create_time`, `update_by`, `update_time`) VALUES (100, 0, '0', '若依科技', 0, '若依', '15888888888', 'ry@qq.com', '0', '0', 'admin', '2024-10-23 20:28:38', '', NULL);
INSERT INTO `sys_dept` (`dept_id`, `parent_id`, `ancestors`, `dept_name`, `order_num`, `leader`, `phone`, `email`, `status`, `del_flag`, `create_by`, `create_time`, `update_by`, `update_time`) VALUES (101, 100, '0,100', '深圳总公司', 1, '若依', '15888888888', 'ry@qq.com', '0', '0', 'admin', '2024-10-23 20:28:38', '', NULL);
INSERT INTO `sys_dept` (`dept_id`, `parent_id`, `ancestors`, `dept_name`, `order_num`, `leader`, `phone`, `email`, `status`, `del_flag`, `create_by`, `create_time`, `update_by`, `update_time`) VALUES (102, 100, '0,100', '长沙分公司', 2, '若依', '15888888888', 'ry@qq.com', '0', '0', 'admin', '2024-10-23 20:28:38', '', NULL);
INSERT INTO `sys_dept` (`dept_id`, `parent_id`, `ancestors`, `dept_name`, `order_num`, `leader`, `phone`, `email`, `status`, `del_flag`, `create_by`, `create_time`, `update_by`, `update_time`) VALUES (103, 101, '0,100,101', '研发部门', 1, '若依', '15888888888', 'ry@qq.com', '0', '0', 'admin', '2024-10-23 20:28:38', '', NULL);
INSERT INTO `sys_dept` (`dept_id`, `parent_id`, `ancestors`, `dept_name`, `order_num`, `leader`, `phone`, `email`, `status`, `del_flag`, `create_by`, `create_time`, `update_by`, `update_time`) VALUES (104, 101, '0,100,101', '市场部门', 2, '若依', '15888888888', 'ry@qq.com', '0', '0', 'admin', '2024-10-23 20:28:38', '', NULL);
INSERT INTO `sys_dept` (`dept_id`, `parent_id`, `ancestors`, `dept_name`, `order_num`, `leader`, `phone`, `email`, `status`, `del_flag`, `create_by`, `create_time`, `update_by`, `update_time`) VALUES (105, 101, '0,100,101', '测试部门', 3, '若依', '15888888888', 'ry@qq.com', '0', '0', 'admin', '2024-10-23 20:28:38', '', NULL);
INSERT INTO `sys_dept` (`dept_id`, `parent_id`, `ancestors`, `dept_name`, `order_num`, `leader`, `phone`, `email`, `status`, `del_flag`, `create_by`, `create_time`, `update_by`, `update_time`) VALUES (106, 101, '0,100,101', '财务部门', 4, '若依', '15888888888', 'ry@qq.com', '0', '0', 'admin', '2024-10-23 20:28:38', '', NULL);
INSERT INTO `sys_dept` (`dept_id`, `parent_id`, `ancestors`, `dept_name`, `order_num`, `leader`, `phone`, `email`, `status`, `del_flag`, `create_by`, `create_time`, `update_by`, `update_time`) VALUES (107, 101, '0,100,101', '运维部门', 5, '若依', '15888888888', 'ry@qq.com', '0', '0', 'admin', '2024-10-23 20:28:38', '', NULL);
INSERT INTO `sys_dept` (`dept_id`, `parent_id`, `ancestors`, `dept_name`, `order_num`, `leader`, `phone`, `email`, `status`, `del_flag`, `create_by`, `create_time`, `update_by`, `update_time`) VALUES (108, 102, '0,100,102', '市场部门', 1, '若依', '15888888888', 'ry@qq.com', '0', '0', 'admin', '2024-10-23 20:28:38', '', NULL);
INSERT INTO `sys_dept` (`dept_id`, `parent_id`, `ancestors`, `dept_name`, `order_num`, `leader`, `phone`, `email`, `status`, `del_flag`, `create_by`, `create_time`, `update_by`, `update_time`) VALUES (109, 102, '0,100,102', '财务部门', 2, '若依', '15888888888', 'ry@qq.com', '0', '0', 'admin', '2024-10-23 20:28:38', '', NULL);
COMMIT;

-- ----------------------------
-- Table structure for sys_dict_data
-- ----------------------------
DROP TABLE IF EXISTS `sys_dict_data`;
CREATE TABLE `sys_dict_data` (
  `dict_code` bigint NOT NULL AUTO_INCREMENT COMMENT '字典编码',
  `dict_sort` int DEFAULT '0' COMMENT '字典排序',
  `dict_label` varchar(100) CHARACTER SET utf8mb4 COLLATE utf8mb4_0900_ai_ci DEFAULT '' COMMENT '字典标签',
  `dict_value` varchar(100) CHARACTER SET utf8mb4 COLLATE utf8mb4_0900_ai_ci DEFAULT '' COMMENT '字典键值',
  `dict_type` varchar(100) CHARACTER SET utf8mb4 COLLATE utf8mb4_0900_ai_ci DEFAULT '' COMMENT '字典类型',
  `css_class` varchar(100) CHARACTER SET utf8mb4 COLLATE utf8mb4_0900_ai_ci DEFAULT NULL COMMENT '样式属性（其他样式扩展）',
  `list_class` varchar(100) CHARACTER SET utf8mb4 COLLATE utf8mb4_0900_ai_ci DEFAULT NULL COMMENT '表格回显样式',
  `is_default` char(1) CHARACTER SET utf8mb4 COLLATE utf8mb4_0900_ai_ci DEFAULT 'N' COMMENT '是否默认（Y是 N否）',
  `status` char(1) CHARACTER SET utf8mb4 COLLATE utf8mb4_0900_ai_ci DEFAULT '0' COMMENT '状态（0正常 1停用）',
  `create_by` varchar(64) CHARACTER SET utf8mb4 COLLATE utf8mb4_0900_ai_ci DEFAULT '' COMMENT '创建者',
  `create_time` datetime DEFAULT NULL COMMENT '创建时间',
  `update_by` varchar(64) CHARACTER SET utf8mb4 COLLATE utf8mb4_0900_ai_ci DEFAULT '' COMMENT '更新者',
  `update_time` datetime DEFAULT NULL COMMENT '更新时间',
  `remark` varchar(500) CHARACTER SET utf8mb4 COLLATE utf8mb4_0900_ai_ci DEFAULT NULL COMMENT '备注',
  PRIMARY KEY (`dict_code`) USING BTREE
) ENGINE=InnoDB AUTO_INCREMENT=109 DEFAULT CHARSET=utf8mb4 COLLATE=utf8mb4_0900_ai_ci ROW_FORMAT=DYNAMIC COMMENT='字典数据表';

-- ----------------------------
-- Records of sys_dict_data
-- ----------------------------
BEGIN;
INSERT INTO `sys_dict_data` (`dict_code`, `dict_sort`, `dict_label`, `dict_value`, `dict_type`, `css_class`, `list_class`, `is_default`, `status`, `create_by`, `create_time`, `update_by`, `update_time`, `remark`) VALUES (1, 1, '男', '0', 'sys_user_sex', '', '', 'Y', '0', 'admin', '2024-10-23 20:28:39', '', NULL, '性别男');
INSERT INTO `sys_dict_data` (`dict_code`, `dict_sort`, `dict_label`, `dict_value`, `dict_type`, `css_class`, `list_class`, `is_default`, `status`, `create_by`, `create_time`, `update_by`, `update_time`, `remark`) VALUES (2, 2, '女', '1', 'sys_user_sex', '', '', 'N', '0', 'admin', '2024-10-23 20:28:39', '', NULL, '性别女');
INSERT INTO `sys_dict_data` (`dict_code`, `dict_sort`, `dict_label`, `dict_value`, `dict_type`, `css_class`, `list_class`, `is_default`, `status`, `create_by`, `create_time`, `update_by`, `update_time`, `remark`) VALUES (3, 3, '未知', '2', 'sys_user_sex', '', '', 'N', '0', 'admin', '2024-10-23 20:28:39', '', NULL, '性别未知');
INSERT INTO `sys_dict_data` (`dict_code`, `dict_sort`, `dict_label`, `dict_value`, `dict_type`, `css_class`, `list_class`, `is_default`, `status`, `create_by`, `create_time`, `update_by`, `update_time`, `remark`) VALUES (4, 1, '显示', '0', 'sys_show_hide', '', 'primary', 'Y', '0', 'admin', '2024-10-23 20:28:39', '', NULL, '显示菜单');
INSERT INTO `sys_dict_data` (`dict_code`, `dict_sort`, `dict_label`, `dict_value`, `dict_type`, `css_class`, `list_class`, `is_default`, `status`, `create_by`, `create_time`, `update_by`, `update_time`, `remark`) VALUES (5, 2, '隐藏', '1', 'sys_show_hide', '', 'danger', 'N', '0', 'admin', '2024-10-23 20:28:39', '', NULL, '隐藏菜单');
INSERT INTO `sys_dict_data` (`dict_code`, `dict_sort`, `dict_label`, `dict_value`, `dict_type`, `css_class`, `list_class`, `is_default`, `status`, `create_by`, `create_time`, `update_by`, `update_time`, `remark`) VALUES (6, 1, '正常', '0', 'sys_normal_disable', '', 'primary', 'Y', '0', 'admin', '2024-10-23 20:28:39', '', NULL, '正常状态');
INSERT INTO `sys_dict_data` (`dict_code`, `dict_sort`, `dict_label`, `dict_value`, `dict_type`, `css_class`, `list_class`, `is_default`, `status`, `create_by`, `create_time`, `update_by`, `update_time`, `remark`) VALUES (7, 2, '停用', '1', 'sys_normal_disable', '', 'danger', 'N', '0', 'admin', '2024-10-23 20:28:39', '', NULL, '停用状态');
INSERT INTO `sys_dict_data` (`dict_code`, `dict_sort`, `dict_label`, `dict_value`, `dict_type`, `css_class`, `list_class`, `is_default`, `status`, `create_by`, `create_time`, `update_by`, `update_time`, `remark`) VALUES (8, 1, '正常', '0', 'sys_job_status', '', 'primary', 'Y', '0', 'admin', '2024-10-23 20:28:39', '', NULL, '正常状态');
INSERT INTO `sys_dict_data` (`dict_code`, `dict_sort`, `dict_label`, `dict_value`, `dict_type`, `css_class`, `list_class`, `is_default`, `status`, `create_by`, `create_time`, `update_by`, `update_time`, `remark`) VALUES (9, 2, '暂停', '1', 'sys_job_status', '', 'danger', 'N', '0', 'admin', '2024-10-23 20:28:39', '', NULL, '停用状态');
INSERT INTO `sys_dict_data` (`dict_code`, `dict_sort`, `dict_label`, `dict_value`, `dict_type`, `css_class`, `list_class`, `is_default`, `status`, `create_by`, `create_time`, `update_by`, `update_time`, `remark`) VALUES (10, 1, '默认', 'DEFAULT', 'sys_job_group', '', '', 'Y', '0', 'admin', '2024-10-23 20:28:39', '', NULL, '默认分组');
INSERT INTO `sys_dict_data` (`dict_code`, `dict_sort`, `dict_label`, `dict_value`, `dict_type`, `css_class`, `list_class`, `is_default`, `status`, `create_by`, `create_time`, `update_by`, `update_time`, `remark`) VALUES (11, 2, '系统', 'SYSTEM', 'sys_job_group', '', '', 'N', '0', 'admin', '2024-10-23 20:28:39', '', NULL, '系统分组');
INSERT INTO `sys_dict_data` (`dict_code`, `dict_sort`, `dict_label`, `dict_value`, `dict_type`, `css_class`, `list_class`, `is_default`, `status`, `create_by`, `create_time`, `update_by`, `update_time`, `remark`) VALUES (12, 1, '是', 'Y', 'sys_yes_no', '', 'primary', 'Y', '0', 'admin', '2024-10-23 20:28:39', '', NULL, '系统默认是');
INSERT INTO `sys_dict_data` (`dict_code`, `dict_sort`, `dict_label`, `dict_value`, `dict_type`, `css_class`, `list_class`, `is_default`, `status`, `create_by`, `create_time`, `update_by`, `update_time`, `remark`) VALUES (13, 2, '否', 'N', 'sys_yes_no', '', 'danger', 'N', '0', 'admin', '2024-10-23 20:28:39', '', NULL, '系统默认否');
INSERT INTO `sys_dict_data` (`dict_code`, `dict_sort`, `dict_label`, `dict_value`, `dict_type`, `css_class`, `list_class`, `is_default`, `status`, `create_by`, `create_time`, `update_by`, `update_time`, `remark`) VALUES (14, 1, '通知', '1', 'sys_notice_type', '', 'warning', 'Y', '0', 'admin', '2024-10-23 20:28:39', '', NULL, '通知');
INSERT INTO `sys_dict_data` (`dict_code`, `dict_sort`, `dict_label`, `dict_value`, `dict_type`, `css_class`, `list_class`, `is_default`, `status`, `create_by`, `create_time`, `update_by`, `update_time`, `remark`) VALUES (15, 2, '公告', '2', 'sys_notice_type', '', 'success', 'N', '0', 'admin', '2024-10-23 20:28:39', '', NULL, '公告');
INSERT INTO `sys_dict_data` (`dict_code`, `dict_sort`, `dict_label`, `dict_value`, `dict_type`, `css_class`, `list_class`, `is_default`, `status`, `create_by`, `create_time`, `update_by`, `update_time`, `remark`) VALUES (16, 1, '正常', '0', 'sys_notice_status', '', 'primary', 'Y', '0', 'admin', '2024-10-23 20:28:39', '', NULL, '正常状态');
INSERT INTO `sys_dict_data` (`dict_code`, `dict_sort`, `dict_label`, `dict_value`, `dict_type`, `css_class`, `list_class`, `is_default`, `status`, `create_by`, `create_time`, `update_by`, `update_time`, `remark`) VALUES (17, 2, '关闭', '1', 'sys_notice_status', '', 'danger', 'N', '0', 'admin', '2024-10-23 20:28:39', '', NULL, '关闭状态');
INSERT INTO `sys_dict_data` (`dict_code`, `dict_sort`, `dict_label`, `dict_value`, `dict_type`, `css_class`, `list_class`, `is_default`, `status`, `create_by`, `create_time`, `update_by`, `update_time`, `remark`) VALUES (18, 99, '其他', '0', 'sys_oper_type', '', 'info', 'N', '0', 'admin', '2024-10-23 20:28:39', '', NULL, '其他操作');
INSERT INTO `sys_dict_data` (`dict_code`, `dict_sort`, `dict_label`, `dict_value`, `dict_type`, `css_class`, `list_class`, `is_default`, `status`, `create_by`, `create_time`, `update_by`, `update_time`, `remark`) VALUES (19, 1, '新增', '1', 'sys_oper_type', '', 'info', 'N', '0', 'admin', '2024-10-23 20:28:39', '', NULL, '新增操作');
INSERT INTO `sys_dict_data` (`dict_code`, `dict_sort`, `dict_label`, `dict_value`, `dict_type`, `css_class`, `list_class`, `is_default`, `status`, `create_by`, `create_time`, `update_by`, `update_time`, `remark`) VALUES (20, 2, '修改', '2', 'sys_oper_type', '', 'info', 'N', '0', 'admin', '2024-10-23 20:28:39', '', NULL, '修改操作');
INSERT INTO `sys_dict_data` (`dict_code`, `dict_sort`, `dict_label`, `dict_value`, `dict_type`, `css_class`, `list_class`, `is_default`, `status`, `create_by`, `create_time`, `update_by`, `update_time`, `remark`) VALUES (21, 3, '删除', '3', 'sys_oper_type', '', 'danger', 'N', '0', 'admin', '2024-10-23 20:28:39', '', NULL, '删除操作');
INSERT INTO `sys_dict_data` (`dict_code`, `dict_sort`, `dict_label`, `dict_value`, `dict_type`, `css_class`, `list_class`, `is_default`, `status`, `create_by`, `create_time`, `update_by`, `update_time`, `remark`) VALUES (22, 4, '授权', '4', 'sys_oper_type', '', 'primary', 'N', '0', 'admin', '2024-10-23 20:28:39', '', NULL, '授权操作');
INSERT INTO `sys_dict_data` (`dict_code`, `dict_sort`, `dict_label`, `dict_value`, `dict_type`, `css_class`, `list_class`, `is_default`, `status`, `create_by`, `create_time`, `update_by`, `update_time`, `remark`) VALUES (23, 5, '导出', '5', 'sys_oper_type', '', 'warning', 'N', '0', 'admin', '2024-10-23 20:28:39', '', NULL, '导出操作');
INSERT INTO `sys_dict_data` (`dict_code`, `dict_sort`, `dict_label`, `dict_value`, `dict_type`, `css_class`, `list_class`, `is_default`, `status`, `create_by`, `create_time`, `update_by`, `update_time`, `remark`) VALUES (24, 6, '导入', '6', 'sys_oper_type', '', 'warning', 'N', '0', 'admin', '2024-10-23 20:28:39', '', NULL, '导入操作');
INSERT INTO `sys_dict_data` (`dict_code`, `dict_sort`, `dict_label`, `dict_value`, `dict_type`, `css_class`, `list_class`, `is_default`, `status`, `create_by`, `create_time`, `update_by`, `update_time`, `remark`) VALUES (25, 7, '强退', '7', 'sys_oper_type', '', 'danger', 'N', '0', 'admin', '2024-10-23 20:28:39', '', NULL, '强退操作');
INSERT INTO `sys_dict_data` (`dict_code`, `dict_sort`, `dict_label`, `dict_value`, `dict_type`, `css_class`, `list_class`, `is_default`, `status`, `create_by`, `create_time`, `update_by`, `update_time`, `remark`) VALUES (26, 8, '生成代码', '8', 'sys_oper_type', '', 'warning', 'N', '0', 'admin', '2024-10-23 20:28:39', '', NULL, '生成操作');
INSERT INTO `sys_dict_data` (`dict_code`, `dict_sort`, `dict_label`, `dict_value`, `dict_type`, `css_class`, `list_class`, `is_default`, `status`, `create_by`, `create_time`, `update_by`, `update_time`, `remark`) VALUES (27, 9, '清空数据', '9', 'sys_oper_type', '', 'danger', 'N', '0', 'admin', '2024-10-23 20:28:39', '', NULL, '清空操作');
INSERT INTO `sys_dict_data` (`dict_code`, `dict_sort`, `dict_label`, `dict_value`, `dict_type`, `css_class`, `list_class`, `is_default`, `status`, `create_by`, `create_time`, `update_by`, `update_time`, `remark`) VALUES (28, 1, '成功', '0', 'sys_common_status', '', 'primary', 'N', '0', 'admin', '2024-10-23 20:28:39', '', NULL, '正常状态');
INSERT INTO `sys_dict_data` (`dict_code`, `dict_sort`, `dict_label`, `dict_value`, `dict_type`, `css_class`, `list_class`, `is_default`, `status`, `create_by`, `create_time`, `update_by`, `update_time`, `remark`) VALUES (29, 2, '失败', '1', 'sys_common_status', '', 'danger', 'N', '0', 'admin', '2024-10-23 20:28:39', '', NULL, '停用状态');
INSERT INTO `sys_dict_data` (`dict_code`, `dict_sort`, `dict_label`, `dict_value`, `dict_type`, `css_class`, `list_class`, `is_default`, `status`, `create_by`, `create_time`, `update_by`, `update_time`, `remark`) VALUES (100, 1, '旅游区', '1', 'business_type', NULL, 'default', 'N', '0', 'admin', '2024-10-23 21:24:33', '', NULL, NULL);
INSERT INTO `sys_dict_data` (`dict_code`, `dict_sort`, `dict_label`, `dict_value`, `dict_type`, `css_class`, `list_class`, `is_default`, `status`, `create_by`, `create_time`, `update_by`, `update_time`, `remark`) VALUES (101, 2, '写字楼', '2', 'business_type', NULL, 'default', 'N', '0', 'admin', '2024-10-23 21:24:52', '', NULL, NULL);
INSERT INTO `sys_dict_data` (`dict_code`, `dict_sort`, `dict_label`, `dict_value`, `dict_type`, `css_class`, `list_class`, `is_default`, `status`, `create_by`, `create_time`, `update_by`, `update_time`, `remark`) VALUES (102, 3, '学校', '3', 'business_type', NULL, 'default', 'N', '0', 'admin', '2024-10-23 21:24:52', '', NULL, NULL);
INSERT INTO `sys_dict_data` (`dict_code`, `dict_sort`, `dict_label`, `dict_value`, `dict_type`, `css_class`, `list_class`, `is_default`, `status`, `create_by`, `create_time`, `update_by`, `update_time`, `remark`) VALUES (103, 4, '交通枢纽', '4', 'business_type', NULL, 'default', 'N', '0', 'admin', '2024-10-23 21:24:52', '', NULL, NULL);
INSERT INTO `sys_dict_data` (`dict_code`, `dict_sort`, `dict_label`, `dict_value`, `dict_type`, `css_class`, `list_class`, `is_default`, `status`, `create_by`, `create_time`, `update_by`, `update_time`, `remark`) VALUES (104, 0, '离职', '0', 'emp_status', NULL, 'default', 'N', '0', 'admin', '2024-10-27 14:47:14', 'admin', '2024-10-27 14:47:33', NULL);
INSERT INTO `sys_dict_data` (`dict_code`, `dict_sort`, `dict_label`, `dict_value`, `dict_type`, `css_class`, `list_class`, `is_default`, `status`, `create_by`, `create_time`, `update_by`, `update_time`, `remark`) VALUES (105, 1, '在职', '1', 'emp_status', NULL, 'default', 'N', '0', 'admin', '2024-10-27 14:47:26', 'admin', '2024-10-27 14:47:40', NULL);
INSERT INTO `sys_dict_data` (`dict_code`, `dict_sort`, `dict_label`, `dict_value`, `dict_type`, `css_class`, `list_class`, `is_default`, `status`, `create_by`, `create_time`, `update_by`, `update_time`, `remark`) VALUES (106, 0, '未投放', '0', 'vm_status', NULL, 'default', 'N', '0', 'admin', '2024-10-28 20:45:44', '', NULL, NULL);
INSERT INTO `sys_dict_data` (`dict_code`, `dict_sort`, `dict_label`, `dict_value`, `dict_type`, `css_class`, `list_class`, `is_default`, `status`, `create_by`, `create_time`, `update_by`, `update_time`, `remark`) VALUES (107, 1, '运营', '1', 'vm_status', NULL, 'default', 'N', '0', 'admin', '2024-10-28 20:45:57', '', NULL, NULL);
INSERT INTO `sys_dict_data` (`dict_code`, `dict_sort`, `dict_label`, `dict_value`, `dict_type`, `css_class`, `list_class`, `is_default`, `status`, `create_by`, `create_time`, `update_by`, `update_time`, `remark`) VALUES (108, 2, '撤机', '3', 'vm_status', NULL, 'default', 'N', '0', 'admin', '2024-10-28 20:46:08', '', NULL, NULL);
COMMIT;

-- ----------------------------
-- Table structure for sys_dict_type
-- ----------------------------
DROP TABLE IF EXISTS `sys_dict_type`;
CREATE TABLE `sys_dict_type` (
  `dict_id` bigint NOT NULL AUTO_INCREMENT COMMENT '字典主键',
  `dict_name` varchar(100) CHARACTER SET utf8mb4 COLLATE utf8mb4_0900_ai_ci DEFAULT '' COMMENT '字典名称',
  `dict_type` varchar(100) CHARACTER SET utf8mb4 COLLATE utf8mb4_0900_ai_ci DEFAULT '' COMMENT '字典类型',
  `status` char(1) CHARACTER SET utf8mb4 COLLATE utf8mb4_0900_ai_ci DEFAULT '0' COMMENT '状态（0正常 1停用）',
  `create_by` varchar(64) CHARACTER SET utf8mb4 COLLATE utf8mb4_0900_ai_ci DEFAULT '' COMMENT '创建者',
  `create_time` datetime DEFAULT NULL COMMENT '创建时间',
  `update_by` varchar(64) CHARACTER SET utf8mb4 COLLATE utf8mb4_0900_ai_ci DEFAULT '' COMMENT '更新者',
  `update_time` datetime DEFAULT NULL COMMENT '更新时间',
  `remark` varchar(500) CHARACTER SET utf8mb4 COLLATE utf8mb4_0900_ai_ci DEFAULT NULL COMMENT '备注',
  PRIMARY KEY (`dict_id`) USING BTREE,
  UNIQUE KEY `dict_type` (`dict_type`) USING BTREE
) ENGINE=InnoDB AUTO_INCREMENT=103 DEFAULT CHARSET=utf8mb4 COLLATE=utf8mb4_0900_ai_ci ROW_FORMAT=DYNAMIC COMMENT='字典类型表';

-- ----------------------------
-- Records of sys_dict_type
-- ----------------------------
BEGIN;
INSERT INTO `sys_dict_type` (`dict_id`, `dict_name`, `dict_type`, `status`, `create_by`, `create_time`, `update_by`, `update_time`, `remark`) VALUES (1, '用户性别', 'sys_user_sex', '0', 'admin', '2024-10-23 20:28:39', '', NULL, '用户性别列表');
INSERT INTO `sys_dict_type` (`dict_id`, `dict_name`, `dict_type`, `status`, `create_by`, `create_time`, `update_by`, `update_time`, `remark`) VALUES (2, '菜单状态', 'sys_show_hide', '0', 'admin', '2024-10-23 20:28:39', '', NULL, '菜单状态列表');
INSERT INTO `sys_dict_type` (`dict_id`, `dict_name`, `dict_type`, `status`, `create_by`, `create_time`, `update_by`, `update_time`, `remark`) VALUES (3, '系统开关', 'sys_normal_disable', '0', 'admin', '2024-10-23 20:28:39', '', NULL, '系统开关列表');
INSERT INTO `sys_dict_type` (`dict_id`, `dict_name`, `dict_type`, `status`, `create_by`, `create_time`, `update_by`, `update_time`, `remark`) VALUES (4, '任务状态', 'sys_job_status', '0', 'admin', '2024-10-23 20:28:39', '', NULL, '任务状态列表');
INSERT INTO `sys_dict_type` (`dict_id`, `dict_name`, `dict_type`, `status`, `create_by`, `create_time`, `update_by`, `update_time`, `remark`) VALUES (5, '任务分组', 'sys_job_group', '0', 'admin', '2024-10-23 20:28:39', '', NULL, '任务分组列表');
INSERT INTO `sys_dict_type` (`dict_id`, `dict_name`, `dict_type`, `status`, `create_by`, `create_time`, `update_by`, `update_time`, `remark`) VALUES (6, '系统是否', 'sys_yes_no', '0', 'admin', '2024-10-23 20:28:39', '', NULL, '系统是否列表');
INSERT INTO `sys_dict_type` (`dict_id`, `dict_name`, `dict_type`, `status`, `create_by`, `create_time`, `update_by`, `update_time`, `remark`) VALUES (7, '通知类型', 'sys_notice_type', '0', 'admin', '2024-10-23 20:28:39', '', NULL, '通知类型列表');
INSERT INTO `sys_dict_type` (`dict_id`, `dict_name`, `dict_type`, `status`, `create_by`, `create_time`, `update_by`, `update_time`, `remark`) VALUES (8, '通知状态', 'sys_notice_status', '0', 'admin', '2024-10-23 20:28:39', '', NULL, '通知状态列表');
INSERT INTO `sys_dict_type` (`dict_id`, `dict_name`, `dict_type`, `status`, `create_by`, `create_time`, `update_by`, `update_time`, `remark`) VALUES (9, '操作类型', 'sys_oper_type', '0', 'admin', '2024-10-23 20:28:39', '', NULL, '操作类型列表');
INSERT INTO `sys_dict_type` (`dict_id`, `dict_name`, `dict_type`, `status`, `create_by`, `create_time`, `update_by`, `update_time`, `remark`) VALUES (10, '系统状态', 'sys_common_status', '0', 'admin', '2024-10-23 20:28:39', '', NULL, '登录状态列表');
INSERT INTO `sys_dict_type` (`dict_id`, `dict_name`, `dict_type`, `status`, `create_by`, `create_time`, `update_by`, `update_time`, `remark`) VALUES (100, '商圈类型', 'business_type', '0', 'admin', '2024-10-23 21:23:18', '', NULL, '商圈类型');
INSERT INTO `sys_dict_type` (`dict_id`, `dict_name`, `dict_type`, `status`, `create_by`, `create_time`, `update_by`, `update_time`, `remark`) VALUES (101, '员工状态', 'emp_status', '0', 'admin', '2024-10-27 14:46:47', '', NULL, NULL);
INSERT INTO `sys_dict_type` (`dict_id`, `dict_name`, `dict_type`, `status`, `create_by`, `create_time`, `update_by`, `update_time`, `remark`) VALUES (102, '售货机状态', 'vm_status', '0', 'admin', '2024-10-28 20:44:18', '', NULL, NULL);
COMMIT;

-- ----------------------------
-- Table structure for sys_job
-- ----------------------------
DROP TABLE IF EXISTS `sys_job`;
CREATE TABLE `sys_job` (
  `job_id` bigint NOT NULL AUTO_INCREMENT COMMENT '任务ID',
  `job_name` varchar(64) CHARACTER SET utf8mb4 COLLATE utf8mb4_0900_ai_ci NOT NULL DEFAULT '' COMMENT '任务名称',
  `job_group` varchar(64) CHARACTER SET utf8mb4 COLLATE utf8mb4_0900_ai_ci NOT NULL DEFAULT 'DEFAULT' COMMENT '任务组名',
  `invoke_target` varchar(500) CHARACTER SET utf8mb4 COLLATE utf8mb4_0900_ai_ci NOT NULL COMMENT '调用目标字符串',
  `cron_expression` varchar(255) CHARACTER SET utf8mb4 COLLATE utf8mb4_0900_ai_ci DEFAULT '' COMMENT 'cron执行表达式',
  `misfire_policy` varchar(20) CHARACTER SET utf8mb4 COLLATE utf8mb4_0900_ai_ci DEFAULT '3' COMMENT '计划执行错误策略（1立即执行 2执行一次 3放弃执行）',
  `concurrent` char(1) CHARACTER SET utf8mb4 COLLATE utf8mb4_0900_ai_ci DEFAULT '1' COMMENT '是否并发执行（0允许 1禁止）',
  `status` char(1) CHARACTER SET utf8mb4 COLLATE utf8mb4_0900_ai_ci DEFAULT '0' COMMENT '状态（0正常 1暂停）',
  `create_by` varchar(64) CHARACTER SET utf8mb4 COLLATE utf8mb4_0900_ai_ci DEFAULT '' COMMENT '创建者',
  `create_time` datetime DEFAULT NULL COMMENT '创建时间',
  `update_by` varchar(64) CHARACTER SET utf8mb4 COLLATE utf8mb4_0900_ai_ci DEFAULT '' COMMENT '更新者',
  `update_time` datetime DEFAULT NULL COMMENT '更新时间',
  `remark` varchar(500) CHARACTER SET utf8mb4 COLLATE utf8mb4_0900_ai_ci DEFAULT '' COMMENT '备注信息',
  PRIMARY KEY (`job_id`,`job_name`,`job_group`) USING BTREE
) ENGINE=InnoDB AUTO_INCREMENT=100 DEFAULT CHARSET=utf8mb4 COLLATE=utf8mb4_0900_ai_ci ROW_FORMAT=DYNAMIC COMMENT='定时任务调度表';

-- ----------------------------
-- Records of sys_job
-- ----------------------------
BEGIN;
INSERT INTO `sys_job` (`job_id`, `job_name`, `job_group`, `invoke_target`, `cron_expression`, `misfire_policy`, `concurrent`, `status`, `create_by`, `create_time`, `update_by`, `update_time`, `remark`) VALUES (1, '系统默认（无参）', 'DEFAULT', 'ryTask.ryNoParams', '0/10 * * * * ?', '3', '1', '1', 'admin', '2024-10-23 20:28:39', '', NULL, '');
INSERT INTO `sys_job` (`job_id`, `job_name`, `job_group`, `invoke_target`, `cron_expression`, `misfire_policy`, `concurrent`, `status`, `create_by`, `create_time`, `update_by`, `update_time`, `remark`) VALUES (2, '系统默认（有参）', 'DEFAULT', 'ryTask.ryParams(\'ry\')', '0/15 * * * * ?', '3', '1', '1', 'admin', '2024-10-23 20:28:39', '', NULL, '');
INSERT INTO `sys_job` (`job_id`, `job_name`, `job_group`, `invoke_target`, `cron_expression`, `misfire_policy`, `concurrent`, `status`, `create_by`, `create_time`, `update_by`, `update_time`, `remark`) VALUES (3, '系统默认（多参）', 'DEFAULT', 'ryTask.ryMultipleParams(\'ry\', true, 2000L, 316.50D, 100)', '0/20 * * * * ?', '3', '1', '1', 'admin', '2024-10-23 20:28:39', '', NULL, '');
COMMIT;

-- ----------------------------
-- Table structure for sys_job_log
-- ----------------------------
DROP TABLE IF EXISTS `sys_job_log`;
CREATE TABLE `sys_job_log` (
  `job_log_id` bigint NOT NULL AUTO_INCREMENT COMMENT '任务日志ID',
  `job_name` varchar(64) CHARACTER SET utf8mb4 COLLATE utf8mb4_0900_ai_ci NOT NULL COMMENT '任务名称',
  `job_group` varchar(64) CHARACTER SET utf8mb4 COLLATE utf8mb4_0900_ai_ci NOT NULL COMMENT '任务组名',
  `invoke_target` varchar(500) CHARACTER SET utf8mb4 COLLATE utf8mb4_0900_ai_ci NOT NULL COMMENT '调用目标字符串',
  `job_message` varchar(500) CHARACTER SET utf8mb4 COLLATE utf8mb4_0900_ai_ci DEFAULT NULL COMMENT '日志信息',
  `status` char(1) CHARACTER SET utf8mb4 COLLATE utf8mb4_0900_ai_ci DEFAULT '0' COMMENT '执行状态（0正常 1失败）',
  `exception_info` varchar(2000) CHARACTER SET utf8mb4 COLLATE utf8mb4_0900_ai_ci DEFAULT '' COMMENT '异常信息',
  `create_time` datetime DEFAULT NULL COMMENT '创建时间',
  PRIMARY KEY (`job_log_id`) USING BTREE
) ENGINE=InnoDB DEFAULT CHARSET=utf8mb4 COLLATE=utf8mb4_0900_ai_ci ROW_FORMAT=DYNAMIC COMMENT='定时任务调度日志表';

-- ----------------------------
-- Records of sys_job_log
-- ----------------------------
BEGIN;
COMMIT;

-- ----------------------------
-- Table structure for sys_logininfor
-- ----------------------------
DROP TABLE IF EXISTS `sys_logininfor`;
CREATE TABLE `sys_logininfor` (
  `info_id` bigint NOT NULL AUTO_INCREMENT COMMENT '访问ID',
  `user_name` varchar(50) CHARACTER SET utf8mb4 COLLATE utf8mb4_0900_ai_ci DEFAULT '' COMMENT '用户账号',
  `ipaddr` varchar(128) CHARACTER SET utf8mb4 COLLATE utf8mb4_0900_ai_ci DEFAULT '' COMMENT '登录IP地址',
  `login_location` varchar(255) CHARACTER SET utf8mb4 COLLATE utf8mb4_0900_ai_ci DEFAULT '' COMMENT '登录地点',
  `browser` varchar(50) CHARACTER SET utf8mb4 COLLATE utf8mb4_0900_ai_ci DEFAULT '' COMMENT '浏览器类型',
  `os` varchar(50) CHARACTER SET utf8mb4 COLLATE utf8mb4_0900_ai_ci DEFAULT '' COMMENT '操作系统',
  `status` char(1) CHARACTER SET utf8mb4 COLLATE utf8mb4_0900_ai_ci DEFAULT '0' COMMENT '登录状态（0成功 1失败）',
  `msg` varchar(255) CHARACTER SET utf8mb4 COLLATE utf8mb4_0900_ai_ci DEFAULT '' COMMENT '提示消息',
  `login_time` datetime DEFAULT NULL COMMENT '访问时间',
  PRIMARY KEY (`info_id`) USING BTREE,
  KEY `idx_sys_logininfor_s` (`status`) USING BTREE,
  KEY `idx_sys_logininfor_lt` (`login_time`) USING BTREE
) ENGINE=InnoDB AUTO_INCREMENT=144 DEFAULT CHARSET=utf8mb4 COLLATE=utf8mb4_0900_ai_ci ROW_FORMAT=DYNAMIC COMMENT='系统访问记录';

-- ----------------------------
-- Records of sys_logininfor
-- ----------------------------
BEGIN;
INSERT INTO `sys_logininfor` (`info_id`, `user_name`, `ipaddr`, `login_location`, `browser`, `os`, `status`, `msg`, `login_time`) VALUES (100, 'admin', '127.0.0.1', '内网IP', 'Chrome 13', 'Windows 10', '0', '登录成功', '2024-10-23 20:56:59');
INSERT INTO `sys_logininfor` (`info_id`, `user_name`, `ipaddr`, `login_location`, `browser`, `os`, `status`, `msg`, `login_time`) VALUES (101, 'admin', '127.0.0.1', '内网IP', 'Chrome 13', 'Windows 10', '0', '登录成功', '2024-10-24 07:52:04');
INSERT INTO `sys_logininfor` (`info_id`, `user_name`, `ipaddr`, `login_location`, `browser`, `os`, `status`, `msg`, `login_time`) VALUES (102, 'admin', '127.0.0.1', '内网IP', 'Chrome 13', 'Windows 10', '0', '登录成功', '2024-10-24 22:58:32');
INSERT INTO `sys_logininfor` (`info_id`, `user_name`, `ipaddr`, `login_location`, `browser`, `os`, `status`, `msg`, `login_time`) VALUES (103, 'admin', '127.0.0.1', '内网IP', 'Chrome 13', 'Windows 10', '0', '登录成功', '2024-10-26 11:19:25');
INSERT INTO `sys_logininfor` (`info_id`, `user_name`, `ipaddr`, `login_location`, `browser`, `os`, `status`, `msg`, `login_time`) VALUES (104, 'admin', '127.0.0.1', '内网IP', 'Chrome 13', 'Windows 10', '0', '退出成功', '2024-10-26 11:22:24');
INSERT INTO `sys_logininfor` (`info_id`, `user_name`, `ipaddr`, `login_location`, `browser`, `os`, `status`, `msg`, `login_time`) VALUES (105, 'admin', '127.0.0.1', '内网IP', 'Chrome 13', 'Windows 10', '1', '验证码错误', '2024-10-26 11:22:26');
INSERT INTO `sys_logininfor` (`info_id`, `user_name`, `ipaddr`, `login_location`, `browser`, `os`, `status`, `msg`, `login_time`) VALUES (106, 'admin', '127.0.0.1', '内网IP', 'Chrome 13', 'Windows 10', '0', '登录成功', '2024-10-26 11:22:29');
INSERT INTO `sys_logininfor` (`info_id`, `user_name`, `ipaddr`, `login_location`, `browser`, `os`, `status`, `msg`, `login_time`) VALUES (107, 'admin', '127.0.0.1', '内网IP', 'Chrome 13', 'Windows 10', '0', '退出成功', '2024-10-26 11:23:31');
INSERT INTO `sys_logininfor` (`info_id`, `user_name`, `ipaddr`, `login_location`, `browser`, `os`, `status`, `msg`, `login_time`) VALUES (108, 'admin', '127.0.0.1', '内网IP', 'Chrome 13', 'Windows 10', '0', '登录成功', '2024-10-26 11:23:36');
INSERT INTO `sys_logininfor` (`info_id`, `user_name`, `ipaddr`, `login_location`, `browser`, `os`, `status`, `msg`, `login_time`) VALUES (109, 'admin', '127.0.0.1', '内网IP', 'Chrome 13', 'Windows 10', '0', '登录成功', '2024-10-26 12:48:15');
INSERT INTO `sys_logininfor` (`info_id`, `user_name`, `ipaddr`, `login_location`, `browser`, `os`, `status`, `msg`, `login_time`) VALUES (110, 'admin', '127.0.0.1', '内网IP', 'Chrome 13', 'Windows 10', '0', '登录成功', '2024-10-26 15:24:18');
INSERT INTO `sys_logininfor` (`info_id`, `user_name`, `ipaddr`, `login_location`, `browser`, `os`, `status`, `msg`, `login_time`) VALUES (111, 'admin', '127.0.0.1', '内网IP', 'Chrome 13', 'Windows 10', '0', '登录成功', '2024-10-26 17:29:54');
INSERT INTO `sys_logininfor` (`info_id`, `user_name`, `ipaddr`, `login_location`, `browser`, `os`, `status`, `msg`, `login_time`) VALUES (112, 'admin', '127.0.0.1', '内网IP', 'Chrome 13', 'Windows 10', '0', '登录成功', '2024-10-26 18:20:49');
INSERT INTO `sys_logininfor` (`info_id`, `user_name`, `ipaddr`, `login_location`, `browser`, `os`, `status`, `msg`, `login_time`) VALUES (113, 'admin', '127.0.0.1', '内网IP', 'Chrome 13', 'Windows 10', '0', '登录成功', '2024-10-26 20:01:08');
INSERT INTO `sys_logininfor` (`info_id`, `user_name`, `ipaddr`, `login_location`, `browser`, `os`, `status`, `msg`, `login_time`) VALUES (114, 'admin', '127.0.0.1', '内网IP', 'Chrome 13', 'Windows 10', '0', '登录成功', '2024-10-27 14:44:09');
INSERT INTO `sys_logininfor` (`info_id`, `user_name`, `ipaddr`, `login_location`, `browser`, `os`, `status`, `msg`, `login_time`) VALUES (115, 'admin', '127.0.0.1', '内网IP', 'Chrome 13', 'Windows 10', '0', '登录成功', '2024-10-27 15:37:55');
INSERT INTO `sys_logininfor` (`info_id`, `user_name`, `ipaddr`, `login_location`, `browser`, `os`, `status`, `msg`, `login_time`) VALUES (116, 'admin', '127.0.0.1', '内网IP', 'Chrome 13', 'Windows 10', '0', '登录成功', '2024-10-27 17:54:07');
INSERT INTO `sys_logininfor` (`info_id`, `user_name`, `ipaddr`, `login_location`, `browser`, `os`, `status`, `msg`, `login_time`) VALUES (117, 'admin', '127.0.0.1', '内网IP', 'Chrome 13', 'Windows 10', '0', '登录成功', '2024-10-28 20:41:22');
INSERT INTO `sys_logininfor` (`info_id`, `user_name`, `ipaddr`, `login_location`, `browser`, `os`, `status`, `msg`, `login_time`) VALUES (118, 'admin', '127.0.0.1', '内网IP', 'Chrome 13', 'Windows 10', '0', '登录成功', '2024-10-28 21:13:47');
INSERT INTO `sys_logininfor` (`info_id`, `user_name`, `ipaddr`, `login_location`, `browser`, `os`, `status`, `msg`, `login_time`) VALUES (119, 'admin', '127.0.0.1', '内网IP', 'Chrome 13', 'Windows 10', '0', '登录成功', '2024-10-28 22:22:23');
INSERT INTO `sys_logininfor` (`info_id`, `user_name`, `ipaddr`, `login_location`, `browser`, `os`, `status`, `msg`, `login_time`) VALUES (120, 'admin', '127.0.0.1', '内网IP', 'Chrome 13', 'Windows 10', '0', '登录成功', '2024-10-28 22:30:20');
INSERT INTO `sys_logininfor` (`info_id`, `user_name`, `ipaddr`, `login_location`, `browser`, `os`, `status`, `msg`, `login_time`) VALUES (121, 'admin', '127.0.0.1', '内网IP', 'Chrome 13', 'Windows 10', '0', '退出成功', '2024-10-28 22:50:31');
INSERT INTO `sys_logininfor` (`info_id`, `user_name`, `ipaddr`, `login_location`, `browser`, `os`, `status`, `msg`, `login_time`) VALUES (122, 'admin', '127.0.0.1', '内网IP', 'Chrome 13', 'Windows 10', '0', '登录成功', '2024-10-28 22:50:33');
INSERT INTO `sys_logininfor` (`info_id`, `user_name`, `ipaddr`, `login_location`, `browser`, `os`, `status`, `msg`, `login_time`) VALUES (123, 'admin', '127.0.0.1', '内网IP', 'Chrome 13', 'Windows 10', '0', '退出成功', '2024-10-28 22:53:41');
INSERT INTO `sys_logininfor` (`info_id`, `user_name`, `ipaddr`, `login_location`, `browser`, `os`, `status`, `msg`, `login_time`) VALUES (124, 'admin', '127.0.0.1', '内网IP', 'Chrome 13', 'Windows 10', '0', '登录成功', '2024-10-28 22:53:43');
INSERT INTO `sys_logininfor` (`info_id`, `user_name`, `ipaddr`, `login_location`, `browser`, `os`, `status`, `msg`, `login_time`) VALUES (125, 'admin', '127.0.0.1', '内网IP', 'Chrome 13', 'Windows 10', '0', '登录成功', '2024-10-28 23:38:50');
INSERT INTO `sys_logininfor` (`info_id`, `user_name`, `ipaddr`, `login_location`, `browser`, `os`, `status`, `msg`, `login_time`) VALUES (126, 'admin', '127.0.0.1', '内网IP', 'Chrome 13', 'Windows 10', '0', '登录成功', '2024-10-28 23:49:41');
INSERT INTO `sys_logininfor` (`info_id`, `user_name`, `ipaddr`, `login_location`, `browser`, `os`, `status`, `msg`, `login_time`) VALUES (127, 'admin', '127.0.0.1', '内网IP', 'Chrome 12', 'Mac OS X', '0', '登录成功', '2024-10-29 13:34:49');
INSERT INTO `sys_logininfor` (`info_id`, `user_name`, `ipaddr`, `login_location`, `browser`, `os`, `status`, `msg`, `login_time`) VALUES (128, 'admin', '127.0.0.1', '内网IP', 'Chrome 12', 'Mac OS X', '1', '验证码已失效', '2024-10-29 16:23:49');
INSERT INTO `sys_logininfor` (`info_id`, `user_name`, `ipaddr`, `login_location`, `browser`, `os`, `status`, `msg`, `login_time`) VALUES (129, 'admin', '127.0.0.1', '内网IP', 'Chrome 12', 'Mac OS X', '0', '登录成功', '2024-10-29 16:23:53');
INSERT INTO `sys_logininfor` (`info_id`, `user_name`, `ipaddr`, `login_location`, `browser`, `os`, `status`, `msg`, `login_time`) VALUES (130, 'admin', '127.0.0.1', '内网IP', 'Chrome 12', 'Mac OS X', '1', '验证码已失效', '2024-10-29 17:44:13');
INSERT INTO `sys_logininfor` (`info_id`, `user_name`, `ipaddr`, `login_location`, `browser`, `os`, `status`, `msg`, `login_time`) VALUES (131, 'admin', '127.0.0.1', '内网IP', 'Chrome 12', 'Mac OS X', '0', '登录成功', '2024-10-29 17:44:17');
INSERT INTO `sys_logininfor` (`info_id`, `user_name`, `ipaddr`, `login_location`, `browser`, `os`, `status`, `msg`, `login_time`) VALUES (132, 'admin', '127.0.0.1', '内网IP', 'Chrome 12', 'Mac OS X', '0', '登录成功', '2024-10-30 08:55:22');
INSERT INTO `sys_logininfor` (`info_id`, `user_name`, `ipaddr`, `login_location`, `browser`, `os`, `status`, `msg`, `login_time`) VALUES (133, 'admin', '127.0.0.1', '内网IP', 'Chrome 12', 'Mac OS X', '1', '验证码错误', '2024-10-30 10:29:03');
INSERT INTO `sys_logininfor` (`info_id`, `user_name`, `ipaddr`, `login_location`, `browser`, `os`, `status`, `msg`, `login_time`) VALUES (134, 'admin', '127.0.0.1', '内网IP', 'Chrome 12', 'Mac OS X', '0', '登录成功', '2024-10-30 10:29:07');
INSERT INTO `sys_logininfor` (`info_id`, `user_name`, `ipaddr`, `login_location`, `browser`, `os`, `status`, `msg`, `login_time`) VALUES (135, 'admin', '127.0.0.1', '内网IP', 'Chrome 13', 'Mac OS X', '1', '验证码错误', '2024-10-30 13:08:32');
INSERT INTO `sys_logininfor` (`info_id`, `user_name`, `ipaddr`, `login_location`, `browser`, `os`, `status`, `msg`, `login_time`) VALUES (136, 'admin', '127.0.0.1', '内网IP', 'Chrome 13', 'Mac OS X', '0', '登录成功', '2024-10-30 13:08:35');
INSERT INTO `sys_logininfor` (`info_id`, `user_name`, `ipaddr`, `login_location`, `browser`, `os`, `status`, `msg`, `login_time`) VALUES (137, 'admin', '127.0.0.1', '内网IP', 'Chrome 13', 'Mac OS X', '1', '验证码已失效', '2024-10-30 14:00:45');
INSERT INTO `sys_logininfor` (`info_id`, `user_name`, `ipaddr`, `login_location`, `browser`, `os`, `status`, `msg`, `login_time`) VALUES (138, 'admin', '127.0.0.1', '内网IP', 'Chrome 13', 'Mac OS X', '0', '登录成功', '2024-10-30 14:00:47');
INSERT INTO `sys_logininfor` (`info_id`, `user_name`, `ipaddr`, `login_location`, `browser`, `os`, `status`, `msg`, `login_time`) VALUES (139, 'admin', '127.0.0.1', '内网IP', 'Chrome 13', 'Mac OS X', '0', '退出成功', '2024-10-30 14:01:16');
INSERT INTO `sys_logininfor` (`info_id`, `user_name`, `ipaddr`, `login_location`, `browser`, `os`, `status`, `msg`, `login_time`) VALUES (140, 'admin', '127.0.0.1', '内网IP', 'Chrome 13', 'Mac OS X', '1', '验证码已失效', '2024-10-31 09:37:23');
INSERT INTO `sys_logininfor` (`info_id`, `user_name`, `ipaddr`, `login_location`, `browser`, `os`, `status`, `msg`, `login_time`) VALUES (141, 'admin', '127.0.0.1', '内网IP', 'Chrome 13', 'Mac OS X', '0', '登录成功', '2024-10-31 09:37:27');
INSERT INTO `sys_logininfor` (`info_id`, `user_name`, `ipaddr`, `login_location`, `browser`, `os`, `status`, `msg`, `login_time`) VALUES (142, 'admin', '127.0.0.1', '内网IP', 'Chrome 13', 'Mac OS X', '1', '验证码已失效', '2024-11-01 14:12:27');
INSERT INTO `sys_logininfor` (`info_id`, `user_name`, `ipaddr`, `login_location`, `browser`, `os`, `status`, `msg`, `login_time`) VALUES (143, 'admin', '127.0.0.1', '内网IP', 'Chrome 13', 'Mac OS X', '0', '登录成功', '2024-11-01 14:12:30');
COMMIT;

-- ----------------------------
-- Table structure for sys_menu
-- ----------------------------
DROP TABLE IF EXISTS `sys_menu`;
CREATE TABLE `sys_menu` (
  `menu_id` bigint NOT NULL AUTO_INCREMENT COMMENT '菜单ID',
  `menu_name` varchar(50) CHARACTER SET utf8mb4 COLLATE utf8mb4_0900_ai_ci NOT NULL COMMENT '菜单名称',
  `parent_id` bigint DEFAULT '0' COMMENT '父菜单ID',
  `order_num` int DEFAULT '0' COMMENT '显示顺序',
  `path` varchar(200) CHARACTER SET utf8mb4 COLLATE utf8mb4_0900_ai_ci DEFAULT '' COMMENT '路由地址',
  `component` varchar(255) CHARACTER SET utf8mb4 COLLATE utf8mb4_0900_ai_ci DEFAULT NULL COMMENT '组件路径',
  `query` varchar(255) CHARACTER SET utf8mb4 COLLATE utf8mb4_0900_ai_ci DEFAULT NULL COMMENT '路由参数',
  `is_frame` int DEFAULT '1' COMMENT '是否为外链（0是 1否）',
  `is_cache` int DEFAULT '0' COMMENT '是否缓存（0缓存 1不缓存）',
  `menu_type` char(1) CHARACTER SET utf8mb4 COLLATE utf8mb4_0900_ai_ci DEFAULT '' COMMENT '菜单类型（M目录 C菜单 F按钮）',
  `visible` char(1) CHARACTER SET utf8mb4 COLLATE utf8mb4_0900_ai_ci DEFAULT '0' COMMENT '菜单状态（0显示 1隐藏）',
  `status` char(1) CHARACTER SET utf8mb4 COLLATE utf8mb4_0900_ai_ci DEFAULT '0' COMMENT '菜单状态（0正常 1停用）',
  `perms` varchar(100) CHARACTER SET utf8mb4 COLLATE utf8mb4_0900_ai_ci DEFAULT NULL COMMENT '权限标识',
  `icon` varchar(100) CHARACTER SET utf8mb4 COLLATE utf8mb4_0900_ai_ci DEFAULT '#' COMMENT '菜单图标',
  `create_by` varchar(64) CHARACTER SET utf8mb4 COLLATE utf8mb4_0900_ai_ci DEFAULT '' COMMENT '创建者',
  `create_time` datetime DEFAULT NULL COMMENT '创建时间',
  `update_by` varchar(64) CHARACTER SET utf8mb4 COLLATE utf8mb4_0900_ai_ci DEFAULT '' COMMENT '更新者',
  `update_time` datetime DEFAULT NULL COMMENT '更新时间',
  `remark` varchar(500) CHARACTER SET utf8mb4 COLLATE utf8mb4_0900_ai_ci DEFAULT '' COMMENT '备注',
  PRIMARY KEY (`menu_id`) USING BTREE
) ENGINE=InnoDB AUTO_INCREMENT=2078 DEFAULT CHARSET=utf8mb4 COLLATE=utf8mb4_0900_ai_ci ROW_FORMAT=DYNAMIC COMMENT='菜单权限表';

-- ----------------------------
-- Records of sys_menu
-- ----------------------------
BEGIN;
INSERT INTO `sys_menu` (`menu_id`, `menu_name`, `parent_id`, `order_num`, `path`, `component`, `query`, `is_frame`, `is_cache`, `menu_type`, `visible`, `status`, `perms`, `icon`, `create_by`, `create_time`, `update_by`, `update_time`, `remark`) VALUES (1, '系统管理', 0, 11, 'system', NULL, '', 1, 0, 'M', '0', '0', '', 'system', 'admin', '2024-10-23 20:28:38', '', NULL, '系统管理目录');
INSERT INTO `sys_menu` (`menu_id`, `menu_name`, `parent_id`, `order_num`, `path`, `component`, `query`, `is_frame`, `is_cache`, `menu_type`, `visible`, `status`, `perms`, `icon`, `create_by`, `create_time`, `update_by`, `update_time`, `remark`) VALUES (2, '系统监控', 0, 12, 'monitor', NULL, '', 1, 0, 'M', '0', '0', '', 'monitor', 'admin', '2024-10-23 20:28:38', '', NULL, '系统监控目录');
INSERT INTO `sys_menu` (`menu_id`, `menu_name`, `parent_id`, `order_num`, `path`, `component`, `query`, `is_frame`, `is_cache`, `menu_type`, `visible`, `status`, `perms`, `icon`, `create_by`, `create_time`, `update_by`, `update_time`, `remark`) VALUES (3, '系统工具', 0, 13, 'tool', NULL, '', 1, 0, 'M', '0', '0', '', 'tool', 'admin', '2024-10-23 20:28:38', '', NULL, '系统工具目录');
INSERT INTO `sys_menu` (`menu_id`, `menu_name`, `parent_id`, `order_num`, `path`, `component`, `query`, `is_frame`, `is_cache`, `menu_type`, `visible`, `status`, `perms`, `icon`, `create_by`, `create_time`, `update_by`, `update_time`, `remark`) VALUES (4, '若依官网', 0, 14, 'http://ruoyi.vip', NULL, '', 0, 0, 'M', '0', '0', '', 'guide', 'admin', '2024-10-23 20:28:38', '', NULL, '若依官网地址');
INSERT INTO `sys_menu` (`menu_id`, `menu_name`, `parent_id`, `order_num`, `path`, `component`, `query`, `is_frame`, `is_cache`, `menu_type`, `visible`, `status`, `perms`, `icon`, `create_by`, `create_time`, `update_by`, `update_time`, `remark`) VALUES (100, '用户管理', 1, 1, 'user', 'system/user/index', '', 1, 0, 'C', '0', '0', 'system:user:list', 'user', 'admin', '2024-10-23 20:28:38', '', NULL, '用户管理菜单');
INSERT INTO `sys_menu` (`menu_id`, `menu_name`, `parent_id`, `order_num`, `path`, `component`, `query`, `is_frame`, `is_cache`, `menu_type`, `visible`, `status`, `perms`, `icon`, `create_by`, `create_time`, `update_by`, `update_time`, `remark`) VALUES (101, '角色管理', 1, 2, 'role', 'system/role/index', '', 1, 0, 'C', '0', '0', 'system:role:list', 'peoples', 'admin', '2024-10-23 20:28:38', '', NULL, '角色管理菜单');
INSERT INTO `sys_menu` (`menu_id`, `menu_name`, `parent_id`, `order_num`, `path`, `component`, `query`, `is_frame`, `is_cache`, `menu_type`, `visible`, `status`, `perms`, `icon`, `create_by`, `create_time`, `update_by`, `update_time`, `remark`) VALUES (102, '菜单管理', 1, 3, 'menu', 'system/menu/index', '', 1, 0, 'C', '0', '0', 'system:menu:list', 'tree-table', 'admin', '2024-10-23 20:28:38', '', NULL, '菜单管理菜单');
INSERT INTO `sys_menu` (`menu_id`, `menu_name`, `parent_id`, `order_num`, `path`, `component`, `query`, `is_frame`, `is_cache`, `menu_type`, `visible`, `status`, `perms`, `icon`, `create_by`, `create_time`, `update_by`, `update_time`, `remark`) VALUES (103, '部门管理', 1, 4, 'dept', 'system/dept/index', '', 1, 0, 'C', '0', '0', 'system:dept:list', 'tree', 'admin', '2024-10-23 20:28:38', '', NULL, '部门管理菜单');
INSERT INTO `sys_menu` (`menu_id`, `menu_name`, `parent_id`, `order_num`, `path`, `component`, `query`, `is_frame`, `is_cache`, `menu_type`, `visible`, `status`, `perms`, `icon`, `create_by`, `create_time`, `update_by`, `update_time`, `remark`) VALUES (104, '岗位管理', 1, 5, 'post', 'system/post/index', '', 1, 0, 'C', '0', '0', 'system:post:list', 'post', 'admin', '2024-10-23 20:28:38', '', NULL, '岗位管理菜单');
INSERT INTO `sys_menu` (`menu_id`, `menu_name`, `parent_id`, `order_num`, `path`, `component`, `query`, `is_frame`, `is_cache`, `menu_type`, `visible`, `status`, `perms`, `icon`, `create_by`, `create_time`, `update_by`, `update_time`, `remark`) VALUES (105, '字典管理', 1, 6, 'dict', 'system/dict/index', '', 1, 0, 'C', '0', '0', 'system:dict:list', 'dict', 'admin', '2024-10-23 20:28:38', '', NULL, '字典管理菜单');
INSERT INTO `sys_menu` (`menu_id`, `menu_name`, `parent_id`, `order_num`, `path`, `component`, `query`, `is_frame`, `is_cache`, `menu_type`, `visible`, `status`, `perms`, `icon`, `create_by`, `create_time`, `update_by`, `update_time`, `remark`) VALUES (106, '参数设置', 1, 7, 'config', 'system/config/index', '', 1, 0, 'C', '0', '0', 'system:config:list', 'edit', 'admin', '2024-10-23 20:28:38', '', NULL, '参数设置菜单');
INSERT INTO `sys_menu` (`menu_id`, `menu_name`, `parent_id`, `order_num`, `path`, `component`, `query`, `is_frame`, `is_cache`, `menu_type`, `visible`, `status`, `perms`, `icon`, `create_by`, `create_time`, `update_by`, `update_time`, `remark`) VALUES (107, '通知公告', 1, 8, 'notice', 'system/notice/index', '', 1, 0, 'C', '0', '0', 'system:notice:list', 'message', 'admin', '2024-10-23 20:28:38', '', NULL, '通知公告菜单');
INSERT INTO `sys_menu` (`menu_id`, `menu_name`, `parent_id`, `order_num`, `path`, `component`, `query`, `is_frame`, `is_cache`, `menu_type`, `visible`, `status`, `perms`, `icon`, `create_by`, `create_time`, `update_by`, `update_time`, `remark`) VALUES (108, '日志管理', 1, 9, 'log', '', '', 1, 0, 'M', '0', '0', '', 'log', 'admin', '2024-10-23 20:28:38', '', NULL, '日志管理菜单');
INSERT INTO `sys_menu` (`menu_id`, `menu_name`, `parent_id`, `order_num`, `path`, `component`, `query`, `is_frame`, `is_cache`, `menu_type`, `visible`, `status`, `perms`, `icon`, `create_by`, `create_time`, `update_by`, `update_time`, `remark`) VALUES (109, '在线用户', 2, 1, 'online', 'monitor/online/index', '', 1, 0, 'C', '0', '0', 'monitor:online:list', 'online', 'admin', '2024-10-23 20:28:38', '', NULL, '在线用户菜单');
INSERT INTO `sys_menu` (`menu_id`, `menu_name`, `parent_id`, `order_num`, `path`, `component`, `query`, `is_frame`, `is_cache`, `menu_type`, `visible`, `status`, `perms`, `icon`, `create_by`, `create_time`, `update_by`, `update_time`, `remark`) VALUES (110, '定时任务', 2, 2, 'job', 'monitor/job/index', '', 1, 0, 'C', '0', '0', 'monitor:job:list', 'job', 'admin', '2024-10-23 20:28:38', '', NULL, '定时任务菜单');
INSERT INTO `sys_menu` (`menu_id`, `menu_name`, `parent_id`, `order_num`, `path`, `component`, `query`, `is_frame`, `is_cache`, `menu_type`, `visible`, `status`, `perms`, `icon`, `create_by`, `create_time`, `update_by`, `update_time`, `remark`) VALUES (111, '数据监控', 2, 3, 'druid', 'monitor/druid/index', '', 1, 0, 'C', '0', '0', 'monitor:druid:list', 'druid', 'admin', '2024-10-23 20:28:38', '', NULL, '数据监控菜单');
INSERT INTO `sys_menu` (`menu_id`, `menu_name`, `parent_id`, `order_num`, `path`, `component`, `query`, `is_frame`, `is_cache`, `menu_type`, `visible`, `status`, `perms`, `icon`, `create_by`, `create_time`, `update_by`, `update_time`, `remark`) VALUES (112, '服务监控', 2, 4, 'server', 'monitor/server/index', '', 1, 0, 'C', '0', '0', 'monitor:server:list', 'server', 'admin', '2024-10-23 20:28:38', '', NULL, '服务监控菜单');
INSERT INTO `sys_menu` (`menu_id`, `menu_name`, `parent_id`, `order_num`, `path`, `component`, `query`, `is_frame`, `is_cache`, `menu_type`, `visible`, `status`, `perms`, `icon`, `create_by`, `create_time`, `update_by`, `update_time`, `remark`) VALUES (113, '缓存监控', 2, 5, 'cache', 'monitor/cache/index', '', 1, 0, 'C', '0', '0', 'monitor:cache:list', 'redis', 'admin', '2024-10-23 20:28:38', '', NULL, '缓存监控菜单');
INSERT INTO `sys_menu` (`menu_id`, `menu_name`, `parent_id`, `order_num`, `path`, `component`, `query`, `is_frame`, `is_cache`, `menu_type`, `visible`, `status`, `perms`, `icon`, `create_by`, `create_time`, `update_by`, `update_time`, `remark`) VALUES (114, '缓存列表', 2, 6, 'cacheList', 'monitor/cache/list', '', 1, 0, 'C', '0', '0', 'monitor:cache:list', 'redis-list', 'admin', '2024-10-23 20:28:38', '', NULL, '缓存列表菜单');
INSERT INTO `sys_menu` (`menu_id`, `menu_name`, `parent_id`, `order_num`, `path`, `component`, `query`, `is_frame`, `is_cache`, `menu_type`, `visible`, `status`, `perms`, `icon`, `create_by`, `create_time`, `update_by`, `update_time`, `remark`) VALUES (115, '表单构建', 3, 1, 'build', 'tool/build/index', '', 1, 0, 'C', '0', '0', 'tool:build:list', 'build', 'admin', '2024-10-23 20:28:38', '', NULL, '表单构建菜单');
INSERT INTO `sys_menu` (`menu_id`, `menu_name`, `parent_id`, `order_num`, `path`, `component`, `query`, `is_frame`, `is_cache`, `menu_type`, `visible`, `status`, `perms`, `icon`, `create_by`, `create_time`, `update_by`, `update_time`, `remark`) VALUES (116, '代码生成', 3, 2, 'gen', 'tool/gen/index', '', 1, 0, 'C', '0', '0', 'tool:gen:list', 'code', 'admin', '2024-10-23 20:28:38', '', NULL, '代码生成菜单');
INSERT INTO `sys_menu` (`menu_id`, `menu_name`, `parent_id`, `order_num`, `path`, `component`, `query`, `is_frame`, `is_cache`, `menu_type`, `visible`, `status`, `perms`, `icon`, `create_by`, `create_time`, `update_by`, `update_time`, `remark`) VALUES (117, '系统接口', 3, 3, 'swagger', 'tool/swagger/index', '', 1, 0, 'C', '0', '0', 'tool:swagger:list', 'swagger', 'admin', '2024-10-23 20:28:38', '', NULL, '系统接口菜单');
INSERT INTO `sys_menu` (`menu_id`, `menu_name`, `parent_id`, `order_num`, `path`, `component`, `query`, `is_frame`, `is_cache`, `menu_type`, `visible`, `status`, `perms`, `icon`, `create_by`, `create_time`, `update_by`, `update_time`, `remark`) VALUES (500, '操作日志', 108, 1, 'operlog', 'monitor/operlog/index', '', 1, 0, 'C', '0', '0', 'monitor:operlog:list', 'form', 'admin', '2024-10-23 20:28:38', '', NULL, '操作日志菜单');
INSERT INTO `sys_menu` (`menu_id`, `menu_name`, `parent_id`, `order_num`, `path`, `component`, `query`, `is_frame`, `is_cache`, `menu_type`, `visible`, `status`, `perms`, `icon`, `create_by`, `create_time`, `update_by`, `update_time`, `remark`) VALUES (501, '登录日志', 108, 2, 'logininfor', 'monitor/logininfor/index', '', 1, 0, 'C', '0', '0', 'monitor:logininfor:list', 'logininfor', 'admin', '2024-10-23 20:28:38', '', NULL, '登录日志菜单');
INSERT INTO `sys_menu` (`menu_id`, `menu_name`, `parent_id`, `order_num`, `path`, `component`, `query`, `is_frame`, `is_cache`, `menu_type`, `visible`, `status`, `perms`, `icon`, `create_by`, `create_time`, `update_by`, `update_time`, `remark`) VALUES (1000, '用户查询', 100, 1, '', '', '', 1, 0, 'F', '0', '0', 'system:user:query', '#', 'admin', '2024-10-23 20:28:38', '', NULL, '');
INSERT INTO `sys_menu` (`menu_id`, `menu_name`, `parent_id`, `order_num`, `path`, `component`, `query`, `is_frame`, `is_cache`, `menu_type`, `visible`, `status`, `perms`, `icon`, `create_by`, `create_time`, `update_by`, `update_time`, `remark`) VALUES (1001, '用户新增', 100, 2, '', '', '', 1, 0, 'F', '0', '0', 'system:user:add', '#', 'admin', '2024-10-23 20:28:38', '', NULL, '');
INSERT INTO `sys_menu` (`menu_id`, `menu_name`, `parent_id`, `order_num`, `path`, `component`, `query`, `is_frame`, `is_cache`, `menu_type`, `visible`, `status`, `perms`, `icon`, `create_by`, `create_time`, `update_by`, `update_time`, `remark`) VALUES (1002, '用户修改', 100, 3, '', '', '', 1, 0, 'F', '0', '0', 'system:user:edit', '#', 'admin', '2024-10-23 20:28:38', '', NULL, '');
INSERT INTO `sys_menu` (`menu_id`, `menu_name`, `parent_id`, `order_num`, `path`, `component`, `query`, `is_frame`, `is_cache`, `menu_type`, `visible`, `status`, `perms`, `icon`, `create_by`, `create_time`, `update_by`, `update_time`, `remark`) VALUES (1003, '用户删除', 100, 4, '', '', '', 1, 0, 'F', '0', '0', 'system:user:remove', '#', 'admin', '2024-10-23 20:28:38', '', NULL, '');
INSERT INTO `sys_menu` (`menu_id`, `menu_name`, `parent_id`, `order_num`, `path`, `component`, `query`, `is_frame`, `is_cache`, `menu_type`, `visible`, `status`, `perms`, `icon`, `create_by`, `create_time`, `update_by`, `update_time`, `remark`) VALUES (1004, '用户导出', 100, 5, '', '', '', 1, 0, 'F', '0', '0', 'system:user:export', '#', 'admin', '2024-10-23 20:28:38', '', NULL, '');
INSERT INTO `sys_menu` (`menu_id`, `menu_name`, `parent_id`, `order_num`, `path`, `component`, `query`, `is_frame`, `is_cache`, `menu_type`, `visible`, `status`, `perms`, `icon`, `create_by`, `create_time`, `update_by`, `update_time`, `remark`) VALUES (1005, '用户导入', 100, 6, '', '', '', 1, 0, 'F', '0', '0', 'system:user:import', '#', 'admin', '2024-10-23 20:28:38', '', NULL, '');
INSERT INTO `sys_menu` (`menu_id`, `menu_name`, `parent_id`, `order_num`, `path`, `component`, `query`, `is_frame`, `is_cache`, `menu_type`, `visible`, `status`, `perms`, `icon`, `create_by`, `create_time`, `update_by`, `update_time`, `remark`) VALUES (1006, '重置密码', 100, 7, '', '', '', 1, 0, 'F', '0', '0', 'system:user:resetPwd', '#', 'admin', '2024-10-23 20:28:38', '', NULL, '');
INSERT INTO `sys_menu` (`menu_id`, `menu_name`, `parent_id`, `order_num`, `path`, `component`, `query`, `is_frame`, `is_cache`, `menu_type`, `visible`, `status`, `perms`, `icon`, `create_by`, `create_time`, `update_by`, `update_time`, `remark`) VALUES (1007, '角色查询', 101, 1, '', '', '', 1, 0, 'F', '0', '0', 'system:role:query', '#', 'admin', '2024-10-23 20:28:38', '', NULL, '');
INSERT INTO `sys_menu` (`menu_id`, `menu_name`, `parent_id`, `order_num`, `path`, `component`, `query`, `is_frame`, `is_cache`, `menu_type`, `visible`, `status`, `perms`, `icon`, `create_by`, `create_time`, `update_by`, `update_time`, `remark`) VALUES (1008, '角色新增', 101, 2, '', '', '', 1, 0, 'F', '0', '0', 'system:role:add', '#', 'admin', '2024-10-23 20:28:38', '', NULL, '');
INSERT INTO `sys_menu` (`menu_id`, `menu_name`, `parent_id`, `order_num`, `path`, `component`, `query`, `is_frame`, `is_cache`, `menu_type`, `visible`, `status`, `perms`, `icon`, `create_by`, `create_time`, `update_by`, `update_time`, `remark`) VALUES (1009, '角色修改', 101, 3, '', '', '', 1, 0, 'F', '0', '0', 'system:role:edit', '#', 'admin', '2024-10-23 20:28:38', '', NULL, '');
INSERT INTO `sys_menu` (`menu_id`, `menu_name`, `parent_id`, `order_num`, `path`, `component`, `query`, `is_frame`, `is_cache`, `menu_type`, `visible`, `status`, `perms`, `icon`, `create_by`, `create_time`, `update_by`, `update_time`, `remark`) VALUES (1010, '角色删除', 101, 4, '', '', '', 1, 0, 'F', '0', '0', 'system:role:remove', '#', 'admin', '2024-10-23 20:28:38', '', NULL, '');
INSERT INTO `sys_menu` (`menu_id`, `menu_name`, `parent_id`, `order_num`, `path`, `component`, `query`, `is_frame`, `is_cache`, `menu_type`, `visible`, `status`, `perms`, `icon`, `create_by`, `create_time`, `update_by`, `update_time`, `remark`) VALUES (1011, '角色导出', 101, 5, '', '', '', 1, 0, 'F', '0', '0', 'system:role:export', '#', 'admin', '2024-10-23 20:28:38', '', NULL, '');
INSERT INTO `sys_menu` (`menu_id`, `menu_name`, `parent_id`, `order_num`, `path`, `component`, `query`, `is_frame`, `is_cache`, `menu_type`, `visible`, `status`, `perms`, `icon`, `create_by`, `create_time`, `update_by`, `update_time`, `remark`) VALUES (1012, '菜单查询', 102, 1, '', '', '', 1, 0, 'F', '0', '0', 'system:menu:query', '#', 'admin', '2024-10-23 20:28:38', '', NULL, '');
INSERT INTO `sys_menu` (`menu_id`, `menu_name`, `parent_id`, `order_num`, `path`, `component`, `query`, `is_frame`, `is_cache`, `menu_type`, `visible`, `status`, `perms`, `icon`, `create_by`, `create_time`, `update_by`, `update_time`, `remark`) VALUES (1013, '菜单新增', 102, 2, '', '', '', 1, 0, 'F', '0', '0', 'system:menu:add', '#', 'admin', '2024-10-23 20:28:38', '', NULL, '');
INSERT INTO `sys_menu` (`menu_id`, `menu_name`, `parent_id`, `order_num`, `path`, `component`, `query`, `is_frame`, `is_cache`, `menu_type`, `visible`, `status`, `perms`, `icon`, `create_by`, `create_time`, `update_by`, `update_time`, `remark`) VALUES (1014, '菜单修改', 102, 3, '', '', '', 1, 0, 'F', '0', '0', 'system:menu:edit', '#', 'admin', '2024-10-23 20:28:38', '', NULL, '');
INSERT INTO `sys_menu` (`menu_id`, `menu_name`, `parent_id`, `order_num`, `path`, `component`, `query`, `is_frame`, `is_cache`, `menu_type`, `visible`, `status`, `perms`, `icon`, `create_by`, `create_time`, `update_by`, `update_time`, `remark`) VALUES (1015, '菜单删除', 102, 4, '', '', '', 1, 0, 'F', '0', '0', 'system:menu:remove', '#', 'admin', '2024-10-23 20:28:38', '', NULL, '');
INSERT INTO `sys_menu` (`menu_id`, `menu_name`, `parent_id`, `order_num`, `path`, `component`, `query`, `is_frame`, `is_cache`, `menu_type`, `visible`, `status`, `perms`, `icon`, `create_by`, `create_time`, `update_by`, `update_time`, `remark`) VALUES (1016, '部门查询', 103, 1, '', '', '', 1, 0, 'F', '0', '0', 'system:dept:query', '#', 'admin', '2024-10-23 20:28:38', '', NULL, '');
INSERT INTO `sys_menu` (`menu_id`, `menu_name`, `parent_id`, `order_num`, `path`, `component`, `query`, `is_frame`, `is_cache`, `menu_type`, `visible`, `status`, `perms`, `icon`, `create_by`, `create_time`, `update_by`, `update_time`, `remark`) VALUES (1017, '部门新增', 103, 2, '', '', '', 1, 0, 'F', '0', '0', 'system:dept:add', '#', 'admin', '2024-10-23 20:28:38', '', NULL, '');
INSERT INTO `sys_menu` (`menu_id`, `menu_name`, `parent_id`, `order_num`, `path`, `component`, `query`, `is_frame`, `is_cache`, `menu_type`, `visible`, `status`, `perms`, `icon`, `create_by`, `create_time`, `update_by`, `update_time`, `remark`) VALUES (1018, '部门修改', 103, 3, '', '', '', 1, 0, 'F', '0', '0', 'system:dept:edit', '#', 'admin', '2024-10-23 20:28:38', '', NULL, '');
INSERT INTO `sys_menu` (`menu_id`, `menu_name`, `parent_id`, `order_num`, `path`, `component`, `query`, `is_frame`, `is_cache`, `menu_type`, `visible`, `status`, `perms`, `icon`, `create_by`, `create_time`, `update_by`, `update_time`, `remark`) VALUES (1019, '部门删除', 103, 4, '', '', '', 1, 0, 'F', '0', '0', 'system:dept:remove', '#', 'admin', '2024-10-23 20:28:38', '', NULL, '');
INSERT INTO `sys_menu` (`menu_id`, `menu_name`, `parent_id`, `order_num`, `path`, `component`, `query`, `is_frame`, `is_cache`, `menu_type`, `visible`, `status`, `perms`, `icon`, `create_by`, `create_time`, `update_by`, `update_time`, `remark`) VALUES (1020, '岗位查询', 104, 1, '', '', '', 1, 0, 'F', '0', '0', 'system:post:query', '#', 'admin', '2024-10-23 20:28:38', '', NULL, '');
INSERT INTO `sys_menu` (`menu_id`, `menu_name`, `parent_id`, `order_num`, `path`, `component`, `query`, `is_frame`, `is_cache`, `menu_type`, `visible`, `status`, `perms`, `icon`, `create_by`, `create_time`, `update_by`, `update_time`, `remark`) VALUES (1021, '岗位新增', 104, 2, '', '', '', 1, 0, 'F', '0', '0', 'system:post:add', '#', 'admin', '2024-10-23 20:28:38', '', NULL, '');
INSERT INTO `sys_menu` (`menu_id`, `menu_name`, `parent_id`, `order_num`, `path`, `component`, `query`, `is_frame`, `is_cache`, `menu_type`, `visible`, `status`, `perms`, `icon`, `create_by`, `create_time`, `update_by`, `update_time`, `remark`) VALUES (1022, '岗位修改', 104, 3, '', '', '', 1, 0, 'F', '0', '0', 'system:post:edit', '#', 'admin', '2024-10-23 20:28:38', '', NULL, '');
INSERT INTO `sys_menu` (`menu_id`, `menu_name`, `parent_id`, `order_num`, `path`, `component`, `query`, `is_frame`, `is_cache`, `menu_type`, `visible`, `status`, `perms`, `icon`, `create_by`, `create_time`, `update_by`, `update_time`, `remark`) VALUES (1023, '岗位删除', 104, 4, '', '', '', 1, 0, 'F', '0', '0', 'system:post:remove', '#', 'admin', '2024-10-23 20:28:38', '', NULL, '');
INSERT INTO `sys_menu` (`menu_id`, `menu_name`, `parent_id`, `order_num`, `path`, `component`, `query`, `is_frame`, `is_cache`, `menu_type`, `visible`, `status`, `perms`, `icon`, `create_by`, `create_time`, `update_by`, `update_time`, `remark`) VALUES (1024, '岗位导出', 104, 5, '', '', '', 1, 0, 'F', '0', '0', 'system:post:export', '#', 'admin', '2024-10-23 20:28:38', '', NULL, '');
INSERT INTO `sys_menu` (`menu_id`, `menu_name`, `parent_id`, `order_num`, `path`, `component`, `query`, `is_frame`, `is_cache`, `menu_type`, `visible`, `status`, `perms`, `icon`, `create_by`, `create_time`, `update_by`, `update_time`, `remark`) VALUES (1025, '字典查询', 105, 1, '#', '', '', 1, 0, 'F', '0', '0', 'system:dict:query', '#', 'admin', '2024-10-23 20:28:38', '', NULL, '');
INSERT INTO `sys_menu` (`menu_id`, `menu_name`, `parent_id`, `order_num`, `path`, `component`, `query`, `is_frame`, `is_cache`, `menu_type`, `visible`, `status`, `perms`, `icon`, `create_by`, `create_time`, `update_by`, `update_time`, `remark`) VALUES (1026, '字典新增', 105, 2, '#', '', '', 1, 0, 'F', '0', '0', 'system:dict:add', '#', 'admin', '2024-10-23 20:28:38', '', NULL, '');
INSERT INTO `sys_menu` (`menu_id`, `menu_name`, `parent_id`, `order_num`, `path`, `component`, `query`, `is_frame`, `is_cache`, `menu_type`, `visible`, `status`, `perms`, `icon`, `create_by`, `create_time`, `update_by`, `update_time`, `remark`) VALUES (1027, '字典修改', 105, 3, '#', '', '', 1, 0, 'F', '0', '0', 'system:dict:edit', '#', 'admin', '2024-10-23 20:28:38', '', NULL, '');
INSERT INTO `sys_menu` (`menu_id`, `menu_name`, `parent_id`, `order_num`, `path`, `component`, `query`, `is_frame`, `is_cache`, `menu_type`, `visible`, `status`, `perms`, `icon`, `create_by`, `create_time`, `update_by`, `update_time`, `remark`) VALUES (1028, '字典删除', 105, 4, '#', '', '', 1, 0, 'F', '0', '0', 'system:dict:remove', '#', 'admin', '2024-10-23 20:28:38', '', NULL, '');
INSERT INTO `sys_menu` (`menu_id`, `menu_name`, `parent_id`, `order_num`, `path`, `component`, `query`, `is_frame`, `is_cache`, `menu_type`, `visible`, `status`, `perms`, `icon`, `create_by`, `create_time`, `update_by`, `update_time`, `remark`) VALUES (1029, '字典导出', 105, 5, '#', '', '', 1, 0, 'F', '0', '0', 'system:dict:export', '#', 'admin', '2024-10-23 20:28:38', '', NULL, '');
INSERT INTO `sys_menu` (`menu_id`, `menu_name`, `parent_id`, `order_num`, `path`, `component`, `query`, `is_frame`, `is_cache`, `menu_type`, `visible`, `status`, `perms`, `icon`, `create_by`, `create_time`, `update_by`, `update_time`, `remark`) VALUES (1030, '参数查询', 106, 1, '#', '', '', 1, 0, 'F', '0', '0', 'system:config:query', '#', 'admin', '2024-10-23 20:28:38', '', NULL, '');
INSERT INTO `sys_menu` (`menu_id`, `menu_name`, `parent_id`, `order_num`, `path`, `component`, `query`, `is_frame`, `is_cache`, `menu_type`, `visible`, `status`, `perms`, `icon`, `create_by`, `create_time`, `update_by`, `update_time`, `remark`) VALUES (1031, '参数新增', 106, 2, '#', '', '', 1, 0, 'F', '0', '0', 'system:config:add', '#', 'admin', '2024-10-23 20:28:38', '', NULL, '');
INSERT INTO `sys_menu` (`menu_id`, `menu_name`, `parent_id`, `order_num`, `path`, `component`, `query`, `is_frame`, `is_cache`, `menu_type`, `visible`, `status`, `perms`, `icon`, `create_by`, `create_time`, `update_by`, `update_time`, `remark`) VALUES (1032, '参数修改', 106, 3, '#', '', '', 1, 0, 'F', '0', '0', 'system:config:edit', '#', 'admin', '2024-10-23 20:28:38', '', NULL, '');
INSERT INTO `sys_menu` (`menu_id`, `menu_name`, `parent_id`, `order_num`, `path`, `component`, `query`, `is_frame`, `is_cache`, `menu_type`, `visible`, `status`, `perms`, `icon`, `create_by`, `create_time`, `update_by`, `update_time`, `remark`) VALUES (1033, '参数删除', 106, 4, '#', '', '', 1, 0, 'F', '0', '0', 'system:config:remove', '#', 'admin', '2024-10-23 20:28:38', '', NULL, '');
INSERT INTO `sys_menu` (`menu_id`, `menu_name`, `parent_id`, `order_num`, `path`, `component`, `query`, `is_frame`, `is_cache`, `menu_type`, `visible`, `status`, `perms`, `icon`, `create_by`, `create_time`, `update_by`, `update_time`, `remark`) VALUES (1034, '参数导出', 106, 5, '#', '', '', 1, 0, 'F', '0', '0', 'system:config:export', '#', 'admin', '2024-10-23 20:28:38', '', NULL, '');
INSERT INTO `sys_menu` (`menu_id`, `menu_name`, `parent_id`, `order_num`, `path`, `component`, `query`, `is_frame`, `is_cache`, `menu_type`, `visible`, `status`, `perms`, `icon`, `create_by`, `create_time`, `update_by`, `update_time`, `remark`) VALUES (1035, '公告查询', 107, 1, '#', '', '', 1, 0, 'F', '0', '0', 'system:notice:query', '#', 'admin', '2024-10-23 20:28:38', '', NULL, '');
INSERT INTO `sys_menu` (`menu_id`, `menu_name`, `parent_id`, `order_num`, `path`, `component`, `query`, `is_frame`, `is_cache`, `menu_type`, `visible`, `status`, `perms`, `icon`, `create_by`, `create_time`, `update_by`, `update_time`, `remark`) VALUES (1036, '公告新增', 107, 2, '#', '', '', 1, 0, 'F', '0', '0', 'system:notice:add', '#', 'admin', '2024-10-23 20:28:38', '', NULL, '');
INSERT INTO `sys_menu` (`menu_id`, `menu_name`, `parent_id`, `order_num`, `path`, `component`, `query`, `is_frame`, `is_cache`, `menu_type`, `visible`, `status`, `perms`, `icon`, `create_by`, `create_time`, `update_by`, `update_time`, `remark`) VALUES (1037, '公告修改', 107, 3, '#', '', '', 1, 0, 'F', '0', '0', 'system:notice:edit', '#', 'admin', '2024-10-23 20:28:38', '', NULL, '');
INSERT INTO `sys_menu` (`menu_id`, `menu_name`, `parent_id`, `order_num`, `path`, `component`, `query`, `is_frame`, `is_cache`, `menu_type`, `visible`, `status`, `perms`, `icon`, `create_by`, `create_time`, `update_by`, `update_time`, `remark`) VALUES (1038, '公告删除', 107, 4, '#', '', '', 1, 0, 'F', '0', '0', 'system:notice:remove', '#', 'admin', '2024-10-23 20:28:38', '', NULL, '');
INSERT INTO `sys_menu` (`menu_id`, `menu_name`, `parent_id`, `order_num`, `path`, `component`, `query`, `is_frame`, `is_cache`, `menu_type`, `visible`, `status`, `perms`, `icon`, `create_by`, `create_time`, `update_by`, `update_time`, `remark`) VALUES (1039, '操作查询', 500, 1, '#', '', '', 1, 0, 'F', '0', '0', 'monitor:operlog:query', '#', 'admin', '2024-10-23 20:28:38', '', NULL, '');
INSERT INTO `sys_menu` (`menu_id`, `menu_name`, `parent_id`, `order_num`, `path`, `component`, `query`, `is_frame`, `is_cache`, `menu_type`, `visible`, `status`, `perms`, `icon`, `create_by`, `create_time`, `update_by`, `update_time`, `remark`) VALUES (1040, '操作删除', 500, 2, '#', '', '', 1, 0, 'F', '0', '0', 'monitor:operlog:remove', '#', 'admin', '2024-10-23 20:28:38', '', NULL, '');
INSERT INTO `sys_menu` (`menu_id`, `menu_name`, `parent_id`, `order_num`, `path`, `component`, `query`, `is_frame`, `is_cache`, `menu_type`, `visible`, `status`, `perms`, `icon`, `create_by`, `create_time`, `update_by`, `update_time`, `remark`) VALUES (1041, '日志导出', 500, 3, '#', '', '', 1, 0, 'F', '0', '0', 'monitor:operlog:export', '#', 'admin', '2024-10-23 20:28:38', '', NULL, '');
INSERT INTO `sys_menu` (`menu_id`, `menu_name`, `parent_id`, `order_num`, `path`, `component`, `query`, `is_frame`, `is_cache`, `menu_type`, `visible`, `status`, `perms`, `icon`, `create_by`, `create_time`, `update_by`, `update_time`, `remark`) VALUES (1042, '登录查询', 501, 1, '#', '', '', 1, 0, 'F', '0', '0', 'monitor:logininfor:query', '#', 'admin', '2024-10-23 20:28:38', '', NULL, '');
INSERT INTO `sys_menu` (`menu_id`, `menu_name`, `parent_id`, `order_num`, `path`, `component`, `query`, `is_frame`, `is_cache`, `menu_type`, `visible`, `status`, `perms`, `icon`, `create_by`, `create_time`, `update_by`, `update_time`, `remark`) VALUES (1043, '登录删除', 501, 2, '#', '', '', 1, 0, 'F', '0', '0', 'monitor:logininfor:remove', '#', 'admin', '2024-10-23 20:28:38', '', NULL, '');
INSERT INTO `sys_menu` (`menu_id`, `menu_name`, `parent_id`, `order_num`, `path`, `component`, `query`, `is_frame`, `is_cache`, `menu_type`, `visible`, `status`, `perms`, `icon`, `create_by`, `create_time`, `update_by`, `update_time`, `remark`) VALUES (1044, '日志导出', 501, 3, '#', '', '', 1, 0, 'F', '0', '0', 'monitor:logininfor:export', '#', 'admin', '2024-10-23 20:28:38', '', NULL, '');
INSERT INTO `sys_menu` (`menu_id`, `menu_name`, `parent_id`, `order_num`, `path`, `component`, `query`, `is_frame`, `is_cache`, `menu_type`, `visible`, `status`, `perms`, `icon`, `create_by`, `create_time`, `update_by`, `update_time`, `remark`) VALUES (1045, '账户解锁', 501, 4, '#', '', '', 1, 0, 'F', '0', '0', 'monitor:logininfor:unlock', '#', 'admin', '2024-10-23 20:28:38', '', NULL, '');
INSERT INTO `sys_menu` (`menu_id`, `menu_name`, `parent_id`, `order_num`, `path`, `component`, `query`, `is_frame`, `is_cache`, `menu_type`, `visible`, `status`, `perms`, `icon`, `create_by`, `create_time`, `update_by`, `update_time`, `remark`) VALUES (1046, '在线查询', 109, 1, '#', '', '', 1, 0, 'F', '0', '0', 'monitor:online:query', '#', 'admin', '2024-10-23 20:28:38', '', NULL, '');
INSERT INTO `sys_menu` (`menu_id`, `menu_name`, `parent_id`, `order_num`, `path`, `component`, `query`, `is_frame`, `is_cache`, `menu_type`, `visible`, `status`, `perms`, `icon`, `create_by`, `create_time`, `update_by`, `update_time`, `remark`) VALUES (1047, '批量强退', 109, 2, '#', '', '', 1, 0, 'F', '0', '0', 'monitor:online:batchLogout', '#', 'admin', '2024-10-23 20:28:38', '', NULL, '');
INSERT INTO `sys_menu` (`menu_id`, `menu_name`, `parent_id`, `order_num`, `path`, `component`, `query`, `is_frame`, `is_cache`, `menu_type`, `visible`, `status`, `perms`, `icon`, `create_by`, `create_time`, `update_by`, `update_time`, `remark`) VALUES (1048, '单条强退', 109, 3, '#', '', '', 1, 0, 'F', '0', '0', 'monitor:online:forceLogout', '#', 'admin', '2024-10-23 20:28:38', '', NULL, '');
INSERT INTO `sys_menu` (`menu_id`, `menu_name`, `parent_id`, `order_num`, `path`, `component`, `query`, `is_frame`, `is_cache`, `menu_type`, `visible`, `status`, `perms`, `icon`, `create_by`, `create_time`, `update_by`, `update_time`, `remark`) VALUES (1049, '任务查询', 110, 1, '#', '', '', 1, 0, 'F', '0', '0', 'monitor:job:query', '#', 'admin', '2024-10-23 20:28:38', '', NULL, '');
INSERT INTO `sys_menu` (`menu_id`, `menu_name`, `parent_id`, `order_num`, `path`, `component`, `query`, `is_frame`, `is_cache`, `menu_type`, `visible`, `status`, `perms`, `icon`, `create_by`, `create_time`, `update_by`, `update_time`, `remark`) VALUES (1050, '任务新增', 110, 2, '#', '', '', 1, 0, 'F', '0', '0', 'monitor:job:add', '#', 'admin', '2024-10-23 20:28:38', '', NULL, '');
INSERT INTO `sys_menu` (`menu_id`, `menu_name`, `parent_id`, `order_num`, `path`, `component`, `query`, `is_frame`, `is_cache`, `menu_type`, `visible`, `status`, `perms`, `icon`, `create_by`, `create_time`, `update_by`, `update_time`, `remark`) VALUES (1051, '任务修改', 110, 3, '#', '', '', 1, 0, 'F', '0', '0', 'monitor:job:edit', '#', 'admin', '2024-10-23 20:28:38', '', NULL, '');
INSERT INTO `sys_menu` (`menu_id`, `menu_name`, `parent_id`, `order_num`, `path`, `component`, `query`, `is_frame`, `is_cache`, `menu_type`, `visible`, `status`, `perms`, `icon`, `create_by`, `create_time`, `update_by`, `update_time`, `remark`) VALUES (1052, '任务删除', 110, 4, '#', '', '', 1, 0, 'F', '0', '0', 'monitor:job:remove', '#', 'admin', '2024-10-23 20:28:38', '', NULL, '');
INSERT INTO `sys_menu` (`menu_id`, `menu_name`, `parent_id`, `order_num`, `path`, `component`, `query`, `is_frame`, `is_cache`, `menu_type`, `visible`, `status`, `perms`, `icon`, `create_by`, `create_time`, `update_by`, `update_time`, `remark`) VALUES (1053, '状态修改', 110, 5, '#', '', '', 1, 0, 'F', '0', '0', 'monitor:job:changeStatus', '#', 'admin', '2024-10-23 20:28:38', '', NULL, '');
INSERT INTO `sys_menu` (`menu_id`, `menu_name`, `parent_id`, `order_num`, `path`, `component`, `query`, `is_frame`, `is_cache`, `menu_type`, `visible`, `status`, `perms`, `icon`, `create_by`, `create_time`, `update_by`, `update_time`, `remark`) VALUES (1054, '任务导出', 110, 6, '#', '', '', 1, 0, 'F', '0', '0', 'monitor:job:export', '#', 'admin', '2024-10-23 20:28:38', '', NULL, '');
INSERT INTO `sys_menu` (`menu_id`, `menu_name`, `parent_id`, `order_num`, `path`, `component`, `query`, `is_frame`, `is_cache`, `menu_type`, `visible`, `status`, `perms`, `icon`, `create_by`, `create_time`, `update_by`, `update_time`, `remark`) VALUES (1055, '生成查询', 116, 1, '#', '', '', 1, 0, 'F', '0', '0', 'tool:gen:query', '#', 'admin', '2024-10-23 20:28:38', '', NULL, '');
INSERT INTO `sys_menu` (`menu_id`, `menu_name`, `parent_id`, `order_num`, `path`, `component`, `query`, `is_frame`, `is_cache`, `menu_type`, `visible`, `status`, `perms`, `icon`, `create_by`, `create_time`, `update_by`, `update_time`, `remark`) VALUES (1056, '生成修改', 116, 2, '#', '', '', 1, 0, 'F', '0', '0', 'tool:gen:edit', '#', 'admin', '2024-10-23 20:28:38', '', NULL, '');
INSERT INTO `sys_menu` (`menu_id`, `menu_name`, `parent_id`, `order_num`, `path`, `component`, `query`, `is_frame`, `is_cache`, `menu_type`, `visible`, `status`, `perms`, `icon`, `create_by`, `create_time`, `update_by`, `update_time`, `remark`) VALUES (1057, '生成删除', 116, 3, '#', '', '', 1, 0, 'F', '0', '0', 'tool:gen:remove', '#', 'admin', '2024-10-23 20:28:38', '', NULL, '');
INSERT INTO `sys_menu` (`menu_id`, `menu_name`, `parent_id`, `order_num`, `path`, `component`, `query`, `is_frame`, `is_cache`, `menu_type`, `visible`, `status`, `perms`, `icon`, `create_by`, `create_time`, `update_by`, `update_time`, `remark`) VALUES (1058, '导入代码', 116, 4, '#', '', '', 1, 0, 'F', '0', '0', 'tool:gen:import', '#', 'admin', '2024-10-23 20:28:38', '', NULL, '');
INSERT INTO `sys_menu` (`menu_id`, `menu_name`, `parent_id`, `order_num`, `path`, `component`, `query`, `is_frame`, `is_cache`, `menu_type`, `visible`, `status`, `perms`, `icon`, `create_by`, `create_time`, `update_by`, `update_time`, `remark`) VALUES (1059, '预览代码', 116, 5, '#', '', '', 1, 0, 'F', '0', '0', 'tool:gen:preview', '#', 'admin', '2024-10-23 20:28:38', '', NULL, '');
INSERT INTO `sys_menu` (`menu_id`, `menu_name`, `parent_id`, `order_num`, `path`, `component`, `query`, `is_frame`, `is_cache`, `menu_type`, `visible`, `status`, `perms`, `icon`, `create_by`, `create_time`, `update_by`, `update_time`, `remark`) VALUES (1060, '生成代码', 116, 6, '#', '', '', 1, 0, 'F', '0', '0', 'tool:gen:code', '#', 'admin', '2024-10-23 20:28:38', '', NULL, '');
INSERT INTO `sys_menu` (`menu_id`, `menu_name`, `parent_id`, `order_num`, `path`, `component`, `query`, `is_frame`, `is_cache`, `menu_type`, `visible`, `status`, `perms`, `icon`, `create_by`, `create_time`, `update_by`, `update_time`, `remark`) VALUES (2000, '点位管理', 0, 2, 'node', NULL, NULL, 1, 0, 'M', '0', '0', NULL, '点位管理', 'admin', '2024-10-23 21:22:04', '', NULL, '');
INSERT INTO `sys_menu` (`menu_id`, `menu_name`, `parent_id`, `order_num`, `path`, `component`, `query`, `is_frame`, `is_cache`, `menu_type`, `visible`, `status`, `perms`, `icon`, `create_by`, `create_time`, `update_by`, `update_time`, `remark`) VALUES (2001, '点位管理', 2000, 1, 'node', 'manage/node/index', NULL, 1, 0, 'C', '0', '0', 'manage:node:list', '#', 'admin', '2024-10-23 21:41:22', '', NULL, '点位管理菜单');
INSERT INTO `sys_menu` (`menu_id`, `menu_name`, `parent_id`, `order_num`, `path`, `component`, `query`, `is_frame`, `is_cache`, `menu_type`, `visible`, `status`, `perms`, `icon`, `create_by`, `create_time`, `update_by`, `update_time`, `remark`) VALUES (2002, '点位管理查询', 2001, 1, '#', '', NULL, 1, 0, 'F', '0', '0', 'manage:node:query', '#', 'admin', '2024-10-23 21:41:22', '', NULL, '');
INSERT INTO `sys_menu` (`menu_id`, `menu_name`, `parent_id`, `order_num`, `path`, `component`, `query`, `is_frame`, `is_cache`, `menu_type`, `visible`, `status`, `perms`, `icon`, `create_by`, `create_time`, `update_by`, `update_time`, `remark`) VALUES (2003, '点位管理新增', 2001, 2, '#', '', NULL, 1, 0, 'F', '0', '0', 'manage:node:add', '#', 'admin', '2024-10-23 21:41:22', '', NULL, '');
INSERT INTO `sys_menu` (`menu_id`, `menu_name`, `parent_id`, `order_num`, `path`, `component`, `query`, `is_frame`, `is_cache`, `menu_type`, `visible`, `status`, `perms`, `icon`, `create_by`, `create_time`, `update_by`, `update_time`, `remark`) VALUES (2004, '点位管理修改', 2001, 3, '#', '', NULL, 1, 0, 'F', '0', '0', 'manage:node:edit', '#', 'admin', '2024-10-23 21:41:22', '', NULL, '');
INSERT INTO `sys_menu` (`menu_id`, `menu_name`, `parent_id`, `order_num`, `path`, `component`, `query`, `is_frame`, `is_cache`, `menu_type`, `visible`, `status`, `perms`, `icon`, `create_by`, `create_time`, `update_by`, `update_time`, `remark`) VALUES (2005, '点位管理删除', 2001, 4, '#', '', NULL, 1, 0, 'F', '0', '0', 'manage:node:remove', '#', 'admin', '2024-10-23 21:41:22', '', NULL, '');
INSERT INTO `sys_menu` (`menu_id`, `menu_name`, `parent_id`, `order_num`, `path`, `component`, `query`, `is_frame`, `is_cache`, `menu_type`, `visible`, `status`, `perms`, `icon`, `create_by`, `create_time`, `update_by`, `update_time`, `remark`) VALUES (2006, '点位管理导出', 2001, 5, '#', '', NULL, 1, 0, 'F', '0', '0', 'manage:node:export', '#', 'admin', '2024-10-23 21:41:22', '', NULL, '');
INSERT INTO `sys_menu` (`menu_id`, `menu_name`, `parent_id`, `order_num`, `path`, `component`, `query`, `is_frame`, `is_cache`, `menu_type`, `visible`, `status`, `perms`, `icon`, `create_by`, `create_time`, `update_by`, `update_time`, `remark`) VALUES (2007, '合作商管理', 2000, 1, 'partner', 'manage/partner/index', NULL, 1, 0, 'C', '0', '0', 'manage:partner:list', '#', 'admin', '2024-10-23 21:41:24', '', NULL, '合作商管理菜单');
INSERT INTO `sys_menu` (`menu_id`, `menu_name`, `parent_id`, `order_num`, `path`, `component`, `query`, `is_frame`, `is_cache`, `menu_type`, `visible`, `status`, `perms`, `icon`, `create_by`, `create_time`, `update_by`, `update_time`, `remark`) VALUES (2008, '合作商管理查询', 2007, 1, '#', '', NULL, 1, 0, 'F', '0', '0', 'manage:partner:query', '#', 'admin', '2024-10-23 21:41:24', '', NULL, '');
INSERT INTO `sys_menu` (`menu_id`, `menu_name`, `parent_id`, `order_num`, `path`, `component`, `query`, `is_frame`, `is_cache`, `menu_type`, `visible`, `status`, `perms`, `icon`, `create_by`, `create_time`, `update_by`, `update_time`, `remark`) VALUES (2009, '合作商管理新增', 2007, 2, '#', '', NULL, 1, 0, 'F', '0', '0', 'manage:partner:add', '#', 'admin', '2024-10-23 21:41:24', '', NULL, '');
INSERT INTO `sys_menu` (`menu_id`, `menu_name`, `parent_id`, `order_num`, `path`, `component`, `query`, `is_frame`, `is_cache`, `menu_type`, `visible`, `status`, `perms`, `icon`, `create_by`, `create_time`, `update_by`, `update_time`, `remark`) VALUES (2010, '合作商管理修改', 2007, 3, '#', '', NULL, 1, 0, 'F', '0', '0', 'manage:partner:edit', '#', 'admin', '2024-10-23 21:41:24', '', NULL, '');
INSERT INTO `sys_menu` (`menu_id`, `menu_name`, `parent_id`, `order_num`, `path`, `component`, `query`, `is_frame`, `is_cache`, `menu_type`, `visible`, `status`, `perms`, `icon`, `create_by`, `create_time`, `update_by`, `update_time`, `remark`) VALUES (2011, '合作商管理删除', 2007, 4, '#', '', NULL, 1, 0, 'F', '0', '0', 'manage:partner:remove', '#', 'admin', '2024-10-23 21:41:24', '', NULL, '');
INSERT INTO `sys_menu` (`menu_id`, `menu_name`, `parent_id`, `order_num`, `path`, `component`, `query`, `is_frame`, `is_cache`, `menu_type`, `visible`, `status`, `perms`, `icon`, `create_by`, `create_time`, `update_by`, `update_time`, `remark`) VALUES (2012, '合作商管理导出', 2007, 5, '#', '', NULL, 1, 0, 'F', '0', '0', 'manage:partner:export', '#', 'admin', '2024-10-23 21:41:24', '', NULL, '');
INSERT INTO `sys_menu` (`menu_id`, `menu_name`, `parent_id`, `order_num`, `path`, `component`, `query`, `is_frame`, `is_cache`, `menu_type`, `visible`, `status`, `perms`, `icon`, `create_by`, `create_time`, `update_by`, `update_time`, `remark`) VALUES (2013, '区域管理', 2000, 1, 'region', 'manage/region/index', NULL, 1, 0, 'C', '0', '0', 'manage:region:list', '#', 'admin', '2024-10-23 21:41:25', '', NULL, '区域管理菜单');
INSERT INTO `sys_menu` (`menu_id`, `menu_name`, `parent_id`, `order_num`, `path`, `component`, `query`, `is_frame`, `is_cache`, `menu_type`, `visible`, `status`, `perms`, `icon`, `create_by`, `create_time`, `update_by`, `update_time`, `remark`) VALUES (2014, '区域管理查询', 2013, 1, '#', '', NULL, 1, 0, 'F', '0', '0', 'manage:region:query', '#', 'admin', '2024-10-23 21:41:25', '', NULL, '');
INSERT INTO `sys_menu` (`menu_id`, `menu_name`, `parent_id`, `order_num`, `path`, `component`, `query`, `is_frame`, `is_cache`, `menu_type`, `visible`, `status`, `perms`, `icon`, `create_by`, `create_time`, `update_by`, `update_time`, `remark`) VALUES (2015, '区域管理新增', 2013, 2, '#', '', NULL, 1, 0, 'F', '0', '0', 'manage:region:add', '#', 'admin', '2024-10-23 21:41:25', '', NULL, '');
INSERT INTO `sys_menu` (`menu_id`, `menu_name`, `parent_id`, `order_num`, `path`, `component`, `query`, `is_frame`, `is_cache`, `menu_type`, `visible`, `status`, `perms`, `icon`, `create_by`, `create_time`, `update_by`, `update_time`, `remark`) VALUES (2016, '区域管理修改', 2013, 3, '#', '', NULL, 1, 0, 'F', '0', '0', 'manage:region:edit', '#', 'admin', '2024-10-23 21:41:25', '', NULL, '');
INSERT INTO `sys_menu` (`menu_id`, `menu_name`, `parent_id`, `order_num`, `path`, `component`, `query`, `is_frame`, `is_cache`, `menu_type`, `visible`, `status`, `perms`, `icon`, `create_by`, `create_time`, `update_by`, `update_time`, `remark`) VALUES (2017, '区域管理删除', 2013, 4, '#', '', NULL, 1, 0, 'F', '0', '0', 'manage:region:remove', '#', 'admin', '2024-10-23 21:41:25', '', NULL, '');
INSERT INTO `sys_menu` (`menu_id`, `menu_name`, `parent_id`, `order_num`, `path`, `component`, `query`, `is_frame`, `is_cache`, `menu_type`, `visible`, `status`, `perms`, `icon`, `create_by`, `create_time`, `update_by`, `update_time`, `remark`) VALUES (2018, '区域管理导出', 2013, 5, '#', '', NULL, 1, 0, 'F', '0', '0', 'manage:region:export', '#', 'admin', '2024-10-23 21:41:25', '', NULL, '');
INSERT INTO `sys_menu` (`menu_id`, `menu_name`, `parent_id`, `order_num`, `path`, `component`, `query`, `is_frame`, `is_cache`, `menu_type`, `visible`, `status`, `perms`, `icon`, `create_by`, `create_time`, `update_by`, `update_time`, `remark`) VALUES (2019, '人员管理', 0, 1, 'emp', NULL, NULL, 1, 0, 'M', '0', '0', '', 'user', 'admin', '2024-10-27 14:45:37', 'admin', '2024-10-27 14:45:50', '');
INSERT INTO `sys_menu` (`menu_id`, `menu_name`, `parent_id`, `order_num`, `path`, `component`, `query`, `is_frame`, `is_cache`, `menu_type`, `visible`, `status`, `perms`, `icon`, `create_by`, `create_time`, `update_by`, `update_time`, `remark`) VALUES (2020, '工单员工', 2019, 1, 'emp', 'manage/emp/index', NULL, 1, 0, 'C', '0', '0', 'manage:emp:list', '#', 'admin', '2024-10-27 14:59:12', '', NULL, '工单员工菜单');
INSERT INTO `sys_menu` (`menu_id`, `menu_name`, `parent_id`, `order_num`, `path`, `component`, `query`, `is_frame`, `is_cache`, `menu_type`, `visible`, `status`, `perms`, `icon`, `create_by`, `create_time`, `update_by`, `update_time`, `remark`) VALUES (2021, '工单员工查询', 2020, 1, '#', '', NULL, 1, 0, 'F', '0', '0', 'manage:emp:query', '#', 'admin', '2024-10-27 14:59:12', '', NULL, '');
INSERT INTO `sys_menu` (`menu_id`, `menu_name`, `parent_id`, `order_num`, `path`, `component`, `query`, `is_frame`, `is_cache`, `menu_type`, `visible`, `status`, `perms`, `icon`, `create_by`, `create_time`, `update_by`, `update_time`, `remark`) VALUES (2022, '工单员工新增', 2020, 2, '#', '', NULL, 1, 0, 'F', '0', '0', 'manage:emp:add', '#', 'admin', '2024-10-27 14:59:12', '', NULL, '');
INSERT INTO `sys_menu` (`menu_id`, `menu_name`, `parent_id`, `order_num`, `path`, `component`, `query`, `is_frame`, `is_cache`, `menu_type`, `visible`, `status`, `perms`, `icon`, `create_by`, `create_time`, `update_by`, `update_time`, `remark`) VALUES (2023, '工单员工修改', 2020, 3, '#', '', NULL, 1, 0, 'F', '0', '0', 'manage:emp:edit', '#', 'admin', '2024-10-27 14:59:12', '', NULL, '');
INSERT INTO `sys_menu` (`menu_id`, `menu_name`, `parent_id`, `order_num`, `path`, `component`, `query`, `is_frame`, `is_cache`, `menu_type`, `visible`, `status`, `perms`, `icon`, `create_by`, `create_time`, `update_by`, `update_time`, `remark`) VALUES (2024, '工单员工删除', 2020, 4, '#', '', NULL, 1, 0, 'F', '0', '0', 'manage:emp:remove', '#', 'admin', '2024-10-27 14:59:12', '', NULL, '');
INSERT INTO `sys_menu` (`menu_id`, `menu_name`, `parent_id`, `order_num`, `path`, `component`, `query`, `is_frame`, `is_cache`, `menu_type`, `visible`, `status`, `perms`, `icon`, `create_by`, `create_time`, `update_by`, `update_time`, `remark`) VALUES (2025, '工单员工导出', 2020, 5, '#', '', NULL, 1, 0, 'F', '0', '0', 'manage:emp:export', '#', 'admin', '2024-10-27 14:59:12', '', NULL, '');
INSERT INTO `sys_menu` (`menu_id`, `menu_name`, `parent_id`, `order_num`, `path`, `component`, `query`, `is_frame`, `is_cache`, `menu_type`, `visible`, `status`, `perms`, `icon`, `create_by`, `create_time`, `update_by`, `update_time`, `remark`) VALUES (2026, '设备管理', 0, 3, 'vm', NULL, NULL, 1, 0, 'M', '0', '0', NULL, '设备管理', 'admin', '2024-10-28 20:53:50', '', NULL, '');
INSERT INTO `sys_menu` (`menu_id`, `menu_name`, `parent_id`, `order_num`, `path`, `component`, `query`, `is_frame`, `is_cache`, `menu_type`, `visible`, `status`, `perms`, `icon`, `create_by`, `create_time`, `update_by`, `update_time`, `remark`) VALUES (2033, '售货机货道', 2026, 1, 'channel', 'manage/channel/index', NULL, 1, 0, 'C', '0', '1', 'manage:channel:list', '#', 'admin', '2024-10-28 21:16:59', '', NULL, '售货机货道菜单');
INSERT INTO `sys_menu` (`menu_id`, `menu_name`, `parent_id`, `order_num`, `path`, `component`, `query`, `is_frame`, `is_cache`, `menu_type`, `visible`, `status`, `perms`, `icon`, `create_by`, `create_time`, `update_by`, `update_time`, `remark`) VALUES (2034, '售货机货道查询', 2033, 1, '#', '', NULL, 1, 0, 'F', '0', '1', 'manage:channel:query', '#', 'admin', '2024-10-28 21:16:59', '', NULL, '');
INSERT INTO `sys_menu` (`menu_id`, `menu_name`, `parent_id`, `order_num`, `path`, `component`, `query`, `is_frame`, `is_cache`, `menu_type`, `visible`, `status`, `perms`, `icon`, `create_by`, `create_time`, `update_by`, `update_time`, `remark`) VALUES (2035, '售货机货道新增', 2033, 2, '#', '', NULL, 1, 0, 'F', '0', '1', 'manage:channel:add', '#', 'admin', '2024-10-28 21:16:59', '', NULL, '');
INSERT INTO `sys_menu` (`menu_id`, `menu_name`, `parent_id`, `order_num`, `path`, `component`, `query`, `is_frame`, `is_cache`, `menu_type`, `visible`, `status`, `perms`, `icon`, `create_by`, `create_time`, `update_by`, `update_time`, `remark`) VALUES (2036, '售货机货道修改', 2033, 3, '#', '', NULL, 1, 0, 'F', '0', '1', 'manage:channel:edit', '#', 'admin', '2024-10-28 21:16:59', '', NULL, '');
INSERT INTO `sys_menu` (`menu_id`, `menu_name`, `parent_id`, `order_num`, `path`, `component`, `query`, `is_frame`, `is_cache`, `menu_type`, `visible`, `status`, `perms`, `icon`, `create_by`, `create_time`, `update_by`, `update_time`, `remark`) VALUES (2037, '售货机货道删除', 2033, 4, '#', '', NULL, 1, 0, 'F', '0', '1', 'manage:channel:remove', '#', 'admin', '2024-10-28 21:16:59', '', NULL, '');
INSERT INTO `sys_menu` (`menu_id`, `menu_name`, `parent_id`, `order_num`, `path`, `component`, `query`, `is_frame`, `is_cache`, `menu_type`, `visible`, `status`, `perms`, `icon`, `create_by`, `create_time`, `update_by`, `update_time`, `remark`) VALUES (2038, '售货机货道导出', 2033, 5, '#', '', NULL, 1, 0, 'F', '0', '1', 'manage:channel:export', '#', 'admin', '2024-10-28 21:16:59', '', NULL, '');
INSERT INTO `sys_menu` (`menu_id`, `menu_name`, `parent_id`, `order_num`, `path`, `component`, `query`, `is_frame`, `is_cache`, `menu_type`, `visible`, `status`, `perms`, `icon`, `create_by`, `create_time`, `update_by`, `update_time`, `remark`) VALUES (2045, '设备管理', 2026, 1, 'vm', 'manage/vm/index', NULL, 1, 0, 'C', '0', '0', 'manage:vm:list', '#', 'admin', '2024-10-28 21:17:17', '', NULL, '设备菜单');
INSERT INTO `sys_menu` (`menu_id`, `menu_name`, `parent_id`, `order_num`, `path`, `component`, `query`, `is_frame`, `is_cache`, `menu_type`, `visible`, `status`, `perms`, `icon`, `create_by`, `create_time`, `update_by`, `update_time`, `remark`) VALUES (2046, '设备查询', 2045, 1, '#', '', NULL, 1, 0, 'F', '0', '0', 'manage:vm:query', '#', 'admin', '2024-10-28 21:17:17', '', NULL, '');
INSERT INTO `sys_menu` (`menu_id`, `menu_name`, `parent_id`, `order_num`, `path`, `component`, `query`, `is_frame`, `is_cache`, `menu_type`, `visible`, `status`, `perms`, `icon`, `create_by`, `create_time`, `update_by`, `update_time`, `remark`) VALUES (2047, '设备新增', 2045, 2, '#', '', NULL, 1, 0, 'F', '0', '0', 'manage:vm:add', '#', 'admin', '2024-10-28 21:17:17', '', NULL, '');
INSERT INTO `sys_menu` (`menu_id`, `menu_name`, `parent_id`, `order_num`, `path`, `component`, `query`, `is_frame`, `is_cache`, `menu_type`, `visible`, `status`, `perms`, `icon`, `create_by`, `create_time`, `update_by`, `update_time`, `remark`) VALUES (2048, '设备修改', 2045, 3, '#', '', NULL, 1, 0, 'F', '0', '0', 'manage:vm:edit', '#', 'admin', '2024-10-28 21:17:17', '', NULL, '');
INSERT INTO `sys_menu` (`menu_id`, `menu_name`, `parent_id`, `order_num`, `path`, `component`, `query`, `is_frame`, `is_cache`, `menu_type`, `visible`, `status`, `perms`, `icon`, `create_by`, `create_time`, `update_by`, `update_time`, `remark`) VALUES (2049, '设备删除', 2045, 4, '#', '', NULL, 1, 0, 'F', '0', '0', 'manage:vm:remove', '#', 'admin', '2024-10-28 21:17:17', '', NULL, '');
INSERT INTO `sys_menu` (`menu_id`, `menu_name`, `parent_id`, `order_num`, `path`, `component`, `query`, `is_frame`, `is_cache`, `menu_type`, `visible`, `status`, `perms`, `icon`, `create_by`, `create_time`, `update_by`, `update_time`, `remark`) VALUES (2050, '设备导出', 2045, 5, '#', '', NULL, 1, 0, 'F', '0', '0', 'manage:vm:export', '#', 'admin', '2024-10-28 21:17:17', '', NULL, '');
INSERT INTO `sys_menu` (`menu_id`, `menu_name`, `parent_id`, `order_num`, `path`, `component`, `query`, `is_frame`, `is_cache`, `menu_type`, `visible`, `status`, `perms`, `icon`, `create_by`, `create_time`, `update_by`, `update_time`, `remark`) VALUES (2051, '设备类型', 2026, 1, 'vmType', 'manage/vmType/index', NULL, 1, 0, 'C', '0', '0', 'manage:vmType:list', '#', 'admin', '2024-10-28 22:40:37', '', NULL, '设备类型菜单');
INSERT INTO `sys_menu` (`menu_id`, `menu_name`, `parent_id`, `order_num`, `path`, `component`, `query`, `is_frame`, `is_cache`, `menu_type`, `visible`, `status`, `perms`, `icon`, `create_by`, `create_time`, `update_by`, `update_time`, `remark`) VALUES (2052, '设备类型查询', 2051, 1, '#', '', NULL, 1, 0, 'F', '0', '0', 'manage:vmType:query', '#', 'admin', '2024-10-28 22:40:37', '', NULL, '');
INSERT INTO `sys_menu` (`menu_id`, `menu_name`, `parent_id`, `order_num`, `path`, `component`, `query`, `is_frame`, `is_cache`, `menu_type`, `visible`, `status`, `perms`, `icon`, `create_by`, `create_time`, `update_by`, `update_time`, `remark`) VALUES (2053, '设备类型新增', 2051, 2, '#', '', NULL, 1, 0, 'F', '0', '0', 'manage:vmType:add', '#', 'admin', '2024-10-28 22:40:37', '', NULL, '');
INSERT INTO `sys_menu` (`menu_id`, `menu_name`, `parent_id`, `order_num`, `path`, `component`, `query`, `is_frame`, `is_cache`, `menu_type`, `visible`, `status`, `perms`, `icon`, `create_by`, `create_time`, `update_by`, `update_time`, `remark`) VALUES (2054, '设备类型修改', 2051, 3, '#', '', NULL, 1, 0, 'F', '0', '0', 'manage:vmType:edit', '#', 'admin', '2024-10-28 22:40:37', '', NULL, '');
INSERT INTO `sys_menu` (`menu_id`, `menu_name`, `parent_id`, `order_num`, `path`, `component`, `query`, `is_frame`, `is_cache`, `menu_type`, `visible`, `status`, `perms`, `icon`, `create_by`, `create_time`, `update_by`, `update_time`, `remark`) VALUES (2055, '设备类型删除', 2051, 4, '#', '', NULL, 1, 0, 'F', '0', '0', 'manage:vmType:remove', '#', 'admin', '2024-10-28 22:40:37', '', NULL, '');
INSERT INTO `sys_menu` (`menu_id`, `menu_name`, `parent_id`, `order_num`, `path`, `component`, `query`, `is_frame`, `is_cache`, `menu_type`, `visible`, `status`, `perms`, `icon`, `create_by`, `create_time`, `update_by`, `update_time`, `remark`) VALUES (2056, '设备类型导出', 2051, 5, '#', '', NULL, 1, 0, 'F', '0', '0', 'manage:vmType:export', '#', 'admin', '2024-10-28 22:40:37', '', NULL, '');
INSERT INTO `sys_menu` (`menu_id`, `menu_name`, `parent_id`, `order_num`, `path`, `component`, `query`, `is_frame`, `is_cache`, `menu_type`, `visible`, `status`, `perms`, `icon`, `create_by`, `create_time`, `update_by`, `update_time`, `remark`) VALUES (2057, '设备状态管理', 2026, 3, 'vmStatus', 'manage/vmStatus/index', NULL, 1, 0, 'C', '0', '0', 'manage:vmStatus:list', '#', 'admin', '2024-10-29 14:32:11', 'admin', '2024-10-29 14:34:53', '');
INSERT INTO `sys_menu` (`menu_id`, `menu_name`, `parent_id`, `order_num`, `path`, `component`, `query`, `is_frame`, `is_cache`, `menu_type`, `visible`, `status`, `perms`, `icon`, `create_by`, `create_time`, `update_by`, `update_time`, `remark`) VALUES (2059, '策略管理', 0, 3, 'policy', 'manage/policy/index', NULL, 1, 0, 'C', '0', '0', 'manage:policy:list', '#', 'admin', '2024-10-29 17:49:53', '', NULL, '策略管理菜单');
INSERT INTO `sys_menu` (`menu_id`, `menu_name`, `parent_id`, `order_num`, `path`, `component`, `query`, `is_frame`, `is_cache`, `menu_type`, `visible`, `status`, `perms`, `icon`, `create_by`, `create_time`, `update_by`, `update_time`, `remark`) VALUES (2060, '策略管理查询', 2059, 1, '#', '', NULL, 1, 0, 'F', '0', '0', 'manage:policy:query', '#', 'admin', '2024-10-29 17:49:53', '', NULL, '');
INSERT INTO `sys_menu` (`menu_id`, `menu_name`, `parent_id`, `order_num`, `path`, `component`, `query`, `is_frame`, `is_cache`, `menu_type`, `visible`, `status`, `perms`, `icon`, `create_by`, `create_time`, `update_by`, `update_time`, `remark`) VALUES (2061, '策略管理新增', 2059, 2, '#', '', NULL, 1, 0, 'F', '0', '0', 'manage:policy:add', '#', 'admin', '2024-10-29 17:49:53', '', NULL, '');
INSERT INTO `sys_menu` (`menu_id`, `menu_name`, `parent_id`, `order_num`, `path`, `component`, `query`, `is_frame`, `is_cache`, `menu_type`, `visible`, `status`, `perms`, `icon`, `create_by`, `create_time`, `update_by`, `update_time`, `remark`) VALUES (2062, '策略管理修改', 2059, 3, '#', '', NULL, 1, 0, 'F', '0', '0', 'manage:policy:edit', '#', 'admin', '2024-10-29 17:49:53', '', NULL, '');
INSERT INTO `sys_menu` (`menu_id`, `menu_name`, `parent_id`, `order_num`, `path`, `component`, `query`, `is_frame`, `is_cache`, `menu_type`, `visible`, `status`, `perms`, `icon`, `create_by`, `create_time`, `update_by`, `update_time`, `remark`) VALUES (2063, '策略管理删除', 2059, 4, '#', '', NULL, 1, 0, 'F', '0', '0', 'manage:policy:remove', '#', 'admin', '2024-10-29 17:49:53', '', NULL, '');
INSERT INTO `sys_menu` (`menu_id`, `menu_name`, `parent_id`, `order_num`, `path`, `component`, `query`, `is_frame`, `is_cache`, `menu_type`, `visible`, `status`, `perms`, `icon`, `create_by`, `create_time`, `update_by`, `update_time`, `remark`) VALUES (2064, '策略管理导出', 2059, 5, '#', '', NULL, 1, 0, 'F', '0', '0', 'manage:policy:export', '#', 'admin', '2024-10-29 17:49:53', '', NULL, '');
INSERT INTO `sys_menu` (`menu_id`, `menu_name`, `parent_id`, `order_num`, `path`, `component`, `query`, `is_frame`, `is_cache`, `menu_type`, `visible`, `status`, `perms`, `icon`, `create_by`, `create_time`, `update_by`, `update_time`, `remark`) VALUES (2065, '商品管理', 0, 5, 'sku', NULL, NULL, 1, 0, 'M', '0', '0', NULL, '商品管理', 'admin', '2024-10-31 09:46:33', '', NULL, '');
INSERT INTO `sys_menu` (`menu_id`, `menu_name`, `parent_id`, `order_num`, `path`, `component`, `query`, `is_frame`, `is_cache`, `menu_type`, `visible`, `status`, `perms`, `icon`, `create_by`, `create_time`, `update_by`, `update_time`, `remark`) VALUES (2066, '商品类型', 2065, 1, 'skuClass', 'manage/skuClass/index', NULL, 1, 0, 'C', '0', '0', 'manage:skuClass:list', '#', 'admin', '2024-10-31 09:58:19', '', NULL, '商品类型菜单');
INSERT INTO `sys_menu` (`menu_id`, `menu_name`, `parent_id`, `order_num`, `path`, `component`, `query`, `is_frame`, `is_cache`, `menu_type`, `visible`, `status`, `perms`, `icon`, `create_by`, `create_time`, `update_by`, `update_time`, `remark`) VALUES (2067, '商品类型查询', 2066, 1, '#', '', NULL, 1, 0, 'F', '0', '0', 'manage:skuClass:query', '#', 'admin', '2024-10-31 09:58:19', '', NULL, '');
INSERT INTO `sys_menu` (`menu_id`, `menu_name`, `parent_id`, `order_num`, `path`, `component`, `query`, `is_frame`, `is_cache`, `menu_type`, `visible`, `status`, `perms`, `icon`, `create_by`, `create_time`, `update_by`, `update_time`, `remark`) VALUES (2068, '商品类型新增', 2066, 2, '#', '', NULL, 1, 0, 'F', '0', '0', 'manage:skuClass:add', '#', 'admin', '2024-10-31 09:58:19', '', NULL, '');
INSERT INTO `sys_menu` (`menu_id`, `menu_name`, `parent_id`, `order_num`, `path`, `component`, `query`, `is_frame`, `is_cache`, `menu_type`, `visible`, `status`, `perms`, `icon`, `create_by`, `create_time`, `update_by`, `update_time`, `remark`) VALUES (2069, '商品类型修改', 2066, 3, '#', '', NULL, 1, 0, 'F', '0', '0', 'manage:skuClass:edit', '#', 'admin', '2024-10-31 09:58:19', '', NULL, '');
INSERT INTO `sys_menu` (`menu_id`, `menu_name`, `parent_id`, `order_num`, `path`, `component`, `query`, `is_frame`, `is_cache`, `menu_type`, `visible`, `status`, `perms`, `icon`, `create_by`, `create_time`, `update_by`, `update_time`, `remark`) VALUES (2070, '商品类型删除', 2066, 4, '#', '', NULL, 1, 0, 'F', '0', '0', 'manage:skuClass:remove', '#', 'admin', '2024-10-31 09:58:19', '', NULL, '');
INSERT INTO `sys_menu` (`menu_id`, `menu_name`, `parent_id`, `order_num`, `path`, `component`, `query`, `is_frame`, `is_cache`, `menu_type`, `visible`, `status`, `perms`, `icon`, `create_by`, `create_time`, `update_by`, `update_time`, `remark`) VALUES (2071, '商品类型导出', 2066, 5, '#', '', NULL, 1, 0, 'F', '0', '0', 'manage:skuClass:export', '#', 'admin', '2024-10-31 09:58:19', '', NULL, '');
INSERT INTO `sys_menu` (`menu_id`, `menu_name`, `parent_id`, `order_num`, `path`, `component`, `query`, `is_frame`, `is_cache`, `menu_type`, `visible`, `status`, `perms`, `icon`, `create_by`, `create_time`, `update_by`, `update_time`, `remark`) VALUES (2072, '商品', 2065, 1, 'sku', 'manage/sku/index', NULL, 1, 0, 'C', '0', '0', 'manage:sku:list', '#', 'admin', '2024-10-31 09:58:40', '', NULL, '商品菜单');
INSERT INTO `sys_menu` (`menu_id`, `menu_name`, `parent_id`, `order_num`, `path`, `component`, `query`, `is_frame`, `is_cache`, `menu_type`, `visible`, `status`, `perms`, `icon`, `create_by`, `create_time`, `update_by`, `update_time`, `remark`) VALUES (2073, '商品查询', 2072, 1, '#', '', NULL, 1, 0, 'F', '0', '0', 'manage:sku:query', '#', 'admin', '2024-10-31 09:58:40', '', NULL, '');
INSERT INTO `sys_menu` (`menu_id`, `menu_name`, `parent_id`, `order_num`, `path`, `component`, `query`, `is_frame`, `is_cache`, `menu_type`, `visible`, `status`, `perms`, `icon`, `create_by`, `create_time`, `update_by`, `update_time`, `remark`) VALUES (2074, '商品新增', 2072, 2, '#', '', NULL, 1, 0, 'F', '0', '0', 'manage:sku:add', '#', 'admin', '2024-10-31 09:58:40', '', NULL, '');
INSERT INTO `sys_menu` (`menu_id`, `menu_name`, `parent_id`, `order_num`, `path`, `component`, `query`, `is_frame`, `is_cache`, `menu_type`, `visible`, `status`, `perms`, `icon`, `create_by`, `create_time`, `update_by`, `update_time`, `remark`) VALUES (2075, '商品修改', 2072, 3, '#', '', NULL, 1, 0, 'F', '0', '0', 'manage:sku:edit', '#', 'admin', '2024-10-31 09:58:40', '', NULL, '');
INSERT INTO `sys_menu` (`menu_id`, `menu_name`, `parent_id`, `order_num`, `path`, `component`, `query`, `is_frame`, `is_cache`, `menu_type`, `visible`, `status`, `perms`, `icon`, `create_by`, `create_time`, `update_by`, `update_time`, `remark`) VALUES (2076, '商品删除', 2072, 4, '#', '', NULL, 1, 0, 'F', '0', '0', 'manage:sku:remove', '#', 'admin', '2024-10-31 09:58:40', '', NULL, '');
INSERT INTO `sys_menu` (`menu_id`, `menu_name`, `parent_id`, `order_num`, `path`, `component`, `query`, `is_frame`, `is_cache`, `menu_type`, `visible`, `status`, `perms`, `icon`, `create_by`, `create_time`, `update_by`, `update_time`, `remark`) VALUES (2077, '商品导出', 2072, 5, '#', '', NULL, 1, 0, 'F', '0', '0', 'manage:sku:export', '#', 'admin', '2024-10-31 09:58:40', '', NULL, '');
COMMIT;

-- ----------------------------
-- Table structure for sys_notice
-- ----------------------------
DROP TABLE IF EXISTS `sys_notice`;
CREATE TABLE `sys_notice` (
  `notice_id` int NOT NULL AUTO_INCREMENT COMMENT '公告ID',
  `notice_title` varchar(50) CHARACTER SET utf8mb4 COLLATE utf8mb4_0900_ai_ci NOT NULL COMMENT '公告标题',
  `notice_type` char(1) CHARACTER SET utf8mb4 COLLATE utf8mb4_0900_ai_ci NOT NULL COMMENT '公告类型（1通知 2公告）',
  `notice_content` longblob COMMENT '公告内容',
  `status` char(1) CHARACTER SET utf8mb4 COLLATE utf8mb4_0900_ai_ci DEFAULT '0' COMMENT '公告状态（0正常 1关闭）',
  `create_by` varchar(64) CHARACTER SET utf8mb4 COLLATE utf8mb4_0900_ai_ci DEFAULT '' COMMENT '创建者',
  `create_time` datetime DEFAULT NULL COMMENT '创建时间',
  `update_by` varchar(64) CHARACTER SET utf8mb4 COLLATE utf8mb4_0900_ai_ci DEFAULT '' COMMENT '更新者',
  `update_time` datetime DEFAULT NULL COMMENT '更新时间',
  `remark` varchar(255) CHARACTER SET utf8mb4 COLLATE utf8mb4_0900_ai_ci DEFAULT NULL COMMENT '备注',
  PRIMARY KEY (`notice_id`) USING BTREE
) ENGINE=InnoDB AUTO_INCREMENT=10 DEFAULT CHARSET=utf8mb4 COLLATE=utf8mb4_0900_ai_ci ROW_FORMAT=DYNAMIC COMMENT='通知公告表';

-- ----------------------------
-- Records of sys_notice
-- ----------------------------
BEGIN;
INSERT INTO `sys_notice` (`notice_id`, `notice_title`, `notice_type`, `notice_content`, `status`, `create_by`, `create_time`, `update_by`, `update_time`, `remark`) VALUES (1, '温馨提醒：2018-07-01 若依新版本发布啦', '2', 0xE696B0E78988E69CACE58685E5AEB9, '0', 'admin', '2024-10-23 20:28:39', '', NULL, '管理员');
INSERT INTO `sys_notice` (`notice_id`, `notice_title`, `notice_type`, `notice_content`, `status`, `create_by`, `create_time`, `update_by`, `update_time`, `remark`) VALUES (2, '维护通知：2018-07-01 若依系统凌晨维护', '1', 0xE7BBB4E68AA4E58685E5AEB9, '0', 'admin', '2024-10-23 20:28:39', '', NULL, '管理员');
COMMIT;

-- ----------------------------
-- Table structure for sys_oper_log
-- ----------------------------
DROP TABLE IF EXISTS `sys_oper_log`;
CREATE TABLE `sys_oper_log` (
  `oper_id` bigint NOT NULL AUTO_INCREMENT COMMENT '日志主键',
  `title` varchar(50) CHARACTER SET utf8mb4 COLLATE utf8mb4_0900_ai_ci DEFAULT '' COMMENT '模块标题',
  `business_type` int DEFAULT '0' COMMENT '业务类型（0其它 1新增 2修改 3删除）',
  `method` varchar(100) CHARACTER SET utf8mb4 COLLATE utf8mb4_0900_ai_ci DEFAULT '' COMMENT '方法名称',
  `request_method` varchar(10) CHARACTER SET utf8mb4 COLLATE utf8mb4_0900_ai_ci DEFAULT '' COMMENT '请求方式',
  `operator_type` int DEFAULT '0' COMMENT '操作类别（0其它 1后台用户 2手机端用户）',
  `oper_name` varchar(50) CHARACTER SET utf8mb4 COLLATE utf8mb4_0900_ai_ci DEFAULT '' COMMENT '操作人员',
  `dept_name` varchar(50) CHARACTER SET utf8mb4 COLLATE utf8mb4_0900_ai_ci DEFAULT '' COMMENT '部门名称',
  `oper_url` varchar(255) CHARACTER SET utf8mb4 COLLATE utf8mb4_0900_ai_ci DEFAULT '' COMMENT '请求URL',
  `oper_ip` varchar(128) CHARACTER SET utf8mb4 COLLATE utf8mb4_0900_ai_ci DEFAULT '' COMMENT '主机地址',
  `oper_location` varchar(255) CHARACTER SET utf8mb4 COLLATE utf8mb4_0900_ai_ci DEFAULT '' COMMENT '操作地点',
  `oper_param` varchar(2000) CHARACTER SET utf8mb4 COLLATE utf8mb4_0900_ai_ci DEFAULT '' COMMENT '请求参数',
  `json_result` varchar(2000) CHARACTER SET utf8mb4 COLLATE utf8mb4_0900_ai_ci DEFAULT '' COMMENT '返回参数',
  `status` int DEFAULT '0' COMMENT '操作状态（0正常 1异常）',
  `error_msg` varchar(2000) CHARACTER SET utf8mb4 COLLATE utf8mb4_0900_ai_ci DEFAULT '' COMMENT '错误消息',
  `oper_time` datetime DEFAULT NULL COMMENT '操作时间',
  `cost_time` bigint DEFAULT '0' COMMENT '消耗时间',
  PRIMARY KEY (`oper_id`) USING BTREE,
  KEY `idx_sys_oper_log_bt` (`business_type`) USING BTREE,
  KEY `idx_sys_oper_log_s` (`status`) USING BTREE,
  KEY `idx_sys_oper_log_ot` (`oper_time`) USING BTREE
) ENGINE=InnoDB AUTO_INCREMENT=190 DEFAULT CHARSET=utf8mb4 COLLATE=utf8mb4_0900_ai_ci ROW_FORMAT=DYNAMIC COMMENT='操作日志记录';

-- ----------------------------
-- Records of sys_oper_log
-- ----------------------------
BEGIN;
INSERT INTO `sys_oper_log` (`oper_id`, `title`, `business_type`, `method`, `request_method`, `operator_type`, `oper_name`, `dept_name`, `oper_url`, `oper_ip`, `oper_location`, `oper_param`, `json_result`, `status`, `error_msg`, `oper_time`, `cost_time`) VALUES (100, '菜单管理', 1, 'com.dkd.web.controller.system.SysMenuController.add()', 'POST', 1, 'admin', '研发部门', '/system/menu', '127.0.0.1', '内网IP', '{\"children\":[],\"createBy\":\"admin\",\"icon\":\"点位管理\",\"isCache\":\"0\",\"isFrame\":\"1\",\"menuName\":\"点位管理\",\"menuType\":\"M\",\"orderNum\":2,\"params\":{},\"parentId\":0,\"path\":\"node\",\"status\":\"0\",\"visible\":\"0\"}', '{\"msg\":\"操作成功\",\"code\":200}', 0, NULL, '2024-10-23 21:22:04', 20);
INSERT INTO `sys_oper_log` (`oper_id`, `title`, `business_type`, `method`, `request_method`, `operator_type`, `oper_name`, `dept_name`, `oper_url`, `oper_ip`, `oper_location`, `oper_param`, `json_result`, `status`, `error_msg`, `oper_time`, `cost_time`) VALUES (101, '字典类型', 1, 'com.dkd.web.controller.system.SysDictTypeController.add()', 'POST', 1, 'admin', '研发部门', '/system/dict/type', '127.0.0.1', '内网IP', '{\"createBy\":\"admin\",\"dictName\":\"商圈类型\",\"dictType\":\"business_type\",\"params\":{},\"remark\":\"商圈类型\",\"status\":\"0\"}', '{\"msg\":\"操作成功\",\"code\":200}', 0, NULL, '2024-10-23 21:23:18', 10);
INSERT INTO `sys_oper_log` (`oper_id`, `title`, `business_type`, `method`, `request_method`, `operator_type`, `oper_name`, `dept_name`, `oper_url`, `oper_ip`, `oper_location`, `oper_param`, `json_result`, `status`, `error_msg`, `oper_time`, `cost_time`) VALUES (102, '字典类型', 9, 'com.dkd.web.controller.system.SysDictTypeController.refreshCache()', 'DELETE', 1, 'admin', '研发部门', '/system/dict/type/refreshCache', '127.0.0.1', '内网IP', '{}', '{\"msg\":\"操作成功\",\"code\":200}', 0, NULL, '2024-10-23 21:23:21', 15);
INSERT INTO `sys_oper_log` (`oper_id`, `title`, `business_type`, `method`, `request_method`, `operator_type`, `oper_name`, `dept_name`, `oper_url`, `oper_ip`, `oper_location`, `oper_param`, `json_result`, `status`, `error_msg`, `oper_time`, `cost_time`) VALUES (103, '字典数据', 1, 'com.dkd.web.controller.system.SysDictDataController.add()', 'POST', 1, 'admin', '研发部门', '/system/dict/data', '127.0.0.1', '内网IP', '{\"createBy\":\"admin\",\"default\":false,\"dictLabel\":\"旅游区\",\"dictSort\":1,\"dictType\":\"business_type\",\"dictValue\":\"1\",\"listClass\":\"default\",\"params\":{},\"status\":\"0\"}', '{\"msg\":\"操作成功\",\"code\":200}', 0, NULL, '2024-10-23 21:24:33', 9);
INSERT INTO `sys_oper_log` (`oper_id`, `title`, `business_type`, `method`, `request_method`, `operator_type`, `oper_name`, `dept_name`, `oper_url`, `oper_ip`, `oper_location`, `oper_param`, `json_result`, `status`, `error_msg`, `oper_time`, `cost_time`) VALUES (104, '字典数据', 1, 'com.dkd.web.controller.system.SysDictDataController.add()', 'POST', 1, 'admin', '研发部门', '/system/dict/data', '127.0.0.1', '内网IP', '{\"createBy\":\"admin\",\"default\":false,\"dictLabel\":\"写字楼\",\"dictSort\":2,\"dictType\":\"business_type\",\"dictValue\":\"2\",\"listClass\":\"default\",\"params\":{},\"status\":\"0\"}', '{\"msg\":\"操作成功\",\"code\":200}', 0, NULL, '2024-10-23 21:24:52', 8);
INSERT INTO `sys_oper_log` (`oper_id`, `title`, `business_type`, `method`, `request_method`, `operator_type`, `oper_name`, `dept_name`, `oper_url`, `oper_ip`, `oper_location`, `oper_param`, `json_result`, `status`, `error_msg`, `oper_time`, `cost_time`) VALUES (105, '代码生成', 6, 'com.dkd.generator.controller.GenController.importTableSave()', 'POST', 1, 'admin', '研发部门', '/tool/gen/importTable', '127.0.0.1', '内网IP', '{\"tables\":\"tb_node,tb_partner,tb_region\"}', '{\"msg\":\"操作成功\",\"code\":200}', 0, NULL, '2024-10-23 21:29:26', 72);
INSERT INTO `sys_oper_log` (`oper_id`, `title`, `business_type`, `method`, `request_method`, `operator_type`, `oper_name`, `dept_name`, `oper_url`, `oper_ip`, `oper_location`, `oper_param`, `json_result`, `status`, `error_msg`, `oper_time`, `cost_time`) VALUES (106, '代码生成', 2, 'com.dkd.generator.controller.GenController.editSave()', 'PUT', 1, 'admin', '研发部门', '/tool/gen', '127.0.0.1', '内网IP', '{\"businessName\":\"region\",\"className\":\"TbRegion\",\"columns\":[{\"capJavaField\":\"Id\",\"columnComment\":\"主键id\",\"columnId\":24,\"columnName\":\"id\",\"columnType\":\"int\",\"createBy\":\"admin\",\"createTime\":\"2024-10-23 21:29:26\",\"dictType\":\"\",\"edit\":false,\"htmlType\":\"input\",\"increment\":true,\"insert\":true,\"isIncrement\":\"1\",\"isInsert\":\"1\",\"isPk\":\"1\",\"isRequired\":\"0\",\"javaField\":\"id\",\"javaType\":\"Long\",\"list\":false,\"params\":{},\"pk\":true,\"query\":false,\"queryType\":\"EQ\",\"required\":false,\"sort\":1,\"superColumn\":false,\"tableId\":3,\"updateBy\":\"\",\"usableColumn\":false},{\"capJavaField\":\"RegionName\",\"columnComment\":\"区域名称\",\"columnId\":25,\"columnName\":\"region_name\",\"columnType\":\"varchar(255)\",\"createBy\":\"admin\",\"createTime\":\"2024-10-23 21:29:26\",\"dictType\":\"\",\"edit\":true,\"htmlType\":\"input\",\"increment\":false,\"insert\":true,\"isEdit\":\"1\",\"isIncrement\":\"0\",\"isInsert\":\"1\",\"isList\":\"1\",\"isPk\":\"0\",\"isQuery\":\"1\",\"isRequired\":\"1\",\"javaField\":\"regionName\",\"javaType\":\"String\",\"list\":true,\"params\":{},\"pk\":false,\"query\":true,\"queryType\":\"LIKE\",\"required\":true,\"sort\":2,\"superColumn\":false,\"tableId\":3,\"updateBy\":\"\",\"usableColumn\":false},{\"capJavaField\":\"CreateTime\",\"columnComment\":\"创建时间\",\"columnId\":26,\"columnName\":\"create_time\",\"columnType\":\"timestamp\",\"createBy\":\"admin\",\"createTime\":\"2024-10-23 21:29:26\",\"dictType\":\"\",\"edit\":false,\"htmlType\":\"datetime\",\"increment\":false,\"insert\":true,\"isIncrement\":\"0\",\"isInsert\":\"1\",\"isPk\":\"0\",\"isRequired\":\"0\",\"javaField\":\"createTime\",\"javaType\":\"Date\",\"list\":false,\"params\":{},\"pk\":false,\"query\":false,\"queryType\":\"EQ\",\"required\":false,\"sort\":3,\"superColumn\":true,\"tableId\":3,\"updateBy\":\"\",\"usableColumn\":false},{\"capJavaField\":\"UpdateTime\",\"columnComment\":\"修改时间\",\"columnId\":27,\"columnName\":\"update_time\",\"columnType\":\"timestamp\",\"createBy\":\"admin\",\"createTime\":\"2024-10-23 21:29:26\",\"dictType\":\"\",\"edit\":true,\"htmlType\":\"datetime\",\"increment\":false,\"insert\":true,\"isEdit\":\"1\",\"isIncrement\":\"0\",\"isInsert\":\"1\",\"isPk\":\"0\",\"isRequired\":\"0\",\"javaField\":\"updateTime\",\"javaType\":\"Date\",\"list\":false,\"p', '{\"msg\":\"操作成功\",\"code\":200}', 0, NULL, '2024-10-23 21:30:07', 22);
INSERT INTO `sys_oper_log` (`oper_id`, `title`, `business_type`, `method`, `request_method`, `operator_type`, `oper_name`, `dept_name`, `oper_url`, `oper_ip`, `oper_location`, `oper_param`, `json_result`, `status`, `error_msg`, `oper_time`, `cost_time`) VALUES (107, '代码生成', 2, 'com.dkd.generator.controller.GenController.editSave()', 'PUT', 1, 'admin', '研发部门', '/tool/gen', '127.0.0.1', '内网IP', '{\"businessName\":\"node\",\"className\":\"TbNode\",\"columns\":[{\"capJavaField\":\"Id\",\"columnComment\":\"主键id\",\"columnId\":1,\"columnName\":\"id\",\"columnType\":\"int\",\"createBy\":\"admin\",\"createTime\":\"2024-10-23 21:29:26\",\"dictType\":\"\",\"edit\":false,\"htmlType\":\"input\",\"increment\":true,\"insert\":true,\"isIncrement\":\"1\",\"isInsert\":\"1\",\"isPk\":\"1\",\"isRequired\":\"0\",\"javaField\":\"id\",\"javaType\":\"Long\",\"list\":false,\"params\":{},\"pk\":true,\"query\":false,\"queryType\":\"EQ\",\"required\":false,\"sort\":1,\"superColumn\":false,\"tableId\":1,\"updateBy\":\"\",\"usableColumn\":false},{\"capJavaField\":\"NodeName\",\"columnComment\":\"点位名称\",\"columnId\":2,\"columnName\":\"node_name\",\"columnType\":\"varchar(255)\",\"createBy\":\"admin\",\"createTime\":\"2024-10-23 21:29:26\",\"dictType\":\"\",\"edit\":true,\"htmlType\":\"input\",\"increment\":false,\"insert\":true,\"isEdit\":\"1\",\"isIncrement\":\"0\",\"isInsert\":\"1\",\"isList\":\"1\",\"isPk\":\"0\",\"isQuery\":\"1\",\"isRequired\":\"1\",\"javaField\":\"nodeName\",\"javaType\":\"String\",\"list\":true,\"params\":{},\"pk\":false,\"query\":true,\"queryType\":\"LIKE\",\"required\":true,\"sort\":2,\"superColumn\":false,\"tableId\":1,\"updateBy\":\"\",\"usableColumn\":false},{\"capJavaField\":\"Address\",\"columnComment\":\"详细地址\",\"columnId\":3,\"columnName\":\"address\",\"columnType\":\"varchar(255)\",\"createBy\":\"admin\",\"createTime\":\"2024-10-23 21:29:26\",\"dictType\":\"\",\"edit\":true,\"htmlType\":\"input\",\"increment\":false,\"insert\":true,\"isEdit\":\"1\",\"isIncrement\":\"0\",\"isInsert\":\"1\",\"isList\":\"1\",\"isPk\":\"0\",\"isQuery\":\"1\",\"isRequired\":\"1\",\"javaField\":\"address\",\"javaType\":\"String\",\"list\":true,\"params\":{},\"pk\":false,\"query\":true,\"queryType\":\"EQ\",\"required\":true,\"sort\":3,\"superColumn\":false,\"tableId\":1,\"updateBy\":\"\",\"usableColumn\":false},{\"capJavaField\":\"BusinessType\",\"columnComment\":\"商圈类型\",\"columnId\":4,\"columnName\":\"business_type\",\"columnType\":\"int\",\"createBy\":\"admin\",\"createTime\":\"2024-10-23 21:29:26\",\"dictType\":\"business_type\",\"edit\":true,\"htmlType\":\"select\",\"increment\":false,\"insert\":true,\"isEdit\":\"1\",\"isIncrement\":\"0\",\"isInsert\":\"1\",\"isList\":\"1\",\"isPk\":\"0\",\"isQuery\":\"1\",\"isRequired\":\"0\",\"javaFi', '{\"msg\":\"操作成功\",\"code\":200}', 0, NULL, '2024-10-23 21:31:11', 15);
INSERT INTO `sys_oper_log` (`oper_id`, `title`, `business_type`, `method`, `request_method`, `operator_type`, `oper_name`, `dept_name`, `oper_url`, `oper_ip`, `oper_location`, `oper_param`, `json_result`, `status`, `error_msg`, `oper_time`, `cost_time`) VALUES (108, '代码生成', 2, 'com.dkd.generator.controller.GenController.editSave()', 'PUT', 1, 'admin', '研发部门', '/tool/gen', '127.0.0.1', '内网IP', '{\"businessName\":\"partner\",\"className\":\"Partner\",\"columns\":[{\"capJavaField\":\"Id\",\"columnComment\":\"主键id\",\"columnId\":12,\"columnName\":\"id\",\"columnType\":\"int\",\"createBy\":\"admin\",\"createTime\":\"2024-10-23 21:29:26\",\"dictType\":\"\",\"edit\":false,\"htmlType\":\"input\",\"increment\":true,\"insert\":false,\"isIncrement\":\"1\",\"isInsert\":\"0\",\"isPk\":\"1\",\"isRequired\":\"0\",\"javaField\":\"id\",\"javaType\":\"Long\",\"list\":false,\"params\":{},\"pk\":true,\"query\":false,\"queryType\":\"EQ\",\"required\":false,\"sort\":1,\"superColumn\":false,\"tableId\":2,\"updateBy\":\"\",\"usableColumn\":false},{\"capJavaField\":\"PartnerName\",\"columnComment\":\"合作商名称\",\"columnId\":13,\"columnName\":\"partner_name\",\"columnType\":\"varchar(255)\",\"createBy\":\"admin\",\"createTime\":\"2024-10-23 21:29:26\",\"dictType\":\"\",\"edit\":true,\"htmlType\":\"input\",\"increment\":false,\"insert\":true,\"isEdit\":\"1\",\"isIncrement\":\"0\",\"isInsert\":\"1\",\"isList\":\"1\",\"isPk\":\"0\",\"isQuery\":\"1\",\"isRequired\":\"1\",\"javaField\":\"partnerName\",\"javaType\":\"String\",\"list\":true,\"params\":{},\"pk\":false,\"query\":true,\"queryType\":\"LIKE\",\"required\":true,\"sort\":2,\"superColumn\":false,\"tableId\":2,\"updateBy\":\"\",\"usableColumn\":false},{\"capJavaField\":\"ContactPerson\",\"columnComment\":\"联系人\",\"columnId\":14,\"columnName\":\"contact_person\",\"columnType\":\"varchar(64)\",\"createBy\":\"admin\",\"createTime\":\"2024-10-23 21:29:26\",\"dictType\":\"\",\"edit\":true,\"htmlType\":\"input\",\"increment\":false,\"insert\":true,\"isEdit\":\"1\",\"isIncrement\":\"0\",\"isInsert\":\"1\",\"isList\":\"1\",\"isPk\":\"0\",\"isQuery\":\"0\",\"isRequired\":\"1\",\"javaField\":\"contactPerson\",\"javaType\":\"String\",\"list\":true,\"params\":{},\"pk\":false,\"query\":false,\"queryType\":\"EQ\",\"required\":true,\"sort\":3,\"superColumn\":false,\"tableId\":2,\"updateBy\":\"\",\"usableColumn\":false},{\"capJavaField\":\"ContactPhone\",\"columnComment\":\"联系电话\",\"columnId\":15,\"columnName\":\"contact_phone\",\"columnType\":\"varchar(15)\",\"createBy\":\"admin\",\"createTime\":\"2024-10-23 21:29:26\",\"dictType\":\"\",\"edit\":true,\"htmlType\":\"input\",\"increment\":false,\"insert\":true,\"isEdit\":\"1\",\"isIncrement\":\"0\",\"isInsert\":\"1\",\"isList\":\"1\",\"isPk\":\"0\",\"isQuer', '{\"msg\":\"操作成功\",\"code\":200}', 0, NULL, '2024-10-23 21:35:05', 19);
INSERT INTO `sys_oper_log` (`oper_id`, `title`, `business_type`, `method`, `request_method`, `operator_type`, `oper_name`, `dept_name`, `oper_url`, `oper_ip`, `oper_location`, `oper_param`, `json_result`, `status`, `error_msg`, `oper_time`, `cost_time`) VALUES (109, '代码生成', 2, 'com.dkd.generator.controller.GenController.editSave()', 'PUT', 1, 'admin', '研发部门', '/tool/gen', '127.0.0.1', '内网IP', '{\"businessName\":\"region\",\"className\":\"Region\",\"columns\":[{\"capJavaField\":\"Id\",\"columnComment\":\"主键id\",\"columnId\":24,\"columnName\":\"id\",\"columnType\":\"int\",\"createBy\":\"admin\",\"createTime\":\"2024-10-23 21:29:26\",\"dictType\":\"\",\"edit\":false,\"htmlType\":\"input\",\"increment\":true,\"insert\":false,\"isIncrement\":\"1\",\"isInsert\":\"0\",\"isPk\":\"1\",\"isRequired\":\"0\",\"javaField\":\"id\",\"javaType\":\"Long\",\"list\":false,\"params\":{},\"pk\":true,\"query\":false,\"queryType\":\"EQ\",\"required\":false,\"sort\":1,\"superColumn\":false,\"tableId\":3,\"updateBy\":\"\",\"updateTime\":\"2024-10-23 21:30:07\",\"usableColumn\":false},{\"capJavaField\":\"RegionName\",\"columnComment\":\"区域名称\",\"columnId\":25,\"columnName\":\"region_name\",\"columnType\":\"varchar(255)\",\"createBy\":\"admin\",\"createTime\":\"2024-10-23 21:29:26\",\"dictType\":\"\",\"edit\":true,\"htmlType\":\"input\",\"increment\":false,\"insert\":true,\"isEdit\":\"1\",\"isIncrement\":\"0\",\"isInsert\":\"1\",\"isList\":\"1\",\"isPk\":\"0\",\"isQuery\":\"1\",\"isRequired\":\"1\",\"javaField\":\"regionName\",\"javaType\":\"String\",\"list\":true,\"params\":{},\"pk\":false,\"query\":true,\"queryType\":\"LIKE\",\"required\":true,\"sort\":2,\"superColumn\":false,\"tableId\":3,\"updateBy\":\"\",\"updateTime\":\"2024-10-23 21:30:07\",\"usableColumn\":false},{\"capJavaField\":\"CreateTime\",\"columnComment\":\"创建时间\",\"columnId\":26,\"columnName\":\"create_time\",\"columnType\":\"timestamp\",\"createBy\":\"admin\",\"createTime\":\"2024-10-23 21:29:26\",\"dictType\":\"\",\"edit\":false,\"htmlType\":\"datetime\",\"increment\":false,\"insert\":false,\"isIncrement\":\"0\",\"isInsert\":\"0\",\"isPk\":\"0\",\"isRequired\":\"0\",\"javaField\":\"createTime\",\"javaType\":\"Date\",\"list\":false,\"params\":{},\"pk\":false,\"query\":false,\"queryType\":\"EQ\",\"required\":false,\"sort\":3,\"superColumn\":true,\"tableId\":3,\"updateBy\":\"\",\"updateTime\":\"2024-10-23 21:30:07\",\"usableColumn\":false},{\"capJavaField\":\"UpdateTime\",\"columnComment\":\"修改时间\",\"columnId\":27,\"columnName\":\"update_time\",\"columnType\":\"timestamp\",\"createBy\":\"admin\",\"createTime\":\"2024-10-23 21:29:26\",\"dictType\":\"\",\"edit\":false,\"htmlType\":\"datetime\",\"increment\":false,\"insert\":false,\"isEdit\":\"0\",\"isIncrement', '{\"msg\":\"操作成功\",\"code\":200}', 0, NULL, '2024-10-23 21:36:13', 15);
INSERT INTO `sys_oper_log` (`oper_id`, `title`, `business_type`, `method`, `request_method`, `operator_type`, `oper_name`, `dept_name`, `oper_url`, `oper_ip`, `oper_location`, `oper_param`, `json_result`, `status`, `error_msg`, `oper_time`, `cost_time`) VALUES (110, '代码生成', 2, 'com.dkd.generator.controller.GenController.editSave()', 'PUT', 1, 'admin', '研发部门', '/tool/gen', '127.0.0.1', '内网IP', '{\"businessName\":\"node\",\"className\":\"Node\",\"columns\":[{\"capJavaField\":\"Id\",\"columnComment\":\"主键id\",\"columnId\":1,\"columnName\":\"id\",\"columnType\":\"int\",\"createBy\":\"admin\",\"createTime\":\"2024-10-23 21:29:26\",\"dictType\":\"\",\"edit\":false,\"htmlType\":\"input\",\"increment\":true,\"insert\":false,\"isIncrement\":\"1\",\"isInsert\":\"0\",\"isPk\":\"1\",\"isRequired\":\"0\",\"javaField\":\"id\",\"javaType\":\"Long\",\"list\":false,\"params\":{},\"pk\":true,\"query\":false,\"queryType\":\"EQ\",\"required\":false,\"sort\":1,\"superColumn\":false,\"tableId\":1,\"updateBy\":\"\",\"updateTime\":\"2024-10-23 21:31:11\",\"usableColumn\":false},{\"capJavaField\":\"NodeName\",\"columnComment\":\"点位名称\",\"columnId\":2,\"columnName\":\"node_name\",\"columnType\":\"varchar(255)\",\"createBy\":\"admin\",\"createTime\":\"2024-10-23 21:29:26\",\"dictType\":\"\",\"edit\":true,\"htmlType\":\"input\",\"increment\":false,\"insert\":true,\"isEdit\":\"1\",\"isIncrement\":\"0\",\"isInsert\":\"1\",\"isList\":\"1\",\"isPk\":\"0\",\"isQuery\":\"1\",\"isRequired\":\"1\",\"javaField\":\"nodeName\",\"javaType\":\"String\",\"list\":true,\"params\":{},\"pk\":false,\"query\":true,\"queryType\":\"LIKE\",\"required\":true,\"sort\":2,\"superColumn\":false,\"tableId\":1,\"updateBy\":\"\",\"updateTime\":\"2024-10-23 21:31:11\",\"usableColumn\":false},{\"capJavaField\":\"Address\",\"columnComment\":\"详细地址\",\"columnId\":3,\"columnName\":\"address\",\"columnType\":\"varchar(255)\",\"createBy\":\"admin\",\"createTime\":\"2024-10-23 21:29:26\",\"dictType\":\"\",\"edit\":true,\"htmlType\":\"input\",\"increment\":false,\"insert\":true,\"isEdit\":\"1\",\"isIncrement\":\"0\",\"isInsert\":\"1\",\"isList\":\"1\",\"isPk\":\"0\",\"isQuery\":\"0\",\"isRequired\":\"1\",\"javaField\":\"address\",\"javaType\":\"String\",\"list\":true,\"params\":{},\"pk\":false,\"query\":false,\"queryType\":\"EQ\",\"required\":true,\"sort\":3,\"superColumn\":false,\"tableId\":1,\"updateBy\":\"\",\"updateTime\":\"2024-10-23 21:31:11\",\"usableColumn\":false},{\"capJavaField\":\"BusinessType\",\"columnComment\":\"商圈类型\",\"columnId\":4,\"columnName\":\"business_type\",\"columnType\":\"int\",\"createBy\":\"admin\",\"createTime\":\"2024-10-23 21:29:26\",\"dictType\":\"business_type\",\"edit\":true,\"htmlType\":\"select\",\"increment\":false,\"insert\":true,\"is', '{\"msg\":\"操作成功\",\"code\":200}', 0, NULL, '2024-10-23 21:38:40', 16);
INSERT INTO `sys_oper_log` (`oper_id`, `title`, `business_type`, `method`, `request_method`, `operator_type`, `oper_name`, `dept_name`, `oper_url`, `oper_ip`, `oper_location`, `oper_param`, `json_result`, `status`, `error_msg`, `oper_time`, `cost_time`) VALUES (111, '代码生成', 8, 'com.dkd.generator.controller.GenController.batchGenCode()', 'GET', 1, 'admin', '研发部门', '/tool/gen/batchGenCode', '127.0.0.1', '内网IP', '{\"tables\":\"tb_node,tb_partner,tb_region\"}', NULL, 0, NULL, '2024-10-23 21:38:44', 140);
INSERT INTO `sys_oper_log` (`oper_id`, `title`, `business_type`, `method`, `request_method`, `operator_type`, `oper_name`, `dept_name`, `oper_url`, `oper_ip`, `oper_location`, `oper_param`, `json_result`, `status`, `error_msg`, `oper_time`, `cost_time`) VALUES (112, '区域管理', 1, 'com.dkd.manage.controller.RegionController.add()', 'POST', 1, 'admin', '研发部门', '/manage/region', '127.0.0.1', '内网IP', '{\"createTime\":\"2024-10-23 21:56:17\",\"id\":4,\"params\":{},\"regionName\":\"里世界\"}', '{\"msg\":\"操作成功\",\"code\":200}', 0, NULL, '2024-10-23 21:56:18', 70);
INSERT INTO `sys_oper_log` (`oper_id`, `title`, `business_type`, `method`, `request_method`, `operator_type`, `oper_name`, `dept_name`, `oper_url`, `oper_ip`, `oper_location`, `oper_param`, `json_result`, `status`, `error_msg`, `oper_time`, `cost_time`) VALUES (113, '区域管理', 2, 'com.dkd.manage.controller.RegionController.edit()', 'PUT', 1, 'admin', '研发部门', '/manage/region', '127.0.0.1', '内网IP', '{\"createTime\":\"2024-10-23 21:56:18\",\"id\":4,\"params\":{},\"regionName\":\"里世界\",\"remark\":\"里世界\",\"updateTime\":\"2024-10-23 21:56:27\"}', '{\"msg\":\"操作成功\",\"code\":200}', 0, NULL, '2024-10-23 21:56:27', 6);
INSERT INTO `sys_oper_log` (`oper_id`, `title`, `business_type`, `method`, `request_method`, `operator_type`, `oper_name`, `dept_name`, `oper_url`, `oper_ip`, `oper_location`, `oper_param`, `json_result`, `status`, `error_msg`, `oper_time`, `cost_time`) VALUES (114, '点位管理', 2, 'com.dkd.manage.controller.NodeController.edit()', 'PUT', 1, 'admin', '研发部门', '/manage/node', '127.0.0.1', '内网IP', '{\"address\":\"北京市海淀区五道口\",\"businessType\":2,\"createTime\":\"2024-10-23 21:14:54\",\"id\":2,\"nodeName\":\"五道口点位\",\"params\":{},\"partnerId\":999,\"regionId\":2,\"updateTime\":\"2024-10-23 21:57:46\"}', NULL, 1, '\r\n### Error updating database.  Cause: java.sql.SQLIntegrityConstraintViolationException: Cannot add or update a child row: a foreign key constraint fails (`dkd`.`tb_node`, CONSTRAINT `tb_node_ibfk_2` FOREIGN KEY (`partner_id`) REFERENCES `tb_partner` (`id`) ON DELETE CASCADE ON UPDATE CASCADE)\r\n### The error may exist in file [C:\\Users\\shizh\\Desktop\\dkd-parent\\dkd-manage\\target\\classes\\mapper\\manage\\NodeMapper.xml]\r\n### The error may involve com.dkd.manage.mapper.NodeMapper.updateNode-Inline\r\n### The error occurred while setting parameters\r\n### SQL: update tb_node          SET node_name = ?,             address = ?,             business_type = ?,             region_id = ?,             partner_id = ?,             create_time = ?,             update_time = ?          where id = ?\r\n### Cause: java.sql.SQLIntegrityConstraintViolationException: Cannot add or update a child row: a foreign key constraint fails (`dkd`.`tb_node`, CONSTRAINT `tb_node_ibfk_2` FOREIGN KEY (`partner_id`) REFERENCES `tb_partner` (`id`) ON DELETE CASCADE ON UPDATE CASCADE)\n; Cannot add or update a child row: a foreign key constraint fails (`dkd`.`tb_node`, CONSTRAINT `tb_node_ibfk_2` FOREIGN KEY (`partner_id`) REFERENCES `tb_partner` (`id`) ON DELETE CASCADE ON UPDATE CASCADE); nested exception is java.sql.SQLIntegrityConstraintViolationException: Cannot add or update a child row: a foreign key constraint fails (`dkd`.`tb_node`, CONSTRAINT `tb_node_ibfk_2` FOREIGN KEY (`partner_id`) REFERENCES `tb_partner` (`id`) ON DELETE CASCADE ON UPDATE CASCADE)', '2024-10-23 21:57:46', 47);
INSERT INTO `sys_oper_log` (`oper_id`, `title`, `business_type`, `method`, `request_method`, `operator_type`, `oper_name`, `dept_name`, `oper_url`, `oper_ip`, `oper_location`, `oper_param`, `json_result`, `status`, `error_msg`, `oper_time`, `cost_time`) VALUES (115, '点位管理', 2, 'com.dkd.manage.controller.NodeController.edit()', 'PUT', 1, 'admin', '研发部门', '/manage/node', '127.0.0.1', '内网IP', '{\"address\":\"北京市海淀区五道口\",\"businessType\":2,\"createTime\":\"2024-10-23 21:14:54\",\"id\":2,\"nodeName\":\"五道口点位\",\"params\":{},\"partnerId\":2,\"regionId\":2,\"updateTime\":\"2024-10-23 21:57:50\"}', '{\"msg\":\"操作成功\",\"code\":200}', 0, NULL, '2024-10-23 21:57:50', 5);
INSERT INTO `sys_oper_log` (`oper_id`, `title`, `business_type`, `method`, `request_method`, `operator_type`, `oper_name`, `dept_name`, `oper_url`, `oper_ip`, `oper_location`, `oper_param`, `json_result`, `status`, `error_msg`, `oper_time`, `cost_time`) VALUES (116, '重置合作商密码', 2, 'com.dkd.manage.controller.PartnerController.resetpwd()', 'PUT', 1, 'admin', '研发部门', '/manage/partner/resetPwd/1', '127.0.0.1', '内网IP', '1', '{\"msg\":\"操作成功\",\"code\":200}', 0, NULL, '2024-10-25 00:10:58', 79);
INSERT INTO `sys_oper_log` (`oper_id`, `title`, `business_type`, `method`, `request_method`, `operator_type`, `oper_name`, `dept_name`, `oper_url`, `oper_ip`, `oper_location`, `oper_param`, `json_result`, `status`, `error_msg`, `oper_time`, `cost_time`) VALUES (117, '合作商管理', 1, 'com.dkd.manage.controller.PartnerController.add()', 'POST', 1, 'admin', '研发部门', '/manage/partner', '127.0.0.1', '内网IP', '{\"account\":\"15366052591\",\"contactPerson\":\"施剑书\",\"contactPhone\":\"15366052591\",\"createTime\":\"2024-10-26 11:20:11\",\"id\":3,\"params\":{},\"partnerName\":\"测试合作商\",\"profitRatio\":99}', '{\"msg\":\"操作成功\",\"code\":200}', 0, NULL, '2024-10-26 11:20:11', 73);
INSERT INTO `sys_oper_log` (`oper_id`, `title`, `business_type`, `method`, `request_method`, `operator_type`, `oper_name`, `dept_name`, `oper_url`, `oper_ip`, `oper_location`, `oper_param`, `json_result`, `status`, `error_msg`, `oper_time`, `cost_time`) VALUES (118, '重置合作商密码', 2, 'com.dkd.manage.controller.PartnerController.resetpwd()', 'PUT', 1, 'admin', '研发部门', '/manage/partner/resetPwd/3', '127.0.0.1', '内网IP', '3', '{\"msg\":\"操作成功\",\"code\":200}', 0, NULL, '2024-10-26 11:20:17', 66);
INSERT INTO `sys_oper_log` (`oper_id`, `title`, `business_type`, `method`, `request_method`, `operator_type`, `oper_name`, `dept_name`, `oper_url`, `oper_ip`, `oper_location`, `oper_param`, `json_result`, `status`, `error_msg`, `oper_time`, `cost_time`) VALUES (119, '重置合作商密码', 2, 'com.dkd.manage.controller.PartnerController.resetpwd()', 'PUT', 1, 'admin', '研发部门', '/manage/partner/resetPwd/3', '127.0.0.1', '内网IP', '3', '{\"msg\":\"操作成功\",\"code\":200}', 0, NULL, '2024-10-26 11:22:46', 66);
INSERT INTO `sys_oper_log` (`oper_id`, `title`, `business_type`, `method`, `request_method`, `operator_type`, `oper_name`, `dept_name`, `oper_url`, `oper_ip`, `oper_location`, `oper_param`, `json_result`, `status`, `error_msg`, `oper_time`, `cost_time`) VALUES (120, '区域管理', 3, 'com.dkd.manage.controller.RegionController.remove()', 'DELETE', 1, 'admin', '研发部门', '/manage/region/2', '127.0.0.1', '内网IP', '{}', NULL, 1, '\r\n### Error updating database.  Cause: java.sql.SQLIntegrityConstraintViolationException: Cannot delete or update a parent row: a foreign key constraint fails (`dkd`.`tb_emp`, CONSTRAINT `tb_emp_ibfk_2` FOREIGN KEY (`region_id`) REFERENCES `tb_region` (`id`))\r\n### The error may exist in file [C:\\Users\\shizh\\Desktop\\dkd-parent\\dkd-manage\\target\\classes\\mapper\\manage\\RegionMapper.xml]\r\n### The error may involve com.dkd.manage.mapper.RegionMapper.deleteRegionByIds-Inline\r\n### The error occurred while setting parameters\r\n### SQL: delete from tb_region where id in           (               ?          )\r\n### Cause: java.sql.SQLIntegrityConstraintViolationException: Cannot delete or update a parent row: a foreign key constraint fails (`dkd`.`tb_emp`, CONSTRAINT `tb_emp_ibfk_2` FOREIGN KEY (`region_id`) REFERENCES `tb_region` (`id`))\n; Cannot delete or update a parent row: a foreign key constraint fails (`dkd`.`tb_emp`, CONSTRAINT `tb_emp_ibfk_2` FOREIGN KEY (`region_id`) REFERENCES `tb_region` (`id`)); nested exception is java.sql.SQLIntegrityConstraintViolationException: Cannot delete or update a parent row: a foreign key constraint fails (`dkd`.`tb_emp`, CONSTRAINT `tb_emp_ibfk_2` FOREIGN KEY (`region_id`) REFERENCES `tb_region` (`id`))', '2024-10-26 20:04:58', 86);
INSERT INTO `sys_oper_log` (`oper_id`, `title`, `business_type`, `method`, `request_method`, `operator_type`, `oper_name`, `dept_name`, `oper_url`, `oper_ip`, `oper_location`, `oper_param`, `json_result`, `status`, `error_msg`, `oper_time`, `cost_time`) VALUES (121, '区域管理', 3, 'com.dkd.manage.controller.RegionController.remove()', 'DELETE', 1, 'admin', '研发部门', '/manage/region/2', '127.0.0.1', '内网IP', '{}', NULL, 1, '\r\n### Error updating database.  Cause: java.sql.SQLIntegrityConstraintViolationException: Cannot delete or update a parent row: a foreign key constraint fails (`dkd`.`tb_emp`, CONSTRAINT `tb_emp_ibfk_2` FOREIGN KEY (`region_id`) REFERENCES `tb_region` (`id`))\r\n### The error may exist in file [C:\\Users\\shizh\\Desktop\\dkd-parent\\dkd-manage\\target\\classes\\mapper\\manage\\RegionMapper.xml]\r\n### The error may involve com.dkd.manage.mapper.RegionMapper.deleteRegionByIds-Inline\r\n### The error occurred while setting parameters\r\n### SQL: delete from tb_region where id in           (               ?          )\r\n### Cause: java.sql.SQLIntegrityConstraintViolationException: Cannot delete or update a parent row: a foreign key constraint fails (`dkd`.`tb_emp`, CONSTRAINT `tb_emp_ibfk_2` FOREIGN KEY (`region_id`) REFERENCES `tb_region` (`id`))\n; Cannot delete or update a parent row: a foreign key constraint fails (`dkd`.`tb_emp`, CONSTRAINT `tb_emp_ibfk_2` FOREIGN KEY (`region_id`) REFERENCES `tb_region` (`id`)); nested exception is java.sql.SQLIntegrityConstraintViolationException: Cannot delete or update a parent row: a foreign key constraint fails (`dkd`.`tb_emp`, CONSTRAINT `tb_emp_ibfk_2` FOREIGN KEY (`region_id`) REFERENCES `tb_region` (`id`))', '2024-10-26 20:28:19', 8);
INSERT INTO `sys_oper_log` (`oper_id`, `title`, `business_type`, `method`, `request_method`, `operator_type`, `oper_name`, `dept_name`, `oper_url`, `oper_ip`, `oper_location`, `oper_param`, `json_result`, `status`, `error_msg`, `oper_time`, `cost_time`) VALUES (122, '菜单管理', 1, 'com.dkd.web.controller.system.SysMenuController.add()', 'POST', 1, 'admin', '研发部门', '/system/menu', '127.0.0.1', '内网IP', '{\"children\":[],\"createBy\":\"admin\",\"icon\":\"user\",\"isCache\":\"0\",\"isFrame\":\"1\",\"menuName\":\"人员管理\",\"menuType\":\"M\",\"orderNum\":2,\"params\":{},\"parentId\":0,\"path\":\"emp\",\"status\":\"0\",\"visible\":\"0\"}', '{\"msg\":\"操作成功\",\"code\":200}', 0, NULL, '2024-10-27 14:45:37', 18);
INSERT INTO `sys_oper_log` (`oper_id`, `title`, `business_type`, `method`, `request_method`, `operator_type`, `oper_name`, `dept_name`, `oper_url`, `oper_ip`, `oper_location`, `oper_param`, `json_result`, `status`, `error_msg`, `oper_time`, `cost_time`) VALUES (123, '菜单管理', 2, 'com.dkd.web.controller.system.SysMenuController.edit()', 'PUT', 1, 'admin', '研发部门', '/system/menu', '127.0.0.1', '内网IP', '{\"children\":[],\"createTime\":\"2024-10-27 14:45:37\",\"icon\":\"user\",\"isCache\":\"0\",\"isFrame\":\"1\",\"menuId\":2019,\"menuName\":\"人员管理\",\"menuType\":\"M\",\"orderNum\":1,\"params\":{},\"parentId\":0,\"path\":\"emp\",\"perms\":\"\",\"status\":\"0\",\"updateBy\":\"admin\",\"visible\":\"0\"}', '{\"msg\":\"操作成功\",\"code\":200}', 0, NULL, '2024-10-27 14:45:51', 7);
INSERT INTO `sys_oper_log` (`oper_id`, `title`, `business_type`, `method`, `request_method`, `operator_type`, `oper_name`, `dept_name`, `oper_url`, `oper_ip`, `oper_location`, `oper_param`, `json_result`, `status`, `error_msg`, `oper_time`, `cost_time`) VALUES (124, '字典类型', 1, 'com.dkd.web.controller.system.SysDictTypeController.add()', 'POST', 1, 'admin', '研发部门', '/system/dict/type', '127.0.0.1', '内网IP', '{\"createBy\":\"admin\",\"dictName\":\"员工状态\",\"dictType\":\"emp_status\",\"params\":{},\"status\":\"0\"}', '{\"msg\":\"操作成功\",\"code\":200}', 0, NULL, '2024-10-27 14:46:47', 10);
INSERT INTO `sys_oper_log` (`oper_id`, `title`, `business_type`, `method`, `request_method`, `operator_type`, `oper_name`, `dept_name`, `oper_url`, `oper_ip`, `oper_location`, `oper_param`, `json_result`, `status`, `error_msg`, `oper_time`, `cost_time`) VALUES (125, '字典数据', 1, 'com.dkd.web.controller.system.SysDictDataController.add()', 'POST', 1, 'admin', '研发部门', '/system/dict/data', '127.0.0.1', '内网IP', '{\"createBy\":\"admin\",\"default\":false,\"dictLabel\":\"禁用\",\"dictSort\":0,\"dictType\":\"emp_status\",\"dictValue\":\"0\",\"listClass\":\"default\",\"params\":{},\"status\":\"0\"}', '{\"msg\":\"操作成功\",\"code\":200}', 0, NULL, '2024-10-27 14:47:15', 11);
INSERT INTO `sys_oper_log` (`oper_id`, `title`, `business_type`, `method`, `request_method`, `operator_type`, `oper_name`, `dept_name`, `oper_url`, `oper_ip`, `oper_location`, `oper_param`, `json_result`, `status`, `error_msg`, `oper_time`, `cost_time`) VALUES (126, '字典数据', 1, 'com.dkd.web.controller.system.SysDictDataController.add()', 'POST', 1, 'admin', '研发部门', '/system/dict/data', '127.0.0.1', '内网IP', '{\"createBy\":\"admin\",\"default\":false,\"dictLabel\":\"正常\",\"dictSort\":1,\"dictType\":\"emp_status\",\"dictValue\":\"1\",\"listClass\":\"default\",\"params\":{},\"status\":\"0\"}', '{\"msg\":\"操作成功\",\"code\":200}', 0, NULL, '2024-10-27 14:47:26', 10);
INSERT INTO `sys_oper_log` (`oper_id`, `title`, `business_type`, `method`, `request_method`, `operator_type`, `oper_name`, `dept_name`, `oper_url`, `oper_ip`, `oper_location`, `oper_param`, `json_result`, `status`, `error_msg`, `oper_time`, `cost_time`) VALUES (127, '字典数据', 2, 'com.dkd.web.controller.system.SysDictDataController.edit()', 'PUT', 1, 'admin', '研发部门', '/system/dict/data', '127.0.0.1', '内网IP', '{\"createBy\":\"admin\",\"createTime\":\"2024-10-27 14:47:14\",\"default\":false,\"dictCode\":104,\"dictLabel\":\"离职\",\"dictSort\":0,\"dictType\":\"emp_status\",\"dictValue\":\"0\",\"isDefault\":\"N\",\"listClass\":\"default\",\"params\":{},\"status\":\"0\",\"updateBy\":\"admin\"}', '{\"msg\":\"操作成功\",\"code\":200}', 0, NULL, '2024-10-27 14:47:33', 10);
INSERT INTO `sys_oper_log` (`oper_id`, `title`, `business_type`, `method`, `request_method`, `operator_type`, `oper_name`, `dept_name`, `oper_url`, `oper_ip`, `oper_location`, `oper_param`, `json_result`, `status`, `error_msg`, `oper_time`, `cost_time`) VALUES (128, '字典数据', 2, 'com.dkd.web.controller.system.SysDictDataController.edit()', 'PUT', 1, 'admin', '研发部门', '/system/dict/data', '127.0.0.1', '内网IP', '{\"createBy\":\"admin\",\"createTime\":\"2024-10-27 14:47:26\",\"default\":false,\"dictCode\":105,\"dictLabel\":\"在职\",\"dictSort\":1,\"dictType\":\"emp_status\",\"dictValue\":\"1\",\"isDefault\":\"N\",\"listClass\":\"default\",\"params\":{},\"status\":\"0\",\"updateBy\":\"admin\"}', '{\"msg\":\"操作成功\",\"code\":200}', 0, NULL, '2024-10-27 14:47:40', 9);
INSERT INTO `sys_oper_log` (`oper_id`, `title`, `business_type`, `method`, `request_method`, `operator_type`, `oper_name`, `dept_name`, `oper_url`, `oper_ip`, `oper_location`, `oper_param`, `json_result`, `status`, `error_msg`, `oper_time`, `cost_time`) VALUES (129, '代码生成', 6, 'com.dkd.generator.controller.GenController.importTableSave()', 'POST', 1, 'admin', '研发部门', '/tool/gen/importTable', '127.0.0.1', '内网IP', '{\"tables\":\"tb_role\"}', '{\"msg\":\"操作成功\",\"code\":200}', 0, NULL, '2024-10-27 14:53:15', 75);
INSERT INTO `sys_oper_log` (`oper_id`, `title`, `business_type`, `method`, `request_method`, `operator_type`, `oper_name`, `dept_name`, `oper_url`, `oper_ip`, `oper_location`, `oper_param`, `json_result`, `status`, `error_msg`, `oper_time`, `cost_time`) VALUES (130, '代码生成', 6, 'com.dkd.generator.controller.GenController.importTableSave()', 'POST', 1, 'admin', '研发部门', '/tool/gen/importTable', '127.0.0.1', '内网IP', '{\"tables\":\"tb_emp\"}', '{\"msg\":\"操作成功\",\"code\":200}', 0, NULL, '2024-10-27 14:53:52', 44);
INSERT INTO `sys_oper_log` (`oper_id`, `title`, `business_type`, `method`, `request_method`, `operator_type`, `oper_name`, `dept_name`, `oper_url`, `oper_ip`, `oper_location`, `oper_param`, `json_result`, `status`, `error_msg`, `oper_time`, `cost_time`) VALUES (131, '代码生成', 2, 'com.dkd.generator.controller.GenController.editSave()', 'PUT', 1, 'admin', '研发部门', '/tool/gen', '127.0.0.1', '内网IP', '{\"businessName\":\"role\",\"className\":\"TbRole\",\"columns\":[{\"capJavaField\":\"RoleId\",\"columnId\":31,\"columnName\":\"role_id\",\"columnType\":\"int\",\"createBy\":\"admin\",\"createTime\":\"2024-10-27 14:53:15\",\"dictType\":\"\",\"edit\":false,\"htmlType\":\"input\",\"increment\":true,\"insert\":true,\"isIncrement\":\"1\",\"isInsert\":\"1\",\"isPk\":\"1\",\"isRequired\":\"0\",\"javaField\":\"roleId\",\"javaType\":\"Long\",\"list\":false,\"params\":{},\"pk\":true,\"query\":false,\"queryType\":\"EQ\",\"required\":false,\"sort\":1,\"superColumn\":false,\"tableId\":4,\"updateBy\":\"\",\"usableColumn\":false},{\"capJavaField\":\"RoleCode\",\"columnComment\":\"角色编码\\n\",\"columnId\":32,\"columnName\":\"role_code\",\"columnType\":\"varchar(50)\",\"createBy\":\"admin\",\"createTime\":\"2024-10-27 14:53:15\",\"dictType\":\"\",\"edit\":true,\"htmlType\":\"input\",\"increment\":false,\"insert\":true,\"isEdit\":\"1\",\"isIncrement\":\"0\",\"isInsert\":\"1\",\"isList\":\"1\",\"isPk\":\"0\",\"isQuery\":\"1\",\"isRequired\":\"0\",\"javaField\":\"roleCode\",\"javaType\":\"String\",\"list\":true,\"params\":{},\"pk\":false,\"query\":true,\"queryType\":\"EQ\",\"required\":false,\"sort\":2,\"superColumn\":false,\"tableId\":4,\"updateBy\":\"\",\"usableColumn\":false},{\"capJavaField\":\"RoleName\",\"columnComment\":\"角色名称\\n\",\"columnId\":33,\"columnName\":\"role_name\",\"columnType\":\"varchar(50)\",\"createBy\":\"admin\",\"createTime\":\"2024-10-27 14:53:15\",\"dictType\":\"\",\"edit\":true,\"htmlType\":\"input\",\"increment\":false,\"insert\":true,\"isEdit\":\"1\",\"isIncrement\":\"0\",\"isInsert\":\"1\",\"isList\":\"1\",\"isPk\":\"0\",\"isQuery\":\"1\",\"isRequired\":\"0\",\"javaField\":\"roleName\",\"javaType\":\"String\",\"list\":true,\"params\":{},\"pk\":false,\"query\":true,\"queryType\":\"LIKE\",\"required\":false,\"sort\":3,\"superColumn\":false,\"tableId\":4,\"updateBy\":\"\",\"usableColumn\":false}],\"crud\":true,\"functionAuthor\":\"ruoyi\",\"functionName\":\"工单角色\",\"genPath\":\"/\",\"genType\":\"0\",\"moduleName\":\"manage\",\"options\":\"{\\\"parentMenuId\\\":\\\"\\\"}\",\"packageName\":\"com.dkd.manage\",\"params\":{\"parentMenuId\":\"\"},\"parentMenuId\":\"\",\"sub\":false,\"tableComment\":\"工单角色表\",\"tableId\":4,\"tableName\":\"tb_role\",\"tplCategory\":\"crud\",\"tplWebType\":\"element-plus\",\"tree\":false}', '{\"msg\":\"操作成功\",\"code\":200}', 0, NULL, '2024-10-27 14:54:43', 37);
INSERT INTO `sys_oper_log` (`oper_id`, `title`, `business_type`, `method`, `request_method`, `operator_type`, `oper_name`, `dept_name`, `oper_url`, `oper_ip`, `oper_location`, `oper_param`, `json_result`, `status`, `error_msg`, `oper_time`, `cost_time`) VALUES (132, '代码生成', 2, 'com.dkd.generator.controller.GenController.editSave()', 'PUT', 1, 'admin', '研发部门', '/tool/gen', '127.0.0.1', '内网IP', '{\"businessName\":\"role\",\"className\":\"TbRole\",\"columns\":[{\"capJavaField\":\"RoleId\",\"columnId\":31,\"columnName\":\"role_id\",\"columnType\":\"int\",\"createBy\":\"admin\",\"createTime\":\"2024-10-27 14:53:15\",\"dictType\":\"\",\"edit\":false,\"htmlType\":\"input\",\"increment\":true,\"insert\":true,\"isIncrement\":\"1\",\"isInsert\":\"1\",\"isPk\":\"1\",\"isRequired\":\"0\",\"javaField\":\"roleId\",\"javaType\":\"Long\",\"list\":false,\"params\":{},\"pk\":true,\"query\":false,\"queryType\":\"EQ\",\"required\":false,\"sort\":1,\"superColumn\":false,\"tableId\":4,\"updateBy\":\"\",\"updateTime\":\"2024-10-27 14:54:42\",\"usableColumn\":false},{\"capJavaField\":\"RoleCode\",\"columnComment\":\"角色编码\\n\",\"columnId\":32,\"columnName\":\"role_code\",\"columnType\":\"varchar(50)\",\"createBy\":\"admin\",\"createTime\":\"2024-10-27 14:53:15\",\"dictType\":\"\",\"edit\":true,\"htmlType\":\"input\",\"increment\":false,\"insert\":true,\"isEdit\":\"1\",\"isIncrement\":\"0\",\"isInsert\":\"1\",\"isList\":\"1\",\"isPk\":\"0\",\"isQuery\":\"1\",\"isRequired\":\"0\",\"javaField\":\"roleCode\",\"javaType\":\"String\",\"list\":true,\"params\":{},\"pk\":false,\"query\":true,\"queryType\":\"EQ\",\"required\":false,\"sort\":2,\"superColumn\":false,\"tableId\":4,\"updateBy\":\"\",\"updateTime\":\"2024-10-27 14:54:42\",\"usableColumn\":false},{\"capJavaField\":\"RoleName\",\"columnComment\":\"角色名称\\n\",\"columnId\":33,\"columnName\":\"role_name\",\"columnType\":\"varchar(50)\",\"createBy\":\"admin\",\"createTime\":\"2024-10-27 14:53:15\",\"dictType\":\"\",\"edit\":true,\"htmlType\":\"input\",\"increment\":false,\"insert\":true,\"isEdit\":\"1\",\"isIncrement\":\"0\",\"isInsert\":\"1\",\"isList\":\"1\",\"isPk\":\"0\",\"isQuery\":\"1\",\"isRequired\":\"0\",\"javaField\":\"roleName\",\"javaType\":\"String\",\"list\":true,\"params\":{},\"pk\":false,\"query\":true,\"queryType\":\"LIKE\",\"required\":false,\"sort\":3,\"superColumn\":false,\"tableId\":4,\"updateBy\":\"\",\"updateTime\":\"2024-10-27 14:54:42\",\"usableColumn\":false}],\"crud\":true,\"functionAuthor\":\"ruoyi\",\"functionName\":\"工单角色\",\"genPath\":\"/\",\"genType\":\"0\",\"moduleName\":\"manage\",\"options\":\"{\\\"parentMenuId\\\":2019}\",\"packageName\":\"com.dkd.manage\",\"params\":{\"parentMenuId\":2019},\"parentMenuId\":\"2019\",\"sub\":false,\"tableComment\":\"工单角色', '{\"msg\":\"操作成功\",\"code\":200}', 0, NULL, '2024-10-27 14:55:13', 12);
INSERT INTO `sys_oper_log` (`oper_id`, `title`, `business_type`, `method`, `request_method`, `operator_type`, `oper_name`, `dept_name`, `oper_url`, `oper_ip`, `oper_location`, `oper_param`, `json_result`, `status`, `error_msg`, `oper_time`, `cost_time`) VALUES (133, '代码生成', 2, 'com.dkd.generator.controller.GenController.editSave()', 'PUT', 1, 'admin', '研发部门', '/tool/gen', '127.0.0.1', '内网IP', '{\"businessName\":\"emp\",\"className\":\"TbEmp\",\"columns\":[{\"capJavaField\":\"Id\",\"columnComment\":\"主键\",\"columnId\":34,\"columnName\":\"id\",\"columnType\":\"int\",\"createBy\":\"admin\",\"createTime\":\"2024-10-27 14:53:52\",\"dictType\":\"\",\"edit\":false,\"htmlType\":\"input\",\"increment\":true,\"insert\":true,\"isIncrement\":\"1\",\"isInsert\":\"1\",\"isPk\":\"1\",\"isRequired\":\"0\",\"javaField\":\"id\",\"javaType\":\"Long\",\"list\":false,\"params\":{},\"pk\":true,\"query\":false,\"queryType\":\"EQ\",\"required\":false,\"sort\":1,\"superColumn\":false,\"tableId\":5,\"updateBy\":\"\",\"usableColumn\":false},{\"capJavaField\":\"UserName\",\"columnComment\":\"员工名称\",\"columnId\":35,\"columnName\":\"user_name\",\"columnType\":\"varchar(50)\",\"createBy\":\"admin\",\"createTime\":\"2024-10-27 14:53:52\",\"dictType\":\"\",\"edit\":true,\"htmlType\":\"input\",\"increment\":false,\"insert\":true,\"isEdit\":\"1\",\"isIncrement\":\"0\",\"isInsert\":\"1\",\"isList\":\"1\",\"isPk\":\"0\",\"isQuery\":\"1\",\"isRequired\":\"1\",\"javaField\":\"userName\",\"javaType\":\"String\",\"list\":true,\"params\":{},\"pk\":false,\"query\":true,\"queryType\":\"LIKE\",\"required\":true,\"sort\":2,\"superColumn\":false,\"tableId\":5,\"updateBy\":\"\",\"usableColumn\":false},{\"capJavaField\":\"RegionId\",\"columnComment\":\"所属区域Id\",\"columnId\":36,\"columnName\":\"region_id\",\"columnType\":\"int\",\"createBy\":\"admin\",\"createTime\":\"2024-10-27 14:53:52\",\"dictType\":\"\",\"edit\":true,\"htmlType\":\"input\",\"increment\":false,\"insert\":true,\"isEdit\":\"1\",\"isIncrement\":\"0\",\"isInsert\":\"1\",\"isList\":\"1\",\"isPk\":\"0\",\"isQuery\":\"1\",\"isRequired\":\"1\",\"javaField\":\"regionId\",\"javaType\":\"Long\",\"list\":true,\"params\":{},\"pk\":false,\"query\":true,\"queryType\":\"EQ\",\"required\":true,\"sort\":3,\"superColumn\":false,\"tableId\":5,\"updateBy\":\"\",\"usableColumn\":false},{\"capJavaField\":\"RegionName\",\"columnComment\":\"区域名称\",\"columnId\":37,\"columnName\":\"region_name\",\"columnType\":\"varchar(50)\",\"createBy\":\"admin\",\"createTime\":\"2024-10-27 14:53:52\",\"dictType\":\"\",\"edit\":true,\"htmlType\":\"input\",\"increment\":false,\"insert\":true,\"isEdit\":\"1\",\"isIncrement\":\"0\",\"isInsert\":\"1\",\"isList\":\"1\",\"isPk\":\"0\",\"isQuery\":\"1\",\"isRequired\":\"0\",\"javaField\":\"regionName', '{\"msg\":\"操作成功\",\"code\":200}', 0, NULL, '2024-10-27 14:57:38', 21);
INSERT INTO `sys_oper_log` (`oper_id`, `title`, `business_type`, `method`, `request_method`, `operator_type`, `oper_name`, `dept_name`, `oper_url`, `oper_ip`, `oper_location`, `oper_param`, `json_result`, `status`, `error_msg`, `oper_time`, `cost_time`) VALUES (134, '代码生成', 8, 'com.dkd.generator.controller.GenController.batchGenCode()', 'GET', 1, 'admin', '研发部门', '/tool/gen/batchGenCode', '127.0.0.1', '内网IP', '{\"tables\":\"tb_role,tb_emp\"}', NULL, 0, NULL, '2024-10-27 14:57:42', 216);
INSERT INTO `sys_oper_log` (`oper_id`, `title`, `business_type`, `method`, `request_method`, `operator_type`, `oper_name`, `dept_name`, `oper_url`, `oper_ip`, `oper_location`, `oper_param`, `json_result`, `status`, `error_msg`, `oper_time`, `cost_time`) VALUES (135, '字典类型', 1, 'com.dkd.web.controller.system.SysDictTypeController.add()', 'POST', 1, 'admin', '研发部门', '/system/dict/type', '127.0.0.1', '内网IP', '{\"createBy\":\"admin\",\"dictName\":\"售货机状态\",\"dictType\":\"vm_status\",\"params\":{},\"status\":\"0\"}', '{\"msg\":\"操作成功\",\"code\":200}', 0, NULL, '2024-10-28 20:44:18', 12);
INSERT INTO `sys_oper_log` (`oper_id`, `title`, `business_type`, `method`, `request_method`, `operator_type`, `oper_name`, `dept_name`, `oper_url`, `oper_ip`, `oper_location`, `oper_param`, `json_result`, `status`, `error_msg`, `oper_time`, `cost_time`) VALUES (136, '字典数据', 1, 'com.dkd.web.controller.system.SysDictDataController.add()', 'POST', 1, 'admin', '研发部门', '/system/dict/data', '127.0.0.1', '内网IP', '{\"createBy\":\"admin\",\"default\":false,\"dictLabel\":\"未投放\",\"dictSort\":0,\"dictType\":\"vm_status\",\"dictValue\":\"0\",\"listClass\":\"default\",\"params\":{},\"status\":\"0\"}', '{\"msg\":\"操作成功\",\"code\":200}', 0, NULL, '2024-10-28 20:45:44', 9);
INSERT INTO `sys_oper_log` (`oper_id`, `title`, `business_type`, `method`, `request_method`, `operator_type`, `oper_name`, `dept_name`, `oper_url`, `oper_ip`, `oper_location`, `oper_param`, `json_result`, `status`, `error_msg`, `oper_time`, `cost_time`) VALUES (137, '字典数据', 1, 'com.dkd.web.controller.system.SysDictDataController.add()', 'POST', 1, 'admin', '研发部门', '/system/dict/data', '127.0.0.1', '内网IP', '{\"createBy\":\"admin\",\"default\":false,\"dictLabel\":\"运营\",\"dictSort\":1,\"dictType\":\"vm_status\",\"dictValue\":\"1\",\"listClass\":\"default\",\"params\":{},\"status\":\"0\"}', '{\"msg\":\"操作成功\",\"code\":200}', 0, NULL, '2024-10-28 20:45:57', 6);
INSERT INTO `sys_oper_log` (`oper_id`, `title`, `business_type`, `method`, `request_method`, `operator_type`, `oper_name`, `dept_name`, `oper_url`, `oper_ip`, `oper_location`, `oper_param`, `json_result`, `status`, `error_msg`, `oper_time`, `cost_time`) VALUES (138, '字典数据', 1, 'com.dkd.web.controller.system.SysDictDataController.add()', 'POST', 1, 'admin', '研发部门', '/system/dict/data', '127.0.0.1', '内网IP', '{\"createBy\":\"admin\",\"default\":false,\"dictLabel\":\"撤机\",\"dictSort\":2,\"dictType\":\"vm_status\",\"dictValue\":\"3\",\"listClass\":\"default\",\"params\":{},\"status\":\"0\"}', '{\"msg\":\"操作成功\",\"code\":200}', 0, NULL, '2024-10-28 20:46:08', 7);
INSERT INTO `sys_oper_log` (`oper_id`, `title`, `business_type`, `method`, `request_method`, `operator_type`, `oper_name`, `dept_name`, `oper_url`, `oper_ip`, `oper_location`, `oper_param`, `json_result`, `status`, `error_msg`, `oper_time`, `cost_time`) VALUES (139, '菜单管理', 1, 'com.dkd.web.controller.system.SysMenuController.add()', 'POST', 1, 'admin', '研发部门', '/system/menu', '127.0.0.1', '内网IP', '{\"children\":[],\"createBy\":\"admin\",\"icon\":\"设备管理\",\"isCache\":\"0\",\"isFrame\":\"1\",\"menuName\":\"设备管理\",\"menuType\":\"M\",\"orderNum\":3,\"params\":{},\"parentId\":0,\"path\":\"vm\",\"status\":\"0\",\"visible\":\"0\"}', '{\"msg\":\"操作成功\",\"code\":200}', 0, NULL, '2024-10-28 20:53:50', 14);
INSERT INTO `sys_oper_log` (`oper_id`, `title`, `business_type`, `method`, `request_method`, `operator_type`, `oper_name`, `dept_name`, `oper_url`, `oper_ip`, `oper_location`, `oper_param`, `json_result`, `status`, `error_msg`, `oper_time`, `cost_time`) VALUES (140, '代码生成', 6, 'com.dkd.generator.controller.GenController.importTableSave()', 'POST', 1, 'admin', '研发部门', '/tool/gen/importTable', '127.0.0.1', '内网IP', '{\"tables\":\"tb_vending_machine\"}', '{\"msg\":\"操作成功\",\"code\":200}', 0, NULL, '2024-10-28 20:56:59', 66);
INSERT INTO `sys_oper_log` (`oper_id`, `title`, `business_type`, `method`, `request_method`, `operator_type`, `oper_name`, `dept_name`, `oper_url`, `oper_ip`, `oper_location`, `oper_param`, `json_result`, `status`, `error_msg`, `oper_time`, `cost_time`) VALUES (141, '代码生成', 6, 'com.dkd.generator.controller.GenController.importTableSave()', 'POST', 1, 'admin', '研发部门', '/tool/gen/importTable', '127.0.0.1', '内网IP', '{\"tables\":\"tb_vm_type\"}', '{\"msg\":\"操作成功\",\"code\":200}', 0, NULL, '2024-10-28 20:57:11', 18);
INSERT INTO `sys_oper_log` (`oper_id`, `title`, `business_type`, `method`, `request_method`, `operator_type`, `oper_name`, `dept_name`, `oper_url`, `oper_ip`, `oper_location`, `oper_param`, `json_result`, `status`, `error_msg`, `oper_time`, `cost_time`) VALUES (142, '代码生成', 6, 'com.dkd.generator.controller.GenController.importTableSave()', 'POST', 1, 'admin', '研发部门', '/tool/gen/importTable', '127.0.0.1', '内网IP', '{\"tables\":\"tb_channel\"}', '{\"msg\":\"操作成功\",\"code\":200}', 0, NULL, '2024-10-28 20:57:18', 24);
INSERT INTO `sys_oper_log` (`oper_id`, `title`, `business_type`, `method`, `request_method`, `operator_type`, `oper_name`, `dept_name`, `oper_url`, `oper_ip`, `oper_location`, `oper_param`, `json_result`, `status`, `error_msg`, `oper_time`, `cost_time`) VALUES (143, '代码生成', 8, 'com.dkd.generator.controller.GenController.batchGenCode()', 'GET', 1, 'admin', '研发部门', '/tool/gen/batchGenCode', '127.0.0.1', '内网IP', '{\"tables\":\"tb_vending_machine,tb_vm_type,tb_channel\"}', NULL, 0, NULL, '2024-10-28 21:03:22', 156);
INSERT INTO `sys_oper_log` (`oper_id`, `title`, `business_type`, `method`, `request_method`, `operator_type`, `oper_name`, `dept_name`, `oper_url`, `oper_ip`, `oper_location`, `oper_param`, `json_result`, `status`, `error_msg`, `oper_time`, `cost_time`) VALUES (144, '代码生成', 2, 'com.dkd.generator.controller.GenController.editSave()', 'PUT', 1, 'admin', '研发部门', '/tool/gen', '127.0.0.1', '内网IP', '{\"businessName\":\"machine\",\"className\":\"TbVendingMachine\",\"columns\":[{\"capJavaField\":\"Id\",\"columnComment\":\"主键\",\"columnId\":46,\"columnName\":\"id\",\"columnType\":\"bigint\",\"createBy\":\"admin\",\"createTime\":\"2024-10-28 20:56:59\",\"dictType\":\"\",\"edit\":false,\"htmlType\":\"input\",\"increment\":true,\"insert\":true,\"isIncrement\":\"1\",\"isInsert\":\"1\",\"isPk\":\"1\",\"isRequired\":\"0\",\"javaField\":\"id\",\"javaType\":\"Long\",\"list\":false,\"params\":{},\"pk\":true,\"query\":false,\"queryType\":\"EQ\",\"required\":false,\"sort\":1,\"superColumn\":false,\"tableId\":6,\"updateBy\":\"\",\"usableColumn\":false},{\"capJavaField\":\"InnerCode\",\"columnComment\":\"设备编号\",\"columnId\":47,\"columnName\":\"inner_code\",\"columnType\":\"varchar(15)\",\"createBy\":\"admin\",\"createTime\":\"2024-10-28 20:56:59\",\"dictType\":\"\",\"edit\":true,\"htmlType\":\"input\",\"increment\":false,\"insert\":true,\"isEdit\":\"1\",\"isIncrement\":\"0\",\"isInsert\":\"1\",\"isList\":\"1\",\"isPk\":\"0\",\"isQuery\":\"1\",\"isRequired\":\"0\",\"javaField\":\"innerCode\",\"javaType\":\"String\",\"list\":true,\"params\":{},\"pk\":false,\"query\":true,\"queryType\":\"EQ\",\"required\":false,\"sort\":2,\"superColumn\":false,\"tableId\":6,\"updateBy\":\"\",\"usableColumn\":false},{\"capJavaField\":\"ChannelMaxCapacity\",\"columnComment\":\"设备容量\",\"columnId\":48,\"columnName\":\"channel_max_capacity\",\"columnType\":\"int\",\"createBy\":\"admin\",\"createTime\":\"2024-10-28 20:56:59\",\"dictType\":\"\",\"edit\":true,\"htmlType\":\"input\",\"increment\":false,\"insert\":true,\"isEdit\":\"1\",\"isIncrement\":\"0\",\"isInsert\":\"1\",\"isList\":\"1\",\"isPk\":\"0\",\"isQuery\":\"1\",\"isRequired\":\"0\",\"javaField\":\"channelMaxCapacity\",\"javaType\":\"Long\",\"list\":true,\"params\":{},\"pk\":false,\"query\":true,\"queryType\":\"EQ\",\"required\":false,\"sort\":3,\"superColumn\":false,\"tableId\":6,\"updateBy\":\"\",\"usableColumn\":false},{\"capJavaField\":\"NodeId\",\"columnComment\":\"点位Id\",\"columnId\":49,\"columnName\":\"node_id\",\"columnType\":\"int\",\"createBy\":\"admin\",\"createTime\":\"2024-10-28 20:56:59\",\"dictType\":\"\",\"edit\":true,\"htmlType\":\"input\",\"increment\":false,\"insert\":true,\"isEdit\":\"1\",\"isIncrement\":\"0\",\"isInsert\":\"1\",\"isList\":\"1\",\"isPk\":\"0\",\"isQuery\":\"1\",\"isReq', '{\"msg\":\"操作成功\",\"code\":200}', 0, NULL, '2024-10-28 21:04:08', 32);
INSERT INTO `sys_oper_log` (`oper_id`, `title`, `business_type`, `method`, `request_method`, `operator_type`, `oper_name`, `dept_name`, `oper_url`, `oper_ip`, `oper_location`, `oper_param`, `json_result`, `status`, `error_msg`, `oper_time`, `cost_time`) VALUES (145, '代码生成', 2, 'com.dkd.generator.controller.GenController.editSave()', 'PUT', 1, 'admin', '研发部门', '/tool/gen', '127.0.0.1', '内网IP', '{\"businessName\":\"machine\",\"className\":\"TbVendingMachine\",\"columns\":[{\"capJavaField\":\"Id\",\"columnComment\":\"主键\",\"columnId\":46,\"columnName\":\"id\",\"columnType\":\"bigint\",\"createBy\":\"admin\",\"createTime\":\"2024-10-28 20:56:59\",\"dictType\":\"\",\"edit\":false,\"htmlType\":\"input\",\"increment\":true,\"insert\":true,\"isIncrement\":\"1\",\"isInsert\":\"1\",\"isPk\":\"1\",\"isRequired\":\"0\",\"javaField\":\"id\",\"javaType\":\"Long\",\"list\":false,\"params\":{},\"pk\":true,\"query\":false,\"queryType\":\"EQ\",\"required\":false,\"sort\":1,\"superColumn\":false,\"tableId\":6,\"updateBy\":\"\",\"updateTime\":\"2024-10-28 21:04:08\",\"usableColumn\":false},{\"capJavaField\":\"InnerCode\",\"columnComment\":\"设备编号\",\"columnId\":47,\"columnName\":\"inner_code\",\"columnType\":\"varchar(15)\",\"createBy\":\"admin\",\"createTime\":\"2024-10-28 20:56:59\",\"dictType\":\"\",\"edit\":true,\"htmlType\":\"input\",\"increment\":false,\"insert\":true,\"isEdit\":\"1\",\"isIncrement\":\"0\",\"isInsert\":\"1\",\"isList\":\"1\",\"isPk\":\"0\",\"isQuery\":\"1\",\"isRequired\":\"0\",\"javaField\":\"innerCode\",\"javaType\":\"String\",\"list\":true,\"params\":{},\"pk\":false,\"query\":true,\"queryType\":\"EQ\",\"required\":false,\"sort\":2,\"superColumn\":false,\"tableId\":6,\"updateBy\":\"\",\"updateTime\":\"2024-10-28 21:04:08\",\"usableColumn\":false},{\"capJavaField\":\"ChannelMaxCapacity\",\"columnComment\":\"设备容量\",\"columnId\":48,\"columnName\":\"channel_max_capacity\",\"columnType\":\"int\",\"createBy\":\"admin\",\"createTime\":\"2024-10-28 20:56:59\",\"dictType\":\"\",\"edit\":true,\"htmlType\":\"input\",\"increment\":false,\"insert\":true,\"isEdit\":\"1\",\"isIncrement\":\"0\",\"isInsert\":\"1\",\"isList\":\"1\",\"isPk\":\"0\",\"isQuery\":\"1\",\"isRequired\":\"0\",\"javaField\":\"channelMaxCapacity\",\"javaType\":\"Long\",\"list\":true,\"params\":{},\"pk\":false,\"query\":true,\"queryType\":\"EQ\",\"required\":false,\"sort\":3,\"superColumn\":false,\"tableId\":6,\"updateBy\":\"\",\"updateTime\":\"2024-10-28 21:04:08\",\"usableColumn\":false},{\"capJavaField\":\"NodeId\",\"columnComment\":\"点位Id\",\"columnId\":49,\"columnName\":\"node_id\",\"columnType\":\"int\",\"createBy\":\"admin\",\"createTime\":\"2024-10-28 20:56:59\",\"dictType\":\"\",\"edit\":true,\"htmlType\":\"input\",\"increment\":false', '{\"msg\":\"操作成功\",\"code\":200}', 0, NULL, '2024-10-28 21:04:53', 22);
INSERT INTO `sys_oper_log` (`oper_id`, `title`, `business_type`, `method`, `request_method`, `operator_type`, `oper_name`, `dept_name`, `oper_url`, `oper_ip`, `oper_location`, `oper_param`, `json_result`, `status`, `error_msg`, `oper_time`, `cost_time`) VALUES (146, '代码生成', 8, 'com.dkd.generator.controller.GenController.batchGenCode()', 'GET', 1, 'admin', '研发部门', '/tool/gen/batchGenCode', '127.0.0.1', '内网IP', '{\"tables\":\"tb_vending_machine,tb_vm_type,tb_channel\"}', NULL, 0, NULL, '2024-10-28 21:05:10', 89);
INSERT INTO `sys_oper_log` (`oper_id`, `title`, `business_type`, `method`, `request_method`, `operator_type`, `oper_name`, `dept_name`, `oper_url`, `oper_ip`, `oper_location`, `oper_param`, `json_result`, `status`, `error_msg`, `oper_time`, `cost_time`) VALUES (147, '代码生成', 2, 'com.dkd.generator.controller.GenController.editSave()', 'PUT', 1, 'admin', '研发部门', '/tool/gen', '127.0.0.1', '内网IP', '{\"businessName\":\"vm\",\"className\":\"TbVendingMachine\",\"columns\":[{\"capJavaField\":\"Id\",\"columnComment\":\"主键\",\"columnId\":46,\"columnName\":\"id\",\"columnType\":\"bigint\",\"createBy\":\"admin\",\"createTime\":\"2024-10-28 20:56:59\",\"dictType\":\"\",\"edit\":false,\"htmlType\":\"input\",\"increment\":true,\"insert\":true,\"isIncrement\":\"1\",\"isInsert\":\"1\",\"isPk\":\"1\",\"isRequired\":\"0\",\"javaField\":\"id\",\"javaType\":\"Long\",\"list\":false,\"params\":{},\"pk\":true,\"query\":false,\"queryType\":\"EQ\",\"required\":false,\"sort\":1,\"superColumn\":false,\"tableId\":6,\"updateBy\":\"\",\"updateTime\":\"2024-10-28 21:04:53\",\"usableColumn\":false},{\"capJavaField\":\"InnerCode\",\"columnComment\":\"设备编号\",\"columnId\":47,\"columnName\":\"inner_code\",\"columnType\":\"varchar(15)\",\"createBy\":\"admin\",\"createTime\":\"2024-10-28 20:56:59\",\"dictType\":\"\",\"edit\":true,\"htmlType\":\"input\",\"increment\":false,\"insert\":true,\"isEdit\":\"1\",\"isIncrement\":\"0\",\"isInsert\":\"1\",\"isList\":\"1\",\"isPk\":\"0\",\"isQuery\":\"1\",\"isRequired\":\"0\",\"javaField\":\"innerCode\",\"javaType\":\"String\",\"list\":true,\"params\":{},\"pk\":false,\"query\":true,\"queryType\":\"EQ\",\"required\":false,\"sort\":2,\"superColumn\":false,\"tableId\":6,\"updateBy\":\"\",\"updateTime\":\"2024-10-28 21:04:53\",\"usableColumn\":false},{\"capJavaField\":\"ChannelMaxCapacity\",\"columnComment\":\"设备容量\",\"columnId\":48,\"columnName\":\"channel_max_capacity\",\"columnType\":\"int\",\"createBy\":\"admin\",\"createTime\":\"2024-10-28 20:56:59\",\"dictType\":\"\",\"edit\":true,\"htmlType\":\"input\",\"increment\":false,\"insert\":true,\"isEdit\":\"1\",\"isIncrement\":\"0\",\"isInsert\":\"1\",\"isList\":\"1\",\"isPk\":\"0\",\"isQuery\":\"1\",\"isRequired\":\"0\",\"javaField\":\"channelMaxCapacity\",\"javaType\":\"Long\",\"list\":true,\"params\":{},\"pk\":false,\"query\":true,\"queryType\":\"EQ\",\"required\":false,\"sort\":3,\"superColumn\":false,\"tableId\":6,\"updateBy\":\"\",\"updateTime\":\"2024-10-28 21:04:53\",\"usableColumn\":false},{\"capJavaField\":\"NodeId\",\"columnComment\":\"点位Id\",\"columnId\":49,\"columnName\":\"node_id\",\"columnType\":\"int\",\"createBy\":\"admin\",\"createTime\":\"2024-10-28 20:56:59\",\"dictType\":\"\",\"edit\":true,\"htmlType\":\"input\",\"increment\":false,\"ins', '{\"msg\":\"操作成功\",\"code\":200}', 0, NULL, '2024-10-28 21:15:20', 35);
INSERT INTO `sys_oper_log` (`oper_id`, `title`, `business_type`, `method`, `request_method`, `operator_type`, `oper_name`, `dept_name`, `oper_url`, `oper_ip`, `oper_location`, `oper_param`, `json_result`, `status`, `error_msg`, `oper_time`, `cost_time`) VALUES (148, '代码生成', 2, 'com.dkd.generator.controller.GenController.editSave()', 'PUT', 1, 'admin', '研发部门', '/tool/gen', '127.0.0.1', '内网IP', '{\"businessName\":\"vm_type\",\"className\":\"TbVmType\",\"columns\":[{\"capJavaField\":\"Id\",\"columnComment\":\"主键\",\"columnId\":64,\"columnName\":\"id\",\"columnType\":\"int\",\"createBy\":\"admin\",\"createTime\":\"2024-10-28 20:57:11\",\"dictType\":\"\",\"edit\":false,\"htmlType\":\"input\",\"increment\":true,\"insert\":true,\"isIncrement\":\"1\",\"isInsert\":\"1\",\"isPk\":\"1\",\"isRequired\":\"0\",\"javaField\":\"id\",\"javaType\":\"Long\",\"list\":false,\"params\":{},\"pk\":true,\"query\":false,\"queryType\":\"EQ\",\"required\":false,\"sort\":1,\"superColumn\":false,\"tableId\":7,\"updateBy\":\"\",\"usableColumn\":false},{\"capJavaField\":\"Name\",\"columnComment\":\"型号名称\",\"columnId\":65,\"columnName\":\"name\",\"columnType\":\"varchar(15)\",\"createBy\":\"admin\",\"createTime\":\"2024-10-28 20:57:11\",\"dictType\":\"\",\"edit\":true,\"htmlType\":\"input\",\"increment\":false,\"insert\":true,\"isEdit\":\"1\",\"isIncrement\":\"0\",\"isInsert\":\"1\",\"isList\":\"1\",\"isPk\":\"0\",\"isQuery\":\"1\",\"isRequired\":\"1\",\"javaField\":\"name\",\"javaType\":\"String\",\"list\":true,\"params\":{},\"pk\":false,\"query\":true,\"queryType\":\"LIKE\",\"required\":true,\"sort\":2,\"superColumn\":false,\"tableId\":7,\"updateBy\":\"\",\"usableColumn\":false},{\"capJavaField\":\"Model\",\"columnComment\":\"型号编码\",\"columnId\":66,\"columnName\":\"model\",\"columnType\":\"varchar(20)\",\"createBy\":\"admin\",\"createTime\":\"2024-10-28 20:57:11\",\"dictType\":\"\",\"edit\":true,\"htmlType\":\"input\",\"increment\":false,\"insert\":true,\"isEdit\":\"1\",\"isIncrement\":\"0\",\"isInsert\":\"1\",\"isList\":\"1\",\"isPk\":\"0\",\"isQuery\":\"1\",\"isRequired\":\"0\",\"javaField\":\"model\",\"javaType\":\"String\",\"list\":true,\"params\":{},\"pk\":false,\"query\":true,\"queryType\":\"EQ\",\"required\":false,\"sort\":3,\"superColumn\":false,\"tableId\":7,\"updateBy\":\"\",\"usableColumn\":false},{\"capJavaField\":\"Image\",\"columnComment\":\"设备图片\",\"columnId\":67,\"columnName\":\"image\",\"columnType\":\"varchar(500)\",\"createBy\":\"admin\",\"createTime\":\"2024-10-28 20:57:11\",\"dictType\":\"\",\"edit\":true,\"htmlType\":\"imageUpload\",\"increment\":false,\"insert\":true,\"isEdit\":\"1\",\"isIncrement\":\"0\",\"isInsert\":\"1\",\"isList\":\"1\",\"isPk\":\"0\",\"isQuery\":\"1\",\"isRequired\":\"0\",\"javaField\":\"image\",\"javaType\":\"St', '{\"msg\":\"操作成功\",\"code\":200}', 0, NULL, '2024-10-28 21:15:49', 16);
INSERT INTO `sys_oper_log` (`oper_id`, `title`, `business_type`, `method`, `request_method`, `operator_type`, `oper_name`, `dept_name`, `oper_url`, `oper_ip`, `oper_location`, `oper_param`, `json_result`, `status`, `error_msg`, `oper_time`, `cost_time`) VALUES (149, '代码生成', 2, 'com.dkd.generator.controller.GenController.editSave()', 'PUT', 1, 'admin', '研发部门', '/tool/gen', '127.0.0.1', '内网IP', '{\"businessName\":\"channel\",\"className\":\"TbChannel\",\"columns\":[{\"capJavaField\":\"Id\",\"columnComment\":\"主键\",\"columnId\":71,\"columnName\":\"id\",\"columnType\":\"bigint\",\"createBy\":\"admin\",\"createTime\":\"2024-10-28 20:57:18\",\"dictType\":\"\",\"edit\":false,\"htmlType\":\"input\",\"increment\":true,\"insert\":true,\"isIncrement\":\"1\",\"isInsert\":\"1\",\"isPk\":\"1\",\"isRequired\":\"0\",\"javaField\":\"id\",\"javaType\":\"Long\",\"list\":false,\"params\":{},\"pk\":true,\"query\":false,\"queryType\":\"EQ\",\"required\":false,\"sort\":1,\"superColumn\":false,\"tableId\":8,\"updateBy\":\"\",\"usableColumn\":false},{\"capJavaField\":\"ChannelCode\",\"columnComment\":\"货道编号\",\"columnId\":72,\"columnName\":\"channel_code\",\"columnType\":\"varchar(10)\",\"createBy\":\"admin\",\"createTime\":\"2024-10-28 20:57:18\",\"dictType\":\"\",\"edit\":true,\"htmlType\":\"input\",\"increment\":false,\"insert\":true,\"isEdit\":\"1\",\"isIncrement\":\"0\",\"isInsert\":\"1\",\"isList\":\"1\",\"isPk\":\"0\",\"isQuery\":\"1\",\"isRequired\":\"1\",\"javaField\":\"channelCode\",\"javaType\":\"String\",\"list\":true,\"params\":{},\"pk\":false,\"query\":true,\"queryType\":\"EQ\",\"required\":true,\"sort\":2,\"superColumn\":false,\"tableId\":8,\"updateBy\":\"\",\"usableColumn\":false},{\"capJavaField\":\"SkuId\",\"columnComment\":\"商品Id\",\"columnId\":73,\"columnName\":\"sku_id\",\"columnType\":\"bigint\",\"createBy\":\"admin\",\"createTime\":\"2024-10-28 20:57:18\",\"dictType\":\"\",\"edit\":true,\"htmlType\":\"input\",\"increment\":false,\"insert\":true,\"isEdit\":\"1\",\"isIncrement\":\"0\",\"isInsert\":\"1\",\"isList\":\"1\",\"isPk\":\"0\",\"isQuery\":\"1\",\"isRequired\":\"0\",\"javaField\":\"skuId\",\"javaType\":\"Long\",\"list\":true,\"params\":{},\"pk\":false,\"query\":true,\"queryType\":\"EQ\",\"required\":false,\"sort\":3,\"superColumn\":false,\"tableId\":8,\"updateBy\":\"\",\"usableColumn\":false},{\"capJavaField\":\"VmId\",\"columnComment\":\"售货机Id\",\"columnId\":74,\"columnName\":\"vm_id\",\"columnType\":\"bigint\",\"createBy\":\"admin\",\"createTime\":\"2024-10-28 20:57:18\",\"dictType\":\"\",\"edit\":true,\"htmlType\":\"input\",\"increment\":false,\"insert\":true,\"isEdit\":\"1\",\"isIncrement\":\"0\",\"isInsert\":\"1\",\"isList\":\"1\",\"isPk\":\"0\",\"isQuery\":\"1\",\"isRequired\":\"1\",\"javaField\":\"vmId\",\"javaType', '{\"msg\":\"操作成功\",\"code\":200}', 0, NULL, '2024-10-28 21:16:05', 20);
INSERT INTO `sys_oper_log` (`oper_id`, `title`, `business_type`, `method`, `request_method`, `operator_type`, `oper_name`, `dept_name`, `oper_url`, `oper_ip`, `oper_location`, `oper_param`, `json_result`, `status`, `error_msg`, `oper_time`, `cost_time`) VALUES (150, '代码生成', 8, 'com.dkd.generator.controller.GenController.batchGenCode()', 'GET', 1, 'admin', '研发部门', '/tool/gen/batchGenCode', '127.0.0.1', '内网IP', '{\"tables\":\"tb_vending_machine,tb_vm_type,tb_channel\"}', NULL, 0, NULL, '2024-10-28 21:16:13', 184);
INSERT INTO `sys_oper_log` (`oper_id`, `title`, `business_type`, `method`, `request_method`, `operator_type`, `oper_name`, `dept_name`, `oper_url`, `oper_ip`, `oper_location`, `oper_param`, `json_result`, `status`, `error_msg`, `oper_time`, `cost_time`) VALUES (151, '代码生成', 2, 'com.dkd.generator.controller.GenController.editSave()', 'PUT', 1, 'admin', '研发部门', '/tool/gen', '127.0.0.1', '内网IP', '{\"businessName\":\"vmType\",\"className\":\"TbVmType\",\"columns\":[{\"capJavaField\":\"Id\",\"columnComment\":\"主键\",\"columnId\":64,\"columnName\":\"id\",\"columnType\":\"int\",\"createBy\":\"admin\",\"createTime\":\"2024-10-28 20:57:11\",\"dictType\":\"\",\"edit\":false,\"htmlType\":\"input\",\"increment\":true,\"insert\":true,\"isIncrement\":\"1\",\"isInsert\":\"1\",\"isPk\":\"1\",\"isRequired\":\"0\",\"javaField\":\"id\",\"javaType\":\"Long\",\"list\":false,\"params\":{},\"pk\":true,\"query\":false,\"queryType\":\"EQ\",\"required\":false,\"sort\":1,\"superColumn\":false,\"tableId\":7,\"updateBy\":\"\",\"updateTime\":\"2024-10-28 21:15:49\",\"usableColumn\":false},{\"capJavaField\":\"Name\",\"columnComment\":\"型号名称\",\"columnId\":65,\"columnName\":\"name\",\"columnType\":\"varchar(15)\",\"createBy\":\"admin\",\"createTime\":\"2024-10-28 20:57:11\",\"dictType\":\"\",\"edit\":true,\"htmlType\":\"input\",\"increment\":false,\"insert\":true,\"isEdit\":\"1\",\"isIncrement\":\"0\",\"isInsert\":\"1\",\"isList\":\"1\",\"isPk\":\"0\",\"isQuery\":\"1\",\"isRequired\":\"1\",\"javaField\":\"name\",\"javaType\":\"String\",\"list\":true,\"params\":{},\"pk\":false,\"query\":true,\"queryType\":\"LIKE\",\"required\":true,\"sort\":2,\"superColumn\":false,\"tableId\":7,\"updateBy\":\"\",\"updateTime\":\"2024-10-28 21:15:49\",\"usableColumn\":false},{\"capJavaField\":\"Model\",\"columnComment\":\"型号编码\",\"columnId\":66,\"columnName\":\"model\",\"columnType\":\"varchar(20)\",\"createBy\":\"admin\",\"createTime\":\"2024-10-28 20:57:11\",\"dictType\":\"\",\"edit\":true,\"htmlType\":\"input\",\"increment\":false,\"insert\":true,\"isEdit\":\"1\",\"isIncrement\":\"0\",\"isInsert\":\"1\",\"isList\":\"1\",\"isPk\":\"0\",\"isQuery\":\"1\",\"isRequired\":\"0\",\"javaField\":\"model\",\"javaType\":\"String\",\"list\":true,\"params\":{},\"pk\":false,\"query\":true,\"queryType\":\"EQ\",\"required\":false,\"sort\":3,\"superColumn\":false,\"tableId\":7,\"updateBy\":\"\",\"updateTime\":\"2024-10-28 21:15:49\",\"usableColumn\":false},{\"capJavaField\":\"Image\",\"columnComment\":\"设备图片\",\"columnId\":67,\"columnName\":\"image\",\"columnType\":\"varchar(500)\",\"createBy\":\"admin\",\"createTime\":\"2024-10-28 20:57:11\",\"dictType\":\"\",\"edit\":true,\"htmlType\":\"imageUpload\",\"increment\":false,\"insert\":true,\"isEdit\":\"1\",\"isIncrement\":\"0\",', '{\"msg\":\"操作成功\",\"code\":200}', 0, NULL, '2024-10-28 22:39:13', 62);
INSERT INTO `sys_oper_log` (`oper_id`, `title`, `business_type`, `method`, `request_method`, `operator_type`, `oper_name`, `dept_name`, `oper_url`, `oper_ip`, `oper_location`, `oper_param`, `json_result`, `status`, `error_msg`, `oper_time`, `cost_time`) VALUES (152, '代码生成', 8, 'com.dkd.generator.controller.GenController.batchGenCode()', 'GET', 1, 'admin', '研发部门', '/tool/gen/batchGenCode', '127.0.0.1', '内网IP', '{\"tables\":\"tb_vm_type\"}', NULL, 0, NULL, '2024-10-28 22:39:18', 169);
INSERT INTO `sys_oper_log` (`oper_id`, `title`, `business_type`, `method`, `request_method`, `operator_type`, `oper_name`, `dept_name`, `oper_url`, `oper_ip`, `oper_location`, `oper_param`, `json_result`, `status`, `error_msg`, `oper_time`, `cost_time`) VALUES (153, '设备', 1, 'com.dkd.manage.controller.TbVendingMachineController.add()', 'POST', 1, 'admin', '研发部门', '/manage/vm', '127.0.0.1', '内网IP', '{\"nodeId\":1,\"params\":{},\"vmTypeId\":2}', NULL, 1, '\r\n### Error updating database.  Cause: java.sql.SQLException: Field \'node_id\' doesn\'t have a default value\r\n### The error may exist in file [C:\\Users\\shizh\\Desktop\\dkd-parent\\dkd-manage\\target\\classes\\mapper\\manage\\TbVendingMachineMapper.xml]\r\n### The error may involve com.dkd.manage.mapper.TbVendingMachineMapper.insertTbVendingMachine-Inline\r\n### The error occurred while setting parameters\r\n### SQL: insert into tb_vending_machine          ( inner_code,                                       addr,                          business_type,             region_id,             partner_id,                                                                                                        create_time,             update_time )           values ( ?,                                       ?,                          ?,             ?,             ?,                                                                                                        ?,             ? )\r\n### Cause: java.sql.SQLException: Field \'node_id\' doesn\'t have a default value\n; Field \'node_id\' doesn\'t have a default value; nested exception is java.sql.SQLException: Field \'node_id\' doesn\'t have a default value', '2024-10-28 23:39:02', 85);
INSERT INTO `sys_oper_log` (`oper_id`, `title`, `business_type`, `method`, `request_method`, `operator_type`, `oper_name`, `dept_name`, `oper_url`, `oper_ip`, `oper_location`, `oper_param`, `json_result`, `status`, `error_msg`, `oper_time`, `cost_time`) VALUES (154, '设备', 1, 'com.dkd.manage.controller.TbVendingMachineController.add()', 'POST', 1, 'admin', '研发部门', '/manage/vm', '127.0.0.1', '内网IP', '{\"nodeId\":1,\"params\":{},\"vmTypeId\":2}', NULL, 1, '\r\n### Error updating database.  Cause: java.sql.SQLIntegrityConstraintViolationException: Cannot add or update a child row: a foreign key constraint fails (`dkd`.`tb_vending_machine`, CONSTRAINT `tb_vending_machine_ibfk_1` FOREIGN KEY (`vm_type_id`) REFERENCES `tb_vm_type` (`id`))\r\n### The error may exist in file [C:\\Users\\shizh\\Desktop\\dkd-parent\\dkd-manage\\target\\classes\\mapper\\manage\\TbVendingMachineMapper.xml]\r\n### The error may involve com.dkd.manage.mapper.TbVendingMachineMapper.insertTbVendingMachine-Inline\r\n### The error occurred while setting parameters\r\n### SQL: insert into tb_vending_machine          ( inner_code,                          node_id,             addr,                          business_type,             region_id,             partner_id,                                                                                                        create_time,             update_time )           values ( ?,                          ?,             ?,                          ?,             ?,             ?,                                                                                                        ?,             ? )\r\n### Cause: java.sql.SQLIntegrityConstraintViolationException: Cannot add or update a child row: a foreign key constraint fails (`dkd`.`tb_vending_machine`, CONSTRAINT `tb_vending_machine_ibfk_1` FOREIGN KEY (`vm_type_id`) REFERENCES `tb_vm_type` (`id`))\n; Cannot add or update a child row: a foreign key constraint fails (`dkd`.`tb_vending_machine`, CONSTRAINT `tb_vending_machine_ibfk_1` FOREIGN KEY (`vm_type_id`) REFERENCES `tb_vm_type` (`id`)); nested exception is java.sql.SQLIntegrityConstraintViolationException: Cannot add or update a child row: a foreign key constraint fails (`dkd`.`tb_vending_machine`, CONSTRAINT `tb_vending_machine_ibfk_1` FOREIGN KEY (`vm_type_id`) REFERENCES `tb_vm_type` (`id`))', '2024-10-28 23:40:32', 119);
INSERT INTO `sys_oper_log` (`oper_id`, `title`, `business_type`, `method`, `request_method`, `operator_type`, `oper_name`, `dept_name`, `oper_url`, `oper_ip`, `oper_location`, `oper_param`, `json_result`, `status`, `error_msg`, `oper_time`, `cost_time`) VALUES (155, '设备', 1, 'com.dkd.manage.controller.TbVendingMachineController.add()', 'POST', 1, 'admin', '研发部门', '/manage/vm', '127.0.0.1', '内网IP', '{\"nodeId\":1,\"params\":{},\"vmTypeId\":2}', NULL, 1, '\r\n### Error updating database.  Cause: java.sql.SQLIntegrityConstraintViolationException: Cannot add or update a child row: a foreign key constraint fails (`dkd`.`tb_vending_machine`, CONSTRAINT `tb_vending_machine_ibfk_1` FOREIGN KEY (`vm_type_id`) REFERENCES `tb_vm_type` (`id`))\r\n### The error may exist in file [C:\\Users\\shizh\\Desktop\\dkd-parent\\dkd-manage\\target\\classes\\mapper\\manage\\TbVendingMachineMapper.xml]\r\n### The error may involve com.dkd.manage.mapper.TbVendingMachineMapper.insertTbVendingMachine-Inline\r\n### The error occurred while setting parameters\r\n### SQL: insert into tb_vending_machine          ( inner_code,                          node_id,             addr,                          business_type,             region_id,             partner_id,                                                                                                        create_time,             update_time )           values ( ?,                          ?,             ?,                          ?,             ?,             ?,                                                                                                        ?,             ? )\r\n### Cause: java.sql.SQLIntegrityConstraintViolationException: Cannot add or update a child row: a foreign key constraint fails (`dkd`.`tb_vending_machine`, CONSTRAINT `tb_vending_machine_ibfk_1` FOREIGN KEY (`vm_type_id`) REFERENCES `tb_vm_type` (`id`))\n; Cannot add or update a child row: a foreign key constraint fails (`dkd`.`tb_vending_machine`, CONSTRAINT `tb_vending_machine_ibfk_1` FOREIGN KEY (`vm_type_id`) REFERENCES `tb_vm_type` (`id`)); nested exception is java.sql.SQLIntegrityConstraintViolationException: Cannot add or update a child row: a foreign key constraint fails (`dkd`.`tb_vending_machine`, CONSTRAINT `tb_vending_machine_ibfk_1` FOREIGN KEY (`vm_type_id`) REFERENCES `tb_vm_type` (`id`))', '2024-10-28 23:40:41', 9);
INSERT INTO `sys_oper_log` (`oper_id`, `title`, `business_type`, `method`, `request_method`, `operator_type`, `oper_name`, `dept_name`, `oper_url`, `oper_ip`, `oper_location`, `oper_param`, `json_result`, `status`, `error_msg`, `oper_time`, `cost_time`) VALUES (156, '设备', 1, 'com.dkd.manage.controller.TbVendingMachineController.add()', 'POST', 1, 'admin', '研发部门', '/manage/vm', '127.0.0.1', '内网IP', '{\"nodeId\":1,\"params\":{},\"vmTypeId\":2}', NULL, 1, '\r\n### Error updating database.  Cause: java.sql.SQLIntegrityConstraintViolationException: Cannot add or update a child row: a foreign key constraint fails (`dkd`.`tb_vending_machine`, CONSTRAINT `tb_vending_machine_ibfk_1` FOREIGN KEY (`vm_type_id`) REFERENCES `tb_vm_type` (`id`))\r\n### The error may exist in file [C:\\Users\\shizh\\Desktop\\dkd-parent\\dkd-manage\\target\\classes\\mapper\\manage\\TbVendingMachineMapper.xml]\r\n### The error may involve com.dkd.manage.mapper.TbVendingMachineMapper.insertTbVendingMachine-Inline\r\n### The error occurred while setting parameters\r\n### SQL: insert into tb_vending_machine          ( inner_code,                          node_id,             addr,                          business_type,             region_id,             partner_id,                                                                                                        create_time,             update_time )           values ( ?,                          ?,             ?,                          ?,             ?,             ?,                                                                                                        ?,             ? )\r\n### Cause: java.sql.SQLIntegrityConstraintViolationException: Cannot add or update a child row: a foreign key constraint fails (`dkd`.`tb_vending_machine`, CONSTRAINT `tb_vending_machine_ibfk_1` FOREIGN KEY (`vm_type_id`) REFERENCES `tb_vm_type` (`id`))\n; Cannot add or update a child row: a foreign key constraint fails (`dkd`.`tb_vending_machine`, CONSTRAINT `tb_vending_machine_ibfk_1` FOREIGN KEY (`vm_type_id`) REFERENCES `tb_vm_type` (`id`)); nested exception is java.sql.SQLIntegrityConstraintViolationException: Cannot add or update a child row: a foreign key constraint fails (`dkd`.`tb_vending_machine`, CONSTRAINT `tb_vending_machine_ibfk_1` FOREIGN KEY (`vm_type_id`) REFERENCES `tb_vm_type` (`id`))', '2024-10-28 23:41:02', 10);
INSERT INTO `sys_oper_log` (`oper_id`, `title`, `business_type`, `method`, `request_method`, `operator_type`, `oper_name`, `dept_name`, `oper_url`, `oper_ip`, `oper_location`, `oper_param`, `json_result`, `status`, `error_msg`, `oper_time`, `cost_time`) VALUES (157, '设备', 1, 'com.dkd.manage.controller.TbVendingMachineController.add()', 'POST', 1, 'admin', '研发部门', '/manage/vm', '127.0.0.1', '内网IP', '{\"nodeId\":1,\"params\":{},\"vmTypeId\":2}', NULL, 1, '\r\n### Error updating database.  Cause: java.sql.SQLIntegrityConstraintViolationException: Cannot add or update a child row: a foreign key constraint fails (`dkd`.`tb_vending_machine`, CONSTRAINT `tb_vending_machine_ibfk_1` FOREIGN KEY (`vm_type_id`) REFERENCES `tb_vm_type` (`id`))\r\n### The error may exist in file [C:\\Users\\shizh\\Desktop\\dkd-parent\\dkd-manage\\target\\classes\\mapper\\manage\\TbVendingMachineMapper.xml]\r\n### The error may involve com.dkd.manage.mapper.TbVendingMachineMapper.insertTbVendingMachine-Inline\r\n### The error occurred while setting parameters\r\n### SQL: insert into tb_vending_machine          ( inner_code,                          node_id,             addr,                          business_type,             region_id,             partner_id,                                                                                                        create_time,             update_time )           values ( ?,                          ?,             ?,                          ?,             ?,             ?,                                                                                                        ?,             ? )\r\n### Cause: java.sql.SQLIntegrityConstraintViolationException: Cannot add or update a child row: a foreign key constraint fails (`dkd`.`tb_vending_machine`, CONSTRAINT `tb_vending_machine_ibfk_1` FOREIGN KEY (`vm_type_id`) REFERENCES `tb_vm_type` (`id`))\n; Cannot add or update a child row: a foreign key constraint fails (`dkd`.`tb_vending_machine`, CONSTRAINT `tb_vending_machine_ibfk_1` FOREIGN KEY (`vm_type_id`) REFERENCES `tb_vm_type` (`id`)); nested exception is java.sql.SQLIntegrityConstraintViolationException: Cannot add or update a child row: a foreign key constraint fails (`dkd`.`tb_vending_machine`, CONSTRAINT `tb_vending_machine_ibfk_1` FOREIGN KEY (`vm_type_id`) REFERENCES `tb_vm_type` (`id`))', '2024-10-28 23:42:24', 133);
INSERT INTO `sys_oper_log` (`oper_id`, `title`, `business_type`, `method`, `request_method`, `operator_type`, `oper_name`, `dept_name`, `oper_url`, `oper_ip`, `oper_location`, `oper_param`, `json_result`, `status`, `error_msg`, `oper_time`, `cost_time`) VALUES (158, '设备', 1, 'com.dkd.manage.controller.TbVendingMachineController.add()', 'POST', 1, 'admin', '研发部门', '/manage/vm', '127.0.0.1', '内网IP', '{\"nodeId\":1,\"params\":{},\"vmTypeId\":2}', NULL, 1, '\r\n### Error updating database.  Cause: java.sql.SQLIntegrityConstraintViolationException: Cannot add or update a child row: a foreign key constraint fails (`dkd`.`tb_channel`, CONSTRAINT `tb_channel_ibfk_1` FOREIGN KEY (`vm_id`) REFERENCES `tb_vending_machine` (`id`))\r\n### The error may exist in file [C:\\Users\\shizh\\Desktop\\dkd-parent\\dkd-manage\\target\\classes\\mapper\\manage\\TbChannelMapper.xml]\r\n### The error may involve com.dkd.manage.mapper.TbChannelMapper.insertTbChannel-Inline\r\n### The error occurred while setting parameters\r\n### SQL: insert into tb_channel          ( channel_code,                          vm_id,             inner_code,             max_capacity,                                       create_time,             update_time )           values ( ?,                          ?,             ?,             ?,                                       ?,             ? )\r\n### Cause: java.sql.SQLIntegrityConstraintViolationException: Cannot add or update a child row: a foreign key constraint fails (`dkd`.`tb_channel`, CONSTRAINT `tb_channel_ibfk_1` FOREIGN KEY (`vm_id`) REFERENCES `tb_vending_machine` (`id`))\n; Cannot add or update a child row: a foreign key constraint fails (`dkd`.`tb_channel`, CONSTRAINT `tb_channel_ibfk_1` FOREIGN KEY (`vm_id`) REFERENCES `tb_vending_machine` (`id`)); nested exception is java.sql.SQLIntegrityConstraintViolationException: Cannot add or update a child row: a foreign key constraint fails (`dkd`.`tb_channel`, CONSTRAINT `tb_channel_ibfk_1` FOREIGN KEY (`vm_id`) REFERENCES `tb_vending_machine` (`id`))', '2024-10-28 23:45:37', 143);
INSERT INTO `sys_oper_log` (`oper_id`, `title`, `business_type`, `method`, `request_method`, `operator_type`, `oper_name`, `dept_name`, `oper_url`, `oper_ip`, `oper_location`, `oper_param`, `json_result`, `status`, `error_msg`, `oper_time`, `cost_time`) VALUES (159, '设备', 1, 'com.dkd.manage.controller.TbVendingMachineController.add()', 'POST', 1, 'admin', '研发部门', '/manage/vm', '127.0.0.1', '内网IP', '{\"nodeId\":1,\"params\":{},\"vmTypeId\":2}', '{\"msg\":\"操作成功\",\"code\":200}', 0, NULL, '2024-10-28 23:49:54', 33);
INSERT INTO `sys_oper_log` (`oper_id`, `title`, `business_type`, `method`, `request_method`, `operator_type`, `oper_name`, `dept_name`, `oper_url`, `oper_ip`, `oper_location`, `oper_param`, `json_result`, `status`, `error_msg`, `oper_time`, `cost_time`) VALUES (160, '菜单管理', 1, 'com.dkd.web.controller.system.SysMenuController.add()', 'POST', 1, 'admin', '研发部门', '/system/menu', '127.0.0.1', '内网IP', '{\"children\":[],\"component\":\"manage/vmStatus/index\",\"createBy\":\"admin\",\"isCache\":\"0\",\"isFrame\":\"1\",\"menuName\":\"设备状态管理\",\"menuType\":\"C\",\"orderNum\":3,\"params\":{},\"parentId\":2026,\"path\":\"vmStatus\",\"perms\":\"manage:vm:status\",\"status\":\"0\",\"visible\":\"0\"}', '{\"msg\":\"操作成功\",\"code\":200}', 0, NULL, '2024-10-29 14:32:11', 168);
INSERT INTO `sys_oper_log` (`oper_id`, `title`, `business_type`, `method`, `request_method`, `operator_type`, `oper_name`, `dept_name`, `oper_url`, `oper_ip`, `oper_location`, `oper_param`, `json_result`, `status`, `error_msg`, `oper_time`, `cost_time`) VALUES (161, '菜单管理', 2, 'com.dkd.web.controller.system.SysMenuController.edit()', 'PUT', 1, 'admin', '研发部门', '/system/menu', '127.0.0.1', '内网IP', '{\"children\":[],\"component\":\"manage/vmStatus/index\",\"createTime\":\"2024-10-29 14:32:11\",\"icon\":\"#\",\"isCache\":\"0\",\"isFrame\":\"1\",\"menuId\":2057,\"menuName\":\"设备状态管理\",\"menuType\":\"C\",\"orderNum\":3,\"params\":{},\"parentId\":2026,\"path\":\"vmStatus\",\"perms\":\"manage:vmStatus:list\",\"status\":\"0\",\"updateBy\":\"admin\",\"visible\":\"0\"}', '{\"msg\":\"操作成功\",\"code\":200}', 0, NULL, '2024-10-29 14:34:30', 38);
INSERT INTO `sys_oper_log` (`oper_id`, `title`, `business_type`, `method`, `request_method`, `operator_type`, `oper_name`, `dept_name`, `oper_url`, `oper_ip`, `oper_location`, `oper_param`, `json_result`, `status`, `error_msg`, `oper_time`, `cost_time`) VALUES (162, '菜单管理', 2, 'com.dkd.web.controller.system.SysMenuController.edit()', 'PUT', 1, 'admin', '研发部门', '/system/menu', '127.0.0.1', '内网IP', '{\"children\":[],\"component\":\"manage/vmStatus/index\",\"createTime\":\"2024-10-29 14:32:11\",\"icon\":\"#\",\"isCache\":\"0\",\"isFrame\":\"1\",\"menuId\":2057,\"menuName\":\"设备状态管理\",\"menuType\":\"C\",\"orderNum\":3,\"params\":{},\"parentId\":2026,\"path\":\"vmStatus\",\"perms\":\"manage:vmStatus:list\",\"status\":\"0\",\"updateBy\":\"admin\",\"visible\":\"0\"}', '{\"msg\":\"操作成功\",\"code\":200}', 0, NULL, '2024-10-29 14:34:53', 15);
INSERT INTO `sys_oper_log` (`oper_id`, `title`, `business_type`, `method`, `request_method`, `operator_type`, `oper_name`, `dept_name`, `oper_url`, `oper_ip`, `oper_location`, `oper_param`, `json_result`, `status`, `error_msg`, `oper_time`, `cost_time`) VALUES (163, '菜单管理', 1, 'com.dkd.web.controller.system.SysMenuController.add()', 'POST', 1, 'admin', '研发部门', '/system/menu', '127.0.0.1', '内网IP', '{\"children\":[],\"component\":\"manage/policy/index\",\"createBy\":\"admin\",\"icon\":\"策略管理\",\"isCache\":\"0\",\"isFrame\":\"1\",\"menuName\":\"策略管理\",\"menuType\":\"C\",\"orderNum\":4,\"params\":{},\"parentId\":0,\"path\":\"policy\",\"perms\":\"manage:policy:list\",\"status\":\"0\",\"visible\":\"0\"}', '{\"msg\":\"操作成功\",\"code\":200}', 0, NULL, '2024-10-29 17:46:16', 128);
INSERT INTO `sys_oper_log` (`oper_id`, `title`, `business_type`, `method`, `request_method`, `operator_type`, `oper_name`, `dept_name`, `oper_url`, `oper_ip`, `oper_location`, `oper_param`, `json_result`, `status`, `error_msg`, `oper_time`, `cost_time`) VALUES (164, '代码生成', 6, 'com.dkd.generator.controller.GenController.importTableSave()', 'POST', 1, 'admin', '研发部门', '/tool/gen/importTable', '127.0.0.1', '内网IP', '{\"tables\":\"tb_policy\"}', '{\"msg\":\"操作成功\",\"code\":200}', 0, NULL, '2024-10-29 17:46:54', 149);
INSERT INTO `sys_oper_log` (`oper_id`, `title`, `business_type`, `method`, `request_method`, `operator_type`, `oper_name`, `dept_name`, `oper_url`, `oper_ip`, `oper_location`, `oper_param`, `json_result`, `status`, `error_msg`, `oper_time`, `cost_time`) VALUES (165, '代码生成', 2, 'com.dkd.generator.controller.GenController.editSave()', 'PUT', 1, 'admin', '研发部门', '/tool/gen', '127.0.0.1', '内网IP', '{\"businessName\":\"policy\",\"className\":\"TbPolicy\",\"columns\":[{\"capJavaField\":\"PolicyId\",\"columnComment\":\"策略id\",\"columnId\":81,\"columnName\":\"policy_id\",\"columnType\":\"bigint\",\"createBy\":\"admin\",\"createTime\":\"2024-10-29 17:46:54\",\"dictType\":\"\",\"edit\":false,\"htmlType\":\"input\",\"increment\":true,\"insert\":false,\"isIncrement\":\"1\",\"isInsert\":\"0\",\"isPk\":\"1\",\"isRequired\":\"0\",\"javaField\":\"policyId\",\"javaType\":\"Long\",\"list\":false,\"params\":{},\"pk\":true,\"query\":false,\"queryType\":\"EQ\",\"required\":false,\"sort\":1,\"superColumn\":false,\"tableId\":9,\"updateBy\":\"\",\"usableColumn\":false},{\"capJavaField\":\"PolicyName\",\"columnComment\":\"策略名称\",\"columnId\":82,\"columnName\":\"policy_name\",\"columnType\":\"varchar(30)\",\"createBy\":\"admin\",\"createTime\":\"2024-10-29 17:46:54\",\"dictType\":\"\",\"edit\":true,\"htmlType\":\"input\",\"increment\":false,\"insert\":true,\"isEdit\":\"1\",\"isIncrement\":\"0\",\"isInsert\":\"1\",\"isList\":\"1\",\"isPk\":\"0\",\"isQuery\":\"1\",\"isRequired\":\"0\",\"javaField\":\"policyName\",\"javaType\":\"String\",\"list\":true,\"params\":{},\"pk\":false,\"query\":true,\"queryType\":\"LIKE\",\"required\":false,\"sort\":2,\"superColumn\":false,\"tableId\":9,\"updateBy\":\"\",\"usableColumn\":false},{\"capJavaField\":\"Discount\",\"columnComment\":\"策略方案，如：80代表8折\",\"columnId\":83,\"columnName\":\"discount\",\"columnType\":\"int\",\"createBy\":\"admin\",\"createTime\":\"2024-10-29 17:46:54\",\"dictType\":\"\",\"edit\":true,\"htmlType\":\"input\",\"increment\":false,\"insert\":true,\"isEdit\":\"1\",\"isIncrement\":\"0\",\"isInsert\":\"1\",\"isList\":\"1\",\"isPk\":\"0\",\"isQuery\":\"1\",\"isRequired\":\"0\",\"javaField\":\"discount\",\"javaType\":\"Long\",\"list\":true,\"params\":{},\"pk\":false,\"query\":true,\"queryType\":\"EQ\",\"required\":false,\"sort\":3,\"superColumn\":false,\"tableId\":9,\"updateBy\":\"\",\"usableColumn\":false},{\"capJavaField\":\"CreateTime\",\"columnComment\":\"创建时间\",\"columnId\":84,\"columnName\":\"create_time\",\"columnType\":\"timestamp\",\"createBy\":\"admin\",\"createTime\":\"2024-10-29 17:46:54\",\"dictType\":\"\",\"edit\":false,\"htmlType\":\"datetime\",\"increment\":false,\"insert\":false,\"isIncrement\":\"0\",\"isInsert\":\"0\",\"isPk\":\"0\",\"isRequired\":\"0\",\"javaField\":\"cr', '{\"msg\":\"操作成功\",\"code\":200}', 0, NULL, '2024-10-29 17:48:30', 51);
INSERT INTO `sys_oper_log` (`oper_id`, `title`, `business_type`, `method`, `request_method`, `operator_type`, `oper_name`, `dept_name`, `oper_url`, `oper_ip`, `oper_location`, `oper_param`, `json_result`, `status`, `error_msg`, `oper_time`, `cost_time`) VALUES (166, '代码生成', 2, 'com.dkd.generator.controller.GenController.editSave()', 'PUT', 1, 'admin', '研发部门', '/tool/gen', '127.0.0.1', '内网IP', '{\"businessName\":\"policy\",\"className\":\"TbPolicy\",\"columns\":[{\"capJavaField\":\"PolicyId\",\"columnComment\":\"策略id\",\"columnId\":81,\"columnName\":\"policy_id\",\"columnType\":\"bigint\",\"createBy\":\"admin\",\"createTime\":\"2024-10-29 17:46:54\",\"dictType\":\"\",\"edit\":false,\"htmlType\":\"input\",\"increment\":true,\"insert\":false,\"isIncrement\":\"1\",\"isInsert\":\"0\",\"isPk\":\"1\",\"isRequired\":\"0\",\"javaField\":\"policyId\",\"javaType\":\"Long\",\"list\":false,\"params\":{},\"pk\":true,\"query\":false,\"queryType\":\"EQ\",\"required\":false,\"sort\":1,\"superColumn\":false,\"tableId\":9,\"updateBy\":\"\",\"updateTime\":\"2024-10-29 17:48:30\",\"usableColumn\":false},{\"capJavaField\":\"PolicyName\",\"columnComment\":\"策略名称\",\"columnId\":82,\"columnName\":\"policy_name\",\"columnType\":\"varchar(30)\",\"createBy\":\"admin\",\"createTime\":\"2024-10-29 17:46:54\",\"dictType\":\"\",\"edit\":true,\"htmlType\":\"input\",\"increment\":false,\"insert\":true,\"isEdit\":\"1\",\"isIncrement\":\"0\",\"isInsert\":\"1\",\"isList\":\"1\",\"isPk\":\"0\",\"isQuery\":\"1\",\"isRequired\":\"0\",\"javaField\":\"policyName\",\"javaType\":\"String\",\"list\":true,\"params\":{},\"pk\":false,\"query\":true,\"queryType\":\"LIKE\",\"required\":false,\"sort\":2,\"superColumn\":false,\"tableId\":9,\"updateBy\":\"\",\"updateTime\":\"2024-10-29 17:48:30\",\"usableColumn\":false},{\"capJavaField\":\"Discount\",\"columnComment\":\"策略方案，如：80代表8折\",\"columnId\":83,\"columnName\":\"discount\",\"columnType\":\"int\",\"createBy\":\"admin\",\"createTime\":\"2024-10-29 17:46:54\",\"dictType\":\"\",\"edit\":true,\"htmlType\":\"input\",\"increment\":false,\"insert\":true,\"isEdit\":\"1\",\"isIncrement\":\"0\",\"isInsert\":\"1\",\"isList\":\"1\",\"isPk\":\"0\",\"isQuery\":\"1\",\"isRequired\":\"0\",\"javaField\":\"discount\",\"javaType\":\"Long\",\"list\":true,\"params\":{},\"pk\":false,\"query\":true,\"queryType\":\"EQ\",\"required\":false,\"sort\":3,\"superColumn\":false,\"tableId\":9,\"updateBy\":\"\",\"updateTime\":\"2024-10-29 17:48:30\",\"usableColumn\":false},{\"capJavaField\":\"CreateTime\",\"columnComment\":\"创建时间\",\"columnId\":84,\"columnName\":\"create_time\",\"columnType\":\"timestamp\",\"createBy\":\"admin\",\"createTime\":\"2024-10-29 17:46:54\",\"dictType\":\"\",\"edit\":false,\"htmlType\":\"datetime\",\"inc', '{\"msg\":\"操作成功\",\"code\":200}', 0, NULL, '2024-10-29 17:48:40', 22);
INSERT INTO `sys_oper_log` (`oper_id`, `title`, `business_type`, `method`, `request_method`, `operator_type`, `oper_name`, `dept_name`, `oper_url`, `oper_ip`, `oper_location`, `oper_param`, `json_result`, `status`, `error_msg`, `oper_time`, `cost_time`) VALUES (167, '代码生成', 8, 'com.dkd.generator.controller.GenController.batchGenCode()', 'GET', 1, 'admin', '研发部门', '/tool/gen/batchGenCode', '127.0.0.1', '内网IP', '{\"tables\":\"tb_policy\"}', NULL, 0, NULL, '2024-10-29 17:48:44', 367);
INSERT INTO `sys_oper_log` (`oper_id`, `title`, `business_type`, `method`, `request_method`, `operator_type`, `oper_name`, `dept_name`, `oper_url`, `oper_ip`, `oper_location`, `oper_param`, `json_result`, `status`, `error_msg`, `oper_time`, `cost_time`) VALUES (168, '设备', 2, 'com.dkd.manage.controller.TbVendingMachineController.edit()', 'PUT', 1, 'admin', '研发部门', '/manage/vm', '127.0.0.1', '内网IP', '{\"id\":80,\"params\":{},\"policyId\":2}', NULL, 1, 'Cannot invoke \"com.dkd.manage.domain.Node.getAddress()\" because \"node\" is null', '2024-10-30 13:10:55', 30);
INSERT INTO `sys_oper_log` (`oper_id`, `title`, `business_type`, `method`, `request_method`, `operator_type`, `oper_name`, `dept_name`, `oper_url`, `oper_ip`, `oper_location`, `oper_param`, `json_result`, `status`, `error_msg`, `oper_time`, `cost_time`) VALUES (169, '设备', 2, 'com.dkd.manage.controller.TbVendingMachineController.edit()', 'PUT', 1, 'admin', '研发部门', '/manage/vm', '127.0.0.1', '内网IP', '{\"id\":80,\"params\":{},\"policyId\":2}', NULL, 1, 'Cannot invoke \"com.dkd.manage.domain.Node.getAddress()\" because \"node\" is null', '2024-10-30 13:11:21', 11);
INSERT INTO `sys_oper_log` (`oper_id`, `title`, `business_type`, `method`, `request_method`, `operator_type`, `oper_name`, `dept_name`, `oper_url`, `oper_ip`, `oper_location`, `oper_param`, `json_result`, `status`, `error_msg`, `oper_time`, `cost_time`) VALUES (170, '设备', 2, 'com.dkd.manage.controller.TbVendingMachineController.edit()', 'PUT', 1, 'admin', '研发部门', '/manage/vm', '127.0.0.1', '内网IP', '{\"id\":80,\"params\":{},\"policyId\":2}', NULL, 1, 'Cannot invoke \"com.dkd.manage.domain.Node.getAddress()\" because \"node\" is null', '2024-10-30 13:11:39', 7);
INSERT INTO `sys_oper_log` (`oper_id`, `title`, `business_type`, `method`, `request_method`, `operator_type`, `oper_name`, `dept_name`, `oper_url`, `oper_ip`, `oper_location`, `oper_param`, `json_result`, `status`, `error_msg`, `oper_time`, `cost_time`) VALUES (171, '设备', 2, 'com.dkd.manage.controller.TbVendingMachineController.edit()', 'PUT', 1, 'admin', '研发部门', '/manage/vm', '127.0.0.1', '内网IP', '{\"id\":86,\"params\":{},\"policyId\":1}', NULL, 1, 'Cannot invoke \"com.dkd.manage.domain.Node.getAddress()\" because \"node\" is null', '2024-10-30 13:11:49', 5);
INSERT INTO `sys_oper_log` (`oper_id`, `title`, `business_type`, `method`, `request_method`, `operator_type`, `oper_name`, `dept_name`, `oper_url`, `oper_ip`, `oper_location`, `oper_param`, `json_result`, `status`, `error_msg`, `oper_time`, `cost_time`) VALUES (172, '设备', 2, 'com.dkd.manage.controller.TbVendingMachineController.edit()', 'PUT', 1, 'admin', '研发部门', '/manage/vm', '127.0.0.1', '内网IP', '{\"id\":86,\"params\":{},\"policyId\":2}', NULL, 1, 'Cannot invoke \"com.dkd.manage.domain.Node.getAddress()\" because \"node\" is null', '2024-10-30 13:11:52', 4);
INSERT INTO `sys_oper_log` (`oper_id`, `title`, `business_type`, `method`, `request_method`, `operator_type`, `oper_name`, `dept_name`, `oper_url`, `oper_ip`, `oper_location`, `oper_param`, `json_result`, `status`, `error_msg`, `oper_time`, `cost_time`) VALUES (173, '设备', 2, 'com.dkd.manage.controller.TbVendingMachineController.edit()', 'PUT', 1, 'admin', '研发部门', '/manage/vm', '127.0.0.1', '内网IP', '{\"id\":86,\"params\":{},\"policyId\":5}', NULL, 1, 'Cannot invoke \"com.dkd.manage.domain.Node.getAddress()\" because \"node\" is null', '2024-10-30 13:12:06', 5);
INSERT INTO `sys_oper_log` (`oper_id`, `title`, `business_type`, `method`, `request_method`, `operator_type`, `oper_name`, `dept_name`, `oper_url`, `oper_ip`, `oper_location`, `oper_param`, `json_result`, `status`, `error_msg`, `oper_time`, `cost_time`) VALUES (174, '设备', 2, 'com.dkd.manage.controller.TbVendingMachineController.edit()', 'PUT', 1, 'admin', '研发部门', '/manage/vm', '127.0.0.1', '内网IP', '{\"id\":86,\"params\":{},\"policyId\":5}', NULL, 1, 'Cannot invoke \"com.dkd.manage.domain.Node.getAddress()\" because \"node\" is null', '2024-10-30 13:13:03', 34);
INSERT INTO `sys_oper_log` (`oper_id`, `title`, `business_type`, `method`, `request_method`, `operator_type`, `oper_name`, `dept_name`, `oper_url`, `oper_ip`, `oper_location`, `oper_param`, `json_result`, `status`, `error_msg`, `oper_time`, `cost_time`) VALUES (175, '设备', 2, 'com.dkd.manage.controller.TbVendingMachineController.edit()', 'PUT', 1, 'admin', '研发部门', '/manage/vm', '127.0.0.1', '内网IP', '{\"id\":80,\"params\":{},\"policyId\":2,\"updateTime\":\"2024-10-30 13:19:46\"}', '{\"msg\":\"操作成功\",\"code\":200}', 0, NULL, '2024-10-30 13:19:46', 33);
INSERT INTO `sys_oper_log` (`oper_id`, `title`, `business_type`, `method`, `request_method`, `operator_type`, `oper_name`, `dept_name`, `oper_url`, `oper_ip`, `oper_location`, `oper_param`, `json_result`, `status`, `error_msg`, `oper_time`, `cost_time`) VALUES (176, '参数管理', 2, 'com.dkd.web.controller.system.SysConfigController.edit()', 'PUT', 1, 'admin', '研发部门', '/system/config', '127.0.0.1', '内网IP', '{\"configId\":5,\"configKey\":\"sys.account.registerUser\",\"configName\":\"账号自助-是否开启用户注册功能\",\"configType\":\"Y\",\"configValue\":\"true\",\"createBy\":\"admin\",\"createTime\":\"2024-10-23 20:28:39\",\"params\":{},\"remark\":\"是否开启注册用户功能（true开启，false关闭）\",\"updateBy\":\"admin\"}', '{\"msg\":\"操作成功\",\"code\":200}', 0, NULL, '2024-10-30 14:01:10', 19);
INSERT INTO `sys_oper_log` (`oper_id`, `title`, `business_type`, `method`, `request_method`, `operator_type`, `oper_name`, `dept_name`, `oper_url`, `oper_ip`, `oper_location`, `oper_param`, `json_result`, `status`, `error_msg`, `oper_time`, `cost_time`) VALUES (177, '参数管理', 9, 'com.dkd.web.controller.system.SysConfigController.refreshCache()', 'DELETE', 1, 'admin', '研发部门', '/system/config/refreshCache', '127.0.0.1', '内网IP', '{}', '{\"msg\":\"操作成功\",\"code\":200}', 0, NULL, '2024-10-30 14:01:12', 19);
INSERT INTO `sys_oper_log` (`oper_id`, `title`, `business_type`, `method`, `request_method`, `operator_type`, `oper_name`, `dept_name`, `oper_url`, `oper_ip`, `oper_location`, `oper_param`, `json_result`, `status`, `error_msg`, `oper_time`, `cost_time`) VALUES (178, '代码生成', 6, 'com.dkd.generator.controller.GenController.importTableSave()', 'POST', 1, 'admin', '研发部门', '/tool/gen/importTable', '127.0.0.1', '内网IP', '{\"tables\":\"tb_sku_class,tb_sku\"}', '{\"msg\":\"操作成功\",\"code\":200}', 0, NULL, '2024-10-31 09:38:29', 168);
INSERT INTO `sys_oper_log` (`oper_id`, `title`, `business_type`, `method`, `request_method`, `operator_type`, `oper_name`, `dept_name`, `oper_url`, `oper_ip`, `oper_location`, `oper_param`, `json_result`, `status`, `error_msg`, `oper_time`, `cost_time`) VALUES (179, '菜单管理', 1, 'com.dkd.web.controller.system.SysMenuController.add()', 'POST', 1, 'admin', '研发部门', '/system/menu', '127.0.0.1', '内网IP', '{\"children\":[],\"component\":\"\",\"createBy\":\"admin\",\"icon\":\"商品管理\",\"isCache\":\"0\",\"isFrame\":\"1\",\"menuName\":\"商品管理\",\"menuType\":\"M\",\"orderNum\":5,\"params\":{},\"parentId\":0,\"path\":\"sku\",\"status\":\"0\",\"visible\":\"0\"}', '{\"msg\":\"操作成功\",\"code\":200}', 0, NULL, '2024-10-31 09:46:33', 66);
INSERT INTO `sys_oper_log` (`oper_id`, `title`, `business_type`, `method`, `request_method`, `operator_type`, `oper_name`, `dept_name`, `oper_url`, `oper_ip`, `oper_location`, `oper_param`, `json_result`, `status`, `error_msg`, `oper_time`, `cost_time`) VALUES (180, '代码生成', 2, 'com.dkd.generator.controller.GenController.editSave()', 'PUT', 1, 'admin', '研发部门', '/tool/gen', '127.0.0.1', '内网IP', '{\"businessName\":\"skuClass\",\"className\":\"TbSkuClass\",\"columns\":[{\"capJavaField\":\"ClassId\",\"columnComment\":\"主键\",\"columnId\":96,\"columnName\":\"class_id\",\"columnType\":\"int\",\"createBy\":\"admin\",\"createTime\":\"2024-10-31 09:38:29\",\"dictType\":\"\",\"edit\":false,\"htmlType\":\"input\",\"increment\":true,\"insert\":false,\"isIncrement\":\"1\",\"isInsert\":\"0\",\"isPk\":\"1\",\"isRequired\":\"0\",\"javaField\":\"classId\",\"javaType\":\"Long\",\"list\":false,\"params\":{},\"pk\":true,\"query\":false,\"queryType\":\"EQ\",\"required\":false,\"sort\":1,\"superColumn\":false,\"tableId\":11,\"updateBy\":\"\",\"usableColumn\":false},{\"capJavaField\":\"ClassName\",\"columnComment\":\"类别名称\",\"columnId\":97,\"columnName\":\"class_name\",\"columnType\":\"varchar(50)\",\"createBy\":\"admin\",\"createTime\":\"2024-10-31 09:38:29\",\"dictType\":\"\",\"edit\":true,\"htmlType\":\"input\",\"increment\":false,\"insert\":true,\"isEdit\":\"1\",\"isIncrement\":\"0\",\"isInsert\":\"1\",\"isList\":\"1\",\"isPk\":\"0\",\"isQuery\":\"1\",\"isRequired\":\"0\",\"javaField\":\"className\",\"javaType\":\"String\",\"list\":true,\"params\":{},\"pk\":false,\"query\":true,\"queryType\":\"LIKE\",\"required\":false,\"sort\":2,\"superColumn\":false,\"tableId\":11,\"updateBy\":\"\",\"usableColumn\":false},{\"capJavaField\":\"ParentId\",\"columnComment\":\"上级id\",\"columnId\":98,\"columnName\":\"parent_id\",\"columnType\":\"int\",\"createBy\":\"admin\",\"createTime\":\"2024-10-31 09:38:29\",\"dictType\":\"\",\"edit\":true,\"htmlType\":\"input\",\"increment\":false,\"insert\":true,\"isEdit\":\"1\",\"isIncrement\":\"0\",\"isInsert\":\"1\",\"isList\":\"1\",\"isPk\":\"0\",\"isQuery\":\"1\",\"isRequired\":\"0\",\"javaField\":\"parentId\",\"javaType\":\"Long\",\"list\":true,\"params\":{},\"pk\":false,\"query\":true,\"queryType\":\"EQ\",\"required\":false,\"sort\":3,\"superColumn\":true,\"tableId\":11,\"updateBy\":\"\",\"usableColumn\":true}],\"crud\":true,\"functionAuthor\":\"ruoyi\",\"functionName\":\"商品类型\",\"genPath\":\"/\",\"genType\":\"0\",\"moduleName\":\"manage\",\"options\":\"{\\\"parentMenuId\\\":2065}\",\"packageName\":\"com.dkd.manage\",\"params\":{\"parentMenuId\":2065},\"parentMenuId\":\"2065\",\"sub\":false,\"tableComment\":\"商品类型表\",\"tableId\":11,\"tableName\":\"tb_sku_class\",\"tplCategory\":\"crud\",\"tplWebType\":\"elem', '{\"msg\":\"操作成功\",\"code\":200}', 0, NULL, '2024-10-31 09:55:15', 69);
INSERT INTO `sys_oper_log` (`oper_id`, `title`, `business_type`, `method`, `request_method`, `operator_type`, `oper_name`, `dept_name`, `oper_url`, `oper_ip`, `oper_location`, `oper_param`, `json_result`, `status`, `error_msg`, `oper_time`, `cost_time`) VALUES (181, '代码生成', 2, 'com.dkd.generator.controller.GenController.editSave()', 'PUT', 1, 'admin', '研发部门', '/tool/gen', '127.0.0.1', '内网IP', '{\"businessName\":\"sku\",\"className\":\"TbSku\",\"columns\":[{\"capJavaField\":\"SkuId\",\"columnComment\":\"主键\",\"columnId\":86,\"columnName\":\"sku_id\",\"columnType\":\"bigint\",\"createBy\":\"admin\",\"createTime\":\"2024-10-31 09:38:28\",\"dictType\":\"\",\"edit\":false,\"htmlType\":\"input\",\"increment\":true,\"insert\":false,\"isIncrement\":\"1\",\"isInsert\":\"0\",\"isPk\":\"1\",\"isRequired\":\"0\",\"javaField\":\"skuId\",\"javaType\":\"Long\",\"list\":false,\"params\":{},\"pk\":true,\"query\":false,\"queryType\":\"EQ\",\"required\":false,\"sort\":1,\"superColumn\":false,\"tableId\":10,\"updateBy\":\"\",\"usableColumn\":false},{\"capJavaField\":\"SkuName\",\"columnComment\":\"商品名称\",\"columnId\":87,\"columnName\":\"sku_name\",\"columnType\":\"varchar(50)\",\"createBy\":\"admin\",\"createTime\":\"2024-10-31 09:38:28\",\"dictType\":\"\",\"edit\":true,\"htmlType\":\"input\",\"increment\":false,\"insert\":true,\"isEdit\":\"1\",\"isIncrement\":\"0\",\"isInsert\":\"1\",\"isList\":\"1\",\"isPk\":\"0\",\"isQuery\":\"1\",\"isRequired\":\"1\",\"javaField\":\"skuName\",\"javaType\":\"String\",\"list\":true,\"params\":{},\"pk\":false,\"query\":true,\"queryType\":\"LIKE\",\"required\":true,\"sort\":2,\"superColumn\":false,\"tableId\":10,\"updateBy\":\"\",\"usableColumn\":false},{\"capJavaField\":\"SkuImage\",\"columnComment\":\"商品图片\",\"columnId\":88,\"columnName\":\"sku_image\",\"columnType\":\"varchar(500)\",\"createBy\":\"admin\",\"createTime\":\"2024-10-31 09:38:28\",\"dictType\":\"\",\"edit\":true,\"htmlType\":\"imageUpload\",\"increment\":false,\"insert\":true,\"isEdit\":\"1\",\"isIncrement\":\"0\",\"isInsert\":\"1\",\"isList\":\"1\",\"isPk\":\"0\",\"isQuery\":\"1\",\"isRequired\":\"1\",\"javaField\":\"skuImage\",\"javaType\":\"String\",\"list\":true,\"params\":{},\"pk\":false,\"query\":true,\"queryType\":\"EQ\",\"required\":true,\"sort\":3,\"superColumn\":false,\"tableId\":10,\"updateBy\":\"\",\"usableColumn\":false},{\"capJavaField\":\"BrandName\",\"columnComment\":\"品牌\",\"columnId\":89,\"columnName\":\"brand_Name\",\"columnType\":\"varchar(50)\",\"createBy\":\"admin\",\"createTime\":\"2024-10-31 09:38:28\",\"dictType\":\"\",\"edit\":true,\"htmlType\":\"input\",\"increment\":false,\"insert\":true,\"isEdit\":\"1\",\"isIncrement\":\"0\",\"isInsert\":\"1\",\"isList\":\"1\",\"isPk\":\"0\",\"isQuery\":\"1\",\"isRequired\":\"1', '{\"msg\":\"操作成功\",\"code\":200}', 0, NULL, '2024-10-31 09:56:36', 42);
INSERT INTO `sys_oper_log` (`oper_id`, `title`, `business_type`, `method`, `request_method`, `operator_type`, `oper_name`, `dept_name`, `oper_url`, `oper_ip`, `oper_location`, `oper_param`, `json_result`, `status`, `error_msg`, `oper_time`, `cost_time`) VALUES (182, '代码生成', 8, 'com.dkd.generator.controller.GenController.batchGenCode()', 'GET', 1, 'admin', '研发部门', '/tool/gen/batchGenCode', '127.0.0.1', '内网IP', '{\"tables\":\"tb_sku,tb_sku_class\"}', NULL, 0, NULL, '2024-10-31 09:56:43', 304);
INSERT INTO `sys_oper_log` (`oper_id`, `title`, `business_type`, `method`, `request_method`, `operator_type`, `oper_name`, `dept_name`, `oper_url`, `oper_ip`, `oper_location`, `oper_param`, `json_result`, `status`, `error_msg`, `oper_time`, `cost_time`) VALUES (183, '代码生成', 2, 'com.dkd.generator.controller.GenController.editSave()', 'PUT', 1, 'admin', '研发部门', '/tool/gen', '127.0.0.1', '内网IP', '{\"businessName\":\"sku\",\"className\":\"TbSku\",\"columns\":[{\"capJavaField\":\"SkuId\",\"columnComment\":\"主键\",\"columnId\":86,\"columnName\":\"sku_id\",\"columnType\":\"bigint\",\"createBy\":\"admin\",\"createTime\":\"2024-10-31 09:38:28\",\"dictType\":\"\",\"edit\":false,\"htmlType\":\"input\",\"increment\":true,\"insert\":false,\"isIncrement\":\"1\",\"isInsert\":\"0\",\"isPk\":\"1\",\"isRequired\":\"0\",\"javaField\":\"skuId\",\"javaType\":\"Long\",\"list\":false,\"params\":{},\"pk\":true,\"query\":false,\"queryType\":\"EQ\",\"required\":false,\"sort\":1,\"superColumn\":false,\"tableId\":10,\"updateBy\":\"\",\"updateTime\":\"2024-10-31 09:56:36\",\"usableColumn\":false},{\"capJavaField\":\"SkuName\",\"columnComment\":\"商品名称\",\"columnId\":87,\"columnName\":\"sku_name\",\"columnType\":\"varchar(50)\",\"createBy\":\"admin\",\"createTime\":\"2024-10-31 09:38:28\",\"dictType\":\"\",\"edit\":true,\"htmlType\":\"input\",\"increment\":false,\"insert\":true,\"isEdit\":\"1\",\"isIncrement\":\"0\",\"isInsert\":\"1\",\"isList\":\"1\",\"isPk\":\"0\",\"isQuery\":\"1\",\"isRequired\":\"1\",\"javaField\":\"skuName\",\"javaType\":\"String\",\"list\":true,\"params\":{},\"pk\":false,\"query\":true,\"queryType\":\"LIKE\",\"required\":true,\"sort\":2,\"superColumn\":false,\"tableId\":10,\"updateBy\":\"\",\"updateTime\":\"2024-10-31 09:56:36\",\"usableColumn\":false},{\"capJavaField\":\"SkuImage\",\"columnComment\":\"商品图片\",\"columnId\":88,\"columnName\":\"sku_image\",\"columnType\":\"varchar(500)\",\"createBy\":\"admin\",\"createTime\":\"2024-10-31 09:38:28\",\"dictType\":\"\",\"edit\":true,\"htmlType\":\"imageUpload\",\"increment\":false,\"insert\":true,\"isEdit\":\"1\",\"isIncrement\":\"0\",\"isInsert\":\"1\",\"isList\":\"1\",\"isPk\":\"0\",\"isQuery\":\"1\",\"isRequired\":\"1\",\"javaField\":\"skuImage\",\"javaType\":\"String\",\"list\":true,\"params\":{},\"pk\":false,\"query\":true,\"queryType\":\"EQ\",\"required\":true,\"sort\":3,\"superColumn\":false,\"tableId\":10,\"updateBy\":\"\",\"updateTime\":\"2024-10-31 09:56:36\",\"usableColumn\":false},{\"capJavaField\":\"BrandName\",\"columnComment\":\"品牌\",\"columnId\":89,\"columnName\":\"brand_Name\",\"columnType\":\"varchar(50)\",\"createBy\":\"admin\",\"createTime\":\"2024-10-31 09:38:28\",\"dictType\":\"\",\"edit\":true,\"htmlType\":\"input\",\"increment\":false,\"insert\"', '{\"msg\":\"操作成功\",\"code\":200}', 0, NULL, '2024-10-31 09:57:23', 34);
INSERT INTO `sys_oper_log` (`oper_id`, `title`, `business_type`, `method`, `request_method`, `operator_type`, `oper_name`, `dept_name`, `oper_url`, `oper_ip`, `oper_location`, `oper_param`, `json_result`, `status`, `error_msg`, `oper_time`, `cost_time`) VALUES (184, '代码生成', 8, 'com.dkd.generator.controller.GenController.batchGenCode()', 'GET', 1, 'admin', '研发部门', '/tool/gen/batchGenCode', '127.0.0.1', '内网IP', '{\"tables\":\"tb_sku,tb_sku_class\"}', NULL, 0, NULL, '2024-10-31 09:57:28', 103);
INSERT INTO `sys_oper_log` (`oper_id`, `title`, `business_type`, `method`, `request_method`, `operator_type`, `oper_name`, `dept_name`, `oper_url`, `oper_ip`, `oper_location`, `oper_param`, `json_result`, `status`, `error_msg`, `oper_time`, `cost_time`) VALUES (185, '商品类型', 1, 'com.dkd.manage.controller.TbSkuClassController.add()', 'POST', 1, 'admin', '研发部门', '/manage/skuClass', '127.0.0.1', '内网IP', '{\"className\":\"化妆品\",\"params\":{}}', NULL, 1, '\n### Error updating database.  Cause: java.sql.SQLIntegrityConstraintViolationException: Duplicate entry \'化妆品\' for key \'tb_sku_class.tb_sku_class_class_name_uindex\'\n### The error may exist in file [/Users/shoudle/Documents/github/dkd-backend/dkd-manage/target/classes/mapper/manage/TbSkuClassMapper.xml]\n### The error may involve com.dkd.manage.mapper.TbSkuClassMapper.insertTbSkuClass-Inline\n### The error occurred while setting parameters\n### SQL: insert into tb_sku_class          ( class_name )           values ( ? )\n### Cause: java.sql.SQLIntegrityConstraintViolationException: Duplicate entry \'化妆品\' for key \'tb_sku_class.tb_sku_class_class_name_uindex\'\n; Duplicate entry \'化妆品\' for key \'tb_sku_class.tb_sku_class_class_name_uindex\'; nested exception is java.sql.SQLIntegrityConstraintViolationException: Duplicate entry \'化妆品\' for key \'tb_sku_class.tb_sku_class_class_name_uindex\'', '2024-10-31 10:16:50', 340);
INSERT INTO `sys_oper_log` (`oper_id`, `title`, `business_type`, `method`, `request_method`, `operator_type`, `oper_name`, `dept_name`, `oper_url`, `oper_ip`, `oper_location`, `oper_param`, `json_result`, `status`, `error_msg`, `oper_time`, `cost_time`) VALUES (186, '商品类型', 1, 'com.dkd.manage.controller.TbSkuClassController.add()', 'POST', 1, 'admin', '研发部门', '/manage/skuClass', '127.0.0.1', '内网IP', '{\"className\":\"化妆品\",\"params\":{}}', NULL, 1, '\n### Error updating database.  Cause: java.sql.SQLIntegrityConstraintViolationException: Duplicate entry \'化妆品\' for key \'tb_sku_class.tb_sku_class_class_name_uindex\'\n### The error may exist in file [/Users/shoudle/Documents/github/dkd-backend/dkd-manage/target/classes/mapper/manage/TbSkuClassMapper.xml]\n### The error may involve com.dkd.manage.mapper.TbSkuClassMapper.insertTbSkuClass-Inline\n### The error occurred while setting parameters\n### SQL: insert into tb_sku_class          ( class_name )           values ( ? )\n### Cause: java.sql.SQLIntegrityConstraintViolationException: Duplicate entry \'化妆品\' for key \'tb_sku_class.tb_sku_class_class_name_uindex\'\n; Duplicate entry \'化妆品\' for key \'tb_sku_class.tb_sku_class_class_name_uindex\'; nested exception is java.sql.SQLIntegrityConstraintViolationException: Duplicate entry \'化妆品\' for key \'tb_sku_class.tb_sku_class_class_name_uindex\'', '2024-10-31 10:21:06', 18);
INSERT INTO `sys_oper_log` (`oper_id`, `title`, `business_type`, `method`, `request_method`, `operator_type`, `oper_name`, `dept_name`, `oper_url`, `oper_ip`, `oper_location`, `oper_param`, `json_result`, `status`, `error_msg`, `oper_time`, `cost_time`) VALUES (187, '商品类型', 1, 'com.dkd.manage.controller.TbSkuClassController.add()', 'POST', 1, 'admin', '研发部门', '/manage/skuClass', '127.0.0.1', '内网IP', '{\"className\":\"化妆品\",\"params\":{}}', NULL, 1, '\n### Error updating database.  Cause: java.sql.SQLIntegrityConstraintViolationException: Duplicate entry \'化妆品\' for key \'tb_sku_class.tb_sku_class_class_name_uindex\'\n### The error may exist in file [/Users/shoudle/Documents/github/dkd-backend/dkd-manage/target/classes/mapper/manage/TbSkuClassMapper.xml]\n### The error may involve com.dkd.manage.mapper.TbSkuClassMapper.insertTbSkuClass-Inline\n### The error occurred while setting parameters\n### SQL: insert into tb_sku_class          ( class_name )           values ( ? )\n### Cause: java.sql.SQLIntegrityConstraintViolationException: Duplicate entry \'化妆品\' for key \'tb_sku_class.tb_sku_class_class_name_uindex\'\n; Duplicate entry \'化妆品\' for key \'tb_sku_class.tb_sku_class_class_name_uindex\'; nested exception is java.sql.SQLIntegrityConstraintViolationException: Duplicate entry \'化妆品\' for key \'tb_sku_class.tb_sku_class_class_name_uindex\'', '2024-10-31 10:23:38', 41);
INSERT INTO `sys_oper_log` (`oper_id`, `title`, `business_type`, `method`, `request_method`, `operator_type`, `oper_name`, `dept_name`, `oper_url`, `oper_ip`, `oper_location`, `oper_param`, `json_result`, `status`, `error_msg`, `oper_time`, `cost_time`) VALUES (188, '商品类型', 1, 'com.dkd.manage.controller.TbSkuClassController.add()', 'POST', 1, 'admin', '研发部门', '/manage/skuClass', '127.0.0.1', '内网IP', '{\"className\":\"化妆品\",\"params\":{}}', NULL, 1, '\n### Error updating database.  Cause: java.sql.SQLIntegrityConstraintViolationException: Duplicate entry \'化妆品\' for key \'tb_sku_class.tb_sku_class_class_name_uindex\'\n### The error may exist in file [/Users/shoudle/Documents/github/dkd-backend/dkd-manage/target/classes/mapper/manage/TbSkuClassMapper.xml]\n### The error may involve com.dkd.manage.mapper.TbSkuClassMapper.insertTbSkuClass-Inline\n### The error occurred while setting parameters\n### SQL: insert into tb_sku_class          ( class_name )           values ( ? )\n### Cause: java.sql.SQLIntegrityConstraintViolationException: Duplicate entry \'化妆品\' for key \'tb_sku_class.tb_sku_class_class_name_uindex\'\n; Duplicate entry \'化妆品\' for key \'tb_sku_class.tb_sku_class_class_name_uindex\'; nested exception is java.sql.SQLIntegrityConstraintViolationException: Duplicate entry \'化妆品\' for key \'tb_sku_class.tb_sku_class_class_name_uindex\'', '2024-10-31 10:23:54', 4);
INSERT INTO `sys_oper_log` (`oper_id`, `title`, `business_type`, `method`, `request_method`, `operator_type`, `oper_name`, `dept_name`, `oper_url`, `oper_ip`, `oper_location`, `oper_param`, `json_result`, `status`, `error_msg`, `oper_time`, `cost_time`) VALUES (189, '商品类型', 1, 'com.dkd.manage.controller.TbSkuClassController.add()', 'POST', 1, 'admin', '研发部门', '/manage/skuClass', '127.0.0.1', '内网IP', '{\"className\":\"化妆品\",\"params\":{}}', NULL, 1, '\n### Error updating database.  Cause: java.sql.SQLIntegrityConstraintViolationException: Duplicate entry \'化妆品\' for key \'tb_sku_class.tb_sku_class_class_name_uindex\'\n### The error may exist in file [/Users/shoudle/Documents/github/dkd-backend/dkd-manage/target/classes/mapper/manage/TbSkuClassMapper.xml]\n### The error may involve com.dkd.manage.mapper.TbSkuClassMapper.insertTbSkuClass-Inline\n### The error occurred while setting parameters\n### SQL: insert into tb_sku_class          ( class_name )           values ( ? )\n### Cause: java.sql.SQLIntegrityConstraintViolationException: Duplicate entry \'化妆品\' for key \'tb_sku_class.tb_sku_class_class_name_uindex\'\n; Duplicate entry \'化妆品\' for key \'tb_sku_class.tb_sku_class_class_name_uindex\'; nested exception is java.sql.SQLIntegrityConstraintViolationException: Duplicate entry \'化妆品\' for key \'tb_sku_class.tb_sku_class_class_name_uindex\'', '2024-10-31 10:27:21', 300);
COMMIT;

-- ----------------------------
-- Table structure for sys_post
-- ----------------------------
DROP TABLE IF EXISTS `sys_post`;
CREATE TABLE `sys_post` (
  `post_id` bigint NOT NULL AUTO_INCREMENT COMMENT '岗位ID',
  `post_code` varchar(64) CHARACTER SET utf8mb4 COLLATE utf8mb4_0900_ai_ci NOT NULL COMMENT '岗位编码',
  `post_name` varchar(50) CHARACTER SET utf8mb4 COLLATE utf8mb4_0900_ai_ci NOT NULL COMMENT '岗位名称',
  `post_sort` int NOT NULL COMMENT '显示顺序',
  `status` char(1) CHARACTER SET utf8mb4 COLLATE utf8mb4_0900_ai_ci NOT NULL COMMENT '状态（0正常 1停用）',
  `create_by` varchar(64) CHARACTER SET utf8mb4 COLLATE utf8mb4_0900_ai_ci DEFAULT '' COMMENT '创建者',
  `create_time` datetime DEFAULT NULL COMMENT '创建时间',
  `update_by` varchar(64) CHARACTER SET utf8mb4 COLLATE utf8mb4_0900_ai_ci DEFAULT '' COMMENT '更新者',
  `update_time` datetime DEFAULT NULL COMMENT '更新时间',
  `remark` varchar(500) CHARACTER SET utf8mb4 COLLATE utf8mb4_0900_ai_ci DEFAULT NULL COMMENT '备注',
  PRIMARY KEY (`post_id`) USING BTREE
) ENGINE=InnoDB AUTO_INCREMENT=5 DEFAULT CHARSET=utf8mb4 COLLATE=utf8mb4_0900_ai_ci ROW_FORMAT=DYNAMIC COMMENT='岗位信息表';

-- ----------------------------
-- Records of sys_post
-- ----------------------------
BEGIN;
INSERT INTO `sys_post` (`post_id`, `post_code`, `post_name`, `post_sort`, `status`, `create_by`, `create_time`, `update_by`, `update_time`, `remark`) VALUES (1, 'ceo', '董事长', 1, '0', 'admin', '2024-10-23 20:28:38', '', NULL, '');
INSERT INTO `sys_post` (`post_id`, `post_code`, `post_name`, `post_sort`, `status`, `create_by`, `create_time`, `update_by`, `update_time`, `remark`) VALUES (2, 'se', '项目经理', 2, '0', 'admin', '2024-10-23 20:28:38', '', NULL, '');
INSERT INTO `sys_post` (`post_id`, `post_code`, `post_name`, `post_sort`, `status`, `create_by`, `create_time`, `update_by`, `update_time`, `remark`) VALUES (3, 'hr', '人力资源', 3, '0', 'admin', '2024-10-23 20:28:38', '', NULL, '');
INSERT INTO `sys_post` (`post_id`, `post_code`, `post_name`, `post_sort`, `status`, `create_by`, `create_time`, `update_by`, `update_time`, `remark`) VALUES (4, 'user', '普通员工', 4, '0', 'admin', '2024-10-23 20:28:38', '', NULL, '');
COMMIT;

-- ----------------------------
-- Table structure for sys_role
-- ----------------------------
DROP TABLE IF EXISTS `sys_role`;
CREATE TABLE `sys_role` (
  `role_id` bigint NOT NULL AUTO_INCREMENT COMMENT '角色ID',
  `role_name` varchar(30) CHARACTER SET utf8mb4 COLLATE utf8mb4_0900_ai_ci NOT NULL COMMENT '角色名称',
  `role_key` varchar(100) CHARACTER SET utf8mb4 COLLATE utf8mb4_0900_ai_ci NOT NULL COMMENT '角色权限字符串',
  `role_sort` int NOT NULL COMMENT '显示顺序',
  `data_scope` char(1) CHARACTER SET utf8mb4 COLLATE utf8mb4_0900_ai_ci DEFAULT '1' COMMENT '数据范围（1：全部数据权限 2：自定数据权限 3：本部门数据权限 4：本部门及以下数据权限）',
  `menu_check_strictly` tinyint(1) DEFAULT '1' COMMENT '菜单树选择项是否关联显示',
  `dept_check_strictly` tinyint(1) DEFAULT '1' COMMENT '部门树选择项是否关联显示',
  `status` char(1) CHARACTER SET utf8mb4 COLLATE utf8mb4_0900_ai_ci NOT NULL COMMENT '角色状态（0正常 1停用）',
  `del_flag` char(1) CHARACTER SET utf8mb4 COLLATE utf8mb4_0900_ai_ci DEFAULT '0' COMMENT '删除标志（0代表存在 2代表删除）',
  `create_by` varchar(64) CHARACTER SET utf8mb4 COLLATE utf8mb4_0900_ai_ci DEFAULT '' COMMENT '创建者',
  `create_time` datetime DEFAULT NULL COMMENT '创建时间',
  `update_by` varchar(64) CHARACTER SET utf8mb4 COLLATE utf8mb4_0900_ai_ci DEFAULT '' COMMENT '更新者',
  `update_time` datetime DEFAULT NULL COMMENT '更新时间',
  `remark` varchar(500) CHARACTER SET utf8mb4 COLLATE utf8mb4_0900_ai_ci DEFAULT NULL COMMENT '备注',
  PRIMARY KEY (`role_id`) USING BTREE
) ENGINE=InnoDB AUTO_INCREMENT=100 DEFAULT CHARSET=utf8mb4 COLLATE=utf8mb4_0900_ai_ci ROW_FORMAT=DYNAMIC COMMENT='角色信息表';

-- ----------------------------
-- Records of sys_role
-- ----------------------------
BEGIN;
INSERT INTO `sys_role` (`role_id`, `role_name`, `role_key`, `role_sort`, `data_scope`, `menu_check_strictly`, `dept_check_strictly`, `status`, `del_flag`, `create_by`, `create_time`, `update_by`, `update_time`, `remark`) VALUES (1, '超级管理员', 'admin', 1, '1', 1, 1, '0', '0', 'admin', '2024-10-23 20:28:38', '', NULL, '超级管理员');
INSERT INTO `sys_role` (`role_id`, `role_name`, `role_key`, `role_sort`, `data_scope`, `menu_check_strictly`, `dept_check_strictly`, `status`, `del_flag`, `create_by`, `create_time`, `update_by`, `update_time`, `remark`) VALUES (2, '普通角色', 'common', 2, '2', 1, 1, '0', '0', 'admin', '2024-10-23 20:28:38', '', NULL, '普通角色');
COMMIT;

-- ----------------------------
-- Table structure for sys_role_dept
-- ----------------------------
DROP TABLE IF EXISTS `sys_role_dept`;
CREATE TABLE `sys_role_dept` (
  `role_id` bigint NOT NULL COMMENT '角色ID',
  `dept_id` bigint NOT NULL COMMENT '部门ID',
  PRIMARY KEY (`role_id`,`dept_id`) USING BTREE
) ENGINE=InnoDB DEFAULT CHARSET=utf8mb4 COLLATE=utf8mb4_0900_ai_ci ROW_FORMAT=DYNAMIC COMMENT='角色和部门关联表';

-- ----------------------------
-- Records of sys_role_dept
-- ----------------------------
BEGIN;
INSERT INTO `sys_role_dept` (`role_id`, `dept_id`) VALUES (2, 100);
INSERT INTO `sys_role_dept` (`role_id`, `dept_id`) VALUES (2, 101);
INSERT INTO `sys_role_dept` (`role_id`, `dept_id`) VALUES (2, 105);
COMMIT;

-- ----------------------------
-- Table structure for sys_role_menu
-- ----------------------------
DROP TABLE IF EXISTS `sys_role_menu`;
CREATE TABLE `sys_role_menu` (
  `role_id` bigint NOT NULL COMMENT '角色ID',
  `menu_id` bigint NOT NULL COMMENT '菜单ID',
  PRIMARY KEY (`role_id`,`menu_id`) USING BTREE
) ENGINE=InnoDB DEFAULT CHARSET=utf8mb4 COLLATE=utf8mb4_0900_ai_ci ROW_FORMAT=DYNAMIC COMMENT='角色和菜单关联表';

-- ----------------------------
-- Records of sys_role_menu
-- ----------------------------
BEGIN;
INSERT INTO `sys_role_menu` (`role_id`, `menu_id`) VALUES (2, 1);
INSERT INTO `sys_role_menu` (`role_id`, `menu_id`) VALUES (2, 2);
INSERT INTO `sys_role_menu` (`role_id`, `menu_id`) VALUES (2, 3);
INSERT INTO `sys_role_menu` (`role_id`, `menu_id`) VALUES (2, 4);
INSERT INTO `sys_role_menu` (`role_id`, `menu_id`) VALUES (2, 100);
INSERT INTO `sys_role_menu` (`role_id`, `menu_id`) VALUES (2, 101);
INSERT INTO `sys_role_menu` (`role_id`, `menu_id`) VALUES (2, 102);
INSERT INTO `sys_role_menu` (`role_id`, `menu_id`) VALUES (2, 103);
INSERT INTO `sys_role_menu` (`role_id`, `menu_id`) VALUES (2, 104);
INSERT INTO `sys_role_menu` (`role_id`, `menu_id`) VALUES (2, 105);
INSERT INTO `sys_role_menu` (`role_id`, `menu_id`) VALUES (2, 106);
INSERT INTO `sys_role_menu` (`role_id`, `menu_id`) VALUES (2, 107);
INSERT INTO `sys_role_menu` (`role_id`, `menu_id`) VALUES (2, 108);
INSERT INTO `sys_role_menu` (`role_id`, `menu_id`) VALUES (2, 109);
INSERT INTO `sys_role_menu` (`role_id`, `menu_id`) VALUES (2, 110);
INSERT INTO `sys_role_menu` (`role_id`, `menu_id`) VALUES (2, 111);
INSERT INTO `sys_role_menu` (`role_id`, `menu_id`) VALUES (2, 112);
INSERT INTO `sys_role_menu` (`role_id`, `menu_id`) VALUES (2, 113);
INSERT INTO `sys_role_menu` (`role_id`, `menu_id`) VALUES (2, 114);
INSERT INTO `sys_role_menu` (`role_id`, `menu_id`) VALUES (2, 115);
INSERT INTO `sys_role_menu` (`role_id`, `menu_id`) VALUES (2, 116);
INSERT INTO `sys_role_menu` (`role_id`, `menu_id`) VALUES (2, 117);
INSERT INTO `sys_role_menu` (`role_id`, `menu_id`) VALUES (2, 500);
INSERT INTO `sys_role_menu` (`role_id`, `menu_id`) VALUES (2, 501);
INSERT INTO `sys_role_menu` (`role_id`, `menu_id`) VALUES (2, 1000);
INSERT INTO `sys_role_menu` (`role_id`, `menu_id`) VALUES (2, 1001);
INSERT INTO `sys_role_menu` (`role_id`, `menu_id`) VALUES (2, 1002);
INSERT INTO `sys_role_menu` (`role_id`, `menu_id`) VALUES (2, 1003);
INSERT INTO `sys_role_menu` (`role_id`, `menu_id`) VALUES (2, 1004);
INSERT INTO `sys_role_menu` (`role_id`, `menu_id`) VALUES (2, 1005);
INSERT INTO `sys_role_menu` (`role_id`, `menu_id`) VALUES (2, 1006);
INSERT INTO `sys_role_menu` (`role_id`, `menu_id`) VALUES (2, 1007);
INSERT INTO `sys_role_menu` (`role_id`, `menu_id`) VALUES (2, 1008);
INSERT INTO `sys_role_menu` (`role_id`, `menu_id`) VALUES (2, 1009);
INSERT INTO `sys_role_menu` (`role_id`, `menu_id`) VALUES (2, 1010);
INSERT INTO `sys_role_menu` (`role_id`, `menu_id`) VALUES (2, 1011);
INSERT INTO `sys_role_menu` (`role_id`, `menu_id`) VALUES (2, 1012);
INSERT INTO `sys_role_menu` (`role_id`, `menu_id`) VALUES (2, 1013);
INSERT INTO `sys_role_menu` (`role_id`, `menu_id`) VALUES (2, 1014);
INSERT INTO `sys_role_menu` (`role_id`, `menu_id`) VALUES (2, 1015);
INSERT INTO `sys_role_menu` (`role_id`, `menu_id`) VALUES (2, 1016);
INSERT INTO `sys_role_menu` (`role_id`, `menu_id`) VALUES (2, 1017);
INSERT INTO `sys_role_menu` (`role_id`, `menu_id`) VALUES (2, 1018);
INSERT INTO `sys_role_menu` (`role_id`, `menu_id`) VALUES (2, 1019);
INSERT INTO `sys_role_menu` (`role_id`, `menu_id`) VALUES (2, 1020);
INSERT INTO `sys_role_menu` (`role_id`, `menu_id`) VALUES (2, 1021);
INSERT INTO `sys_role_menu` (`role_id`, `menu_id`) VALUES (2, 1022);
INSERT INTO `sys_role_menu` (`role_id`, `menu_id`) VALUES (2, 1023);
INSERT INTO `sys_role_menu` (`role_id`, `menu_id`) VALUES (2, 1024);
INSERT INTO `sys_role_menu` (`role_id`, `menu_id`) VALUES (2, 1025);
INSERT INTO `sys_role_menu` (`role_id`, `menu_id`) VALUES (2, 1026);
INSERT INTO `sys_role_menu` (`role_id`, `menu_id`) VALUES (2, 1027);
INSERT INTO `sys_role_menu` (`role_id`, `menu_id`) VALUES (2, 1028);
INSERT INTO `sys_role_menu` (`role_id`, `menu_id`) VALUES (2, 1029);
INSERT INTO `sys_role_menu` (`role_id`, `menu_id`) VALUES (2, 1030);
INSERT INTO `sys_role_menu` (`role_id`, `menu_id`) VALUES (2, 1031);
INSERT INTO `sys_role_menu` (`role_id`, `menu_id`) VALUES (2, 1032);
INSERT INTO `sys_role_menu` (`role_id`, `menu_id`) VALUES (2, 1033);
INSERT INTO `sys_role_menu` (`role_id`, `menu_id`) VALUES (2, 1034);
INSERT INTO `sys_role_menu` (`role_id`, `menu_id`) VALUES (2, 1035);
INSERT INTO `sys_role_menu` (`role_id`, `menu_id`) VALUES (2, 1036);
INSERT INTO `sys_role_menu` (`role_id`, `menu_id`) VALUES (2, 1037);
INSERT INTO `sys_role_menu` (`role_id`, `menu_id`) VALUES (2, 1038);
INSERT INTO `sys_role_menu` (`role_id`, `menu_id`) VALUES (2, 1039);
INSERT INTO `sys_role_menu` (`role_id`, `menu_id`) VALUES (2, 1040);
INSERT INTO `sys_role_menu` (`role_id`, `menu_id`) VALUES (2, 1041);
INSERT INTO `sys_role_menu` (`role_id`, `menu_id`) VALUES (2, 1042);
INSERT INTO `sys_role_menu` (`role_id`, `menu_id`) VALUES (2, 1043);
INSERT INTO `sys_role_menu` (`role_id`, `menu_id`) VALUES (2, 1044);
INSERT INTO `sys_role_menu` (`role_id`, `menu_id`) VALUES (2, 1045);
INSERT INTO `sys_role_menu` (`role_id`, `menu_id`) VALUES (2, 1046);
INSERT INTO `sys_role_menu` (`role_id`, `menu_id`) VALUES (2, 1047);
INSERT INTO `sys_role_menu` (`role_id`, `menu_id`) VALUES (2, 1048);
INSERT INTO `sys_role_menu` (`role_id`, `menu_id`) VALUES (2, 1049);
INSERT INTO `sys_role_menu` (`role_id`, `menu_id`) VALUES (2, 1050);
INSERT INTO `sys_role_menu` (`role_id`, `menu_id`) VALUES (2, 1051);
INSERT INTO `sys_role_menu` (`role_id`, `menu_id`) VALUES (2, 1052);
INSERT INTO `sys_role_menu` (`role_id`, `menu_id`) VALUES (2, 1053);
INSERT INTO `sys_role_menu` (`role_id`, `menu_id`) VALUES (2, 1054);
INSERT INTO `sys_role_menu` (`role_id`, `menu_id`) VALUES (2, 1055);
INSERT INTO `sys_role_menu` (`role_id`, `menu_id`) VALUES (2, 1056);
INSERT INTO `sys_role_menu` (`role_id`, `menu_id`) VALUES (2, 1057);
INSERT INTO `sys_role_menu` (`role_id`, `menu_id`) VALUES (2, 1058);
INSERT INTO `sys_role_menu` (`role_id`, `menu_id`) VALUES (2, 1059);
INSERT INTO `sys_role_menu` (`role_id`, `menu_id`) VALUES (2, 1060);
COMMIT;

-- ----------------------------
-- Table structure for sys_user
-- ----------------------------
DROP TABLE IF EXISTS `sys_user`;
CREATE TABLE `sys_user` (
  `user_id` bigint NOT NULL AUTO_INCREMENT COMMENT '用户ID',
  `dept_id` bigint DEFAULT NULL COMMENT '部门ID',
  `user_name` varchar(30) CHARACTER SET utf8mb4 COLLATE utf8mb4_0900_ai_ci NOT NULL COMMENT '用户账号',
  `nick_name` varchar(30) CHARACTER SET utf8mb4 COLLATE utf8mb4_0900_ai_ci NOT NULL COMMENT '用户昵称',
  `user_type` varchar(2) CHARACTER SET utf8mb4 COLLATE utf8mb4_0900_ai_ci DEFAULT '00' COMMENT '用户类型（00系统用户）',
  `email` varchar(50) CHARACTER SET utf8mb4 COLLATE utf8mb4_0900_ai_ci DEFAULT '' COMMENT '用户邮箱',
  `phonenumber` varchar(11) CHARACTER SET utf8mb4 COLLATE utf8mb4_0900_ai_ci DEFAULT '' COMMENT '手机号码',
  `sex` char(1) CHARACTER SET utf8mb4 COLLATE utf8mb4_0900_ai_ci DEFAULT '0' COMMENT '用户性别（0男 1女 2未知）',
  `avatar` varchar(100) CHARACTER SET utf8mb4 COLLATE utf8mb4_0900_ai_ci DEFAULT '' COMMENT '头像地址',
  `password` varchar(100) CHARACTER SET utf8mb4 COLLATE utf8mb4_0900_ai_ci DEFAULT '' COMMENT '密码',
  `status` char(1) CHARACTER SET utf8mb4 COLLATE utf8mb4_0900_ai_ci DEFAULT '0' COMMENT '帐号状态（0正常 1停用）',
  `del_flag` char(1) CHARACTER SET utf8mb4 COLLATE utf8mb4_0900_ai_ci DEFAULT '0' COMMENT '删除标志（0代表存在 2代表删除）',
  `login_ip` varchar(128) CHARACTER SET utf8mb4 COLLATE utf8mb4_0900_ai_ci DEFAULT '' COMMENT '最后登录IP',
  `login_date` datetime DEFAULT NULL COMMENT '最后登录时间',
  `create_by` varchar(64) CHARACTER SET utf8mb4 COLLATE utf8mb4_0900_ai_ci DEFAULT '' COMMENT '创建者',
  `create_time` datetime DEFAULT NULL COMMENT '创建时间',
  `update_by` varchar(64) CHARACTER SET utf8mb4 COLLATE utf8mb4_0900_ai_ci DEFAULT '' COMMENT '更新者',
  `update_time` datetime DEFAULT NULL COMMENT '更新时间',
  `remark` varchar(500) CHARACTER SET utf8mb4 COLLATE utf8mb4_0900_ai_ci DEFAULT NULL COMMENT '备注',
  PRIMARY KEY (`user_id`) USING BTREE
) ENGINE=InnoDB AUTO_INCREMENT=100 DEFAULT CHARSET=utf8mb4 COLLATE=utf8mb4_0900_ai_ci ROW_FORMAT=DYNAMIC COMMENT='用户信息表';

-- ----------------------------
-- Records of sys_user
-- ----------------------------
BEGIN;
INSERT INTO `sys_user` (`user_id`, `dept_id`, `user_name`, `nick_name`, `user_type`, `email`, `phonenumber`, `sex`, `avatar`, `password`, `status`, `del_flag`, `login_ip`, `login_date`, `create_by`, `create_time`, `update_by`, `update_time`, `remark`) VALUES (1, 103, 'admin', '若依', '00', 'ry@163.com', '15888888888', '1', '', '$2a$10$7JB720yubVSZvUI0rEqK/.VqGOZTH.ulu33dHOiBE8ByOhJIrdAu2', '0', '0', '127.0.0.1', '2024-11-01 14:12:31', 'admin', '2024-10-23 20:28:38', '', '2024-11-01 14:12:30', '管理员');
INSERT INTO `sys_user` (`user_id`, `dept_id`, `user_name`, `nick_name`, `user_type`, `email`, `phonenumber`, `sex`, `avatar`, `password`, `status`, `del_flag`, `login_ip`, `login_date`, `create_by`, `create_time`, `update_by`, `update_time`, `remark`) VALUES (2, 105, 'ry', '若依', '00', 'ry@qq.com', '15666666666', '1', '', '$2a$10$7JB720yubVSZvUI0rEqK/.VqGOZTH.ulu33dHOiBE8ByOhJIrdAu2', '0', '0', '127.0.0.1', '2024-10-23 20:28:38', 'admin', '2024-10-23 20:28:38', '', NULL, '测试员');
COMMIT;

-- ----------------------------
-- Table structure for sys_user_post
-- ----------------------------
DROP TABLE IF EXISTS `sys_user_post`;
CREATE TABLE `sys_user_post` (
  `user_id` bigint NOT NULL COMMENT '用户ID',
  `post_id` bigint NOT NULL COMMENT '岗位ID',
  PRIMARY KEY (`user_id`,`post_id`) USING BTREE
) ENGINE=InnoDB DEFAULT CHARSET=utf8mb4 COLLATE=utf8mb4_0900_ai_ci ROW_FORMAT=DYNAMIC COMMENT='用户与岗位关联表';

-- ----------------------------
-- Records of sys_user_post
-- ----------------------------
BEGIN;
INSERT INTO `sys_user_post` (`user_id`, `post_id`) VALUES (1, 1);
INSERT INTO `sys_user_post` (`user_id`, `post_id`) VALUES (2, 2);
COMMIT;

-- ----------------------------
-- Table structure for sys_user_role
-- ----------------------------
DROP TABLE IF EXISTS `sys_user_role`;
CREATE TABLE `sys_user_role` (
  `user_id` bigint NOT NULL COMMENT '用户ID',
  `role_id` bigint NOT NULL COMMENT '角色ID',
  PRIMARY KEY (`user_id`,`role_id`) USING BTREE
) ENGINE=InnoDB DEFAULT CHARSET=utf8mb4 COLLATE=utf8mb4_0900_ai_ci ROW_FORMAT=DYNAMIC COMMENT='用户和角色关联表';

-- ----------------------------
-- Records of sys_user_role
-- ----------------------------
BEGIN;
INSERT INTO `sys_user_role` (`user_id`, `role_id`) VALUES (1, 1);
INSERT INTO `sys_user_role` (`user_id`, `role_id`) VALUES (2, 2);
COMMIT;

-- ----------------------------
-- Table structure for tb_channel
-- ----------------------------
DROP TABLE IF EXISTS `tb_channel`;
CREATE TABLE `tb_channel` (
  `id` bigint NOT NULL AUTO_INCREMENT COMMENT '主键',
  `channel_code` varchar(10) CHARACTER SET utf8mb4 COLLATE utf8mb4_0900_ai_ci NOT NULL COMMENT '货道编号',
  `sku_id` bigint DEFAULT '0' COMMENT '商品Id',
  `vm_id` bigint NOT NULL COMMENT '售货机Id',
  `inner_code` varchar(15) CHARACTER SET utf8mb4 COLLATE utf8mb4_0900_ai_ci NOT NULL COMMENT '售货机软编号',
  `max_capacity` int NOT NULL DEFAULT '0' COMMENT '货道最大容量',
  `current_capacity` int DEFAULT '0' COMMENT '货道当前容量',
  `last_supply_time` datetime DEFAULT NULL COMMENT '上次补货时间',
  `create_time` datetime DEFAULT NULL COMMENT '创建时间',
  `update_time` datetime DEFAULT NULL COMMENT '修改时间',
  PRIMARY KEY (`id`) USING BTREE,
  KEY `channel_vendingmachine_Id_fk` (`vm_id`) USING BTREE,
  KEY `tb_channel_inner_code_index` (`inner_code`) USING BTREE,
  CONSTRAINT `tb_channel_ibfk_1` FOREIGN KEY (`vm_id`) REFERENCES `tb_vending_machine` (`id`) ON DELETE RESTRICT ON UPDATE RESTRICT
) ENGINE=InnoDB AUTO_INCREMENT=5214 DEFAULT CHARSET=utf8mb4 COLLATE=utf8mb4_0900_ai_ci ROW_FORMAT=DYNAMIC COMMENT='售货机货道表';

-- ----------------------------
-- Records of tb_channel
-- ----------------------------
BEGIN;
INSERT INTO `tb_channel` (`id`, `channel_code`, `sku_id`, `vm_id`, `inner_code`, `max_capacity`, `current_capacity`, `last_supply_time`, `create_time`, `update_time`) VALUES (4703, '1-1', 9, 80, 'A1000001', 10, 8, '2023-03-22 17:16:46', '2022-05-11 12:12:40', '2024-05-19 16:05:35');
INSERT INTO `tb_channel` (`id`, `channel_code`, `sku_id`, `vm_id`, `inner_code`, `max_capacity`, `current_capacity`, `last_supply_time`, `create_time`, `update_time`) VALUES (4704, '1-2', 2, 80, 'A1000001', 10, 2, '2023-03-22 17:16:46', '2022-05-11 12:12:40', '2024-05-19 16:05:35');
INSERT INTO `tb_channel` (`id`, `channel_code`, `sku_id`, `vm_id`, `inner_code`, `max_capacity`, `current_capacity`, `last_supply_time`, `create_time`, `update_time`) VALUES (4705, '1-3', 2, 80, 'A1000001', 10, 6, '2023-03-22 17:16:46', '2022-05-11 12:12:40', '2024-05-19 16:05:35');
INSERT INTO `tb_channel` (`id`, `channel_code`, `sku_id`, `vm_id`, `inner_code`, `max_capacity`, `current_capacity`, `last_supply_time`, `create_time`, `update_time`) VALUES (4706, '1-4', 4, 80, 'A1000001', 10, 10, NULL, '2022-05-11 12:12:40', '2024-05-19 16:05:35');
INSERT INTO `tb_channel` (`id`, `channel_code`, `sku_id`, `vm_id`, `inner_code`, `max_capacity`, `current_capacity`, `last_supply_time`, `create_time`, `update_time`) VALUES (4707, '1-5', 3, 80, 'A1000001', 10, 9, '2023-03-22 17:16:46', '2022-05-11 12:12:40', '2024-05-19 16:05:35');
INSERT INTO `tb_channel` (`id`, `channel_code`, `sku_id`, `vm_id`, `inner_code`, `max_capacity`, `current_capacity`, `last_supply_time`, `create_time`, `update_time`) VALUES (4708, '1-6', 4, 80, 'A1000001', 10, 4, NULL, '2022-05-11 12:12:40', '2024-05-19 16:05:35');
INSERT INTO `tb_channel` (`id`, `channel_code`, `sku_id`, `vm_id`, `inner_code`, `max_capacity`, `current_capacity`, `last_supply_time`, `create_time`, `update_time`) VALUES (4709, '2-1', 1, 80, 'A1000001', 10, 10, NULL, '2022-05-11 12:12:40', '2024-05-19 16:05:35');
INSERT INTO `tb_channel` (`id`, `channel_code`, `sku_id`, `vm_id`, `inner_code`, `max_capacity`, `current_capacity`, `last_supply_time`, `create_time`, `update_time`) VALUES (4710, '2-2', 6, 80, 'A1000001', 10, 10, NULL, '2022-05-11 12:12:40', '2024-05-19 16:05:35');
INSERT INTO `tb_channel` (`id`, `channel_code`, `sku_id`, `vm_id`, `inner_code`, `max_capacity`, `current_capacity`, `last_supply_time`, `create_time`, `update_time`) VALUES (4711, '2-3', 8, 80, 'A1000001', 10, 0, NULL, '2022-05-11 12:12:40', '2024-05-19 16:05:35');
INSERT INTO `tb_channel` (`id`, `channel_code`, `sku_id`, `vm_id`, `inner_code`, `max_capacity`, `current_capacity`, `last_supply_time`, `create_time`, `update_time`) VALUES (4712, '2-4', 9, 80, 'A1000001', 10, 9, NULL, '2022-05-11 12:12:40', '2024-05-19 16:05:35');
INSERT INTO `tb_channel` (`id`, `channel_code`, `sku_id`, `vm_id`, `inner_code`, `max_capacity`, `current_capacity`, `last_supply_time`, `create_time`, `update_time`) VALUES (4713, '2-5', 2, 80, 'A1000001', 10, 6, NULL, '2022-05-11 12:12:40', '2024-05-19 16:05:35');
INSERT INTO `tb_channel` (`id`, `channel_code`, `sku_id`, `vm_id`, `inner_code`, `max_capacity`, `current_capacity`, `last_supply_time`, `create_time`, `update_time`) VALUES (4714, '2-6', 4, 80, 'A1000001', 10, 10, NULL, '2022-05-11 12:12:40', '2024-05-19 16:05:35');
INSERT INTO `tb_channel` (`id`, `channel_code`, `sku_id`, `vm_id`, `inner_code`, `max_capacity`, `current_capacity`, `last_supply_time`, `create_time`, `update_time`) VALUES (4715, '3-1', 7, 80, 'A1000001', 10, 5, '2023-03-22 17:16:46', '2022-05-11 12:12:40', '2024-05-19 16:05:35');
INSERT INTO `tb_channel` (`id`, `channel_code`, `sku_id`, `vm_id`, `inner_code`, `max_capacity`, `current_capacity`, `last_supply_time`, `create_time`, `update_time`) VALUES (4716, '3-2', 6, 80, 'A1000001', 10, 10, NULL, '2022-05-11 12:12:40', '2024-05-19 16:05:35');
INSERT INTO `tb_channel` (`id`, `channel_code`, `sku_id`, `vm_id`, `inner_code`, `max_capacity`, `current_capacity`, `last_supply_time`, `create_time`, `update_time`) VALUES (4717, '3-3', 3, 80, 'A1000001', 10, 10, NULL, '2022-05-11 12:12:40', '2024-05-19 16:05:35');
INSERT INTO `tb_channel` (`id`, `channel_code`, `sku_id`, `vm_id`, `inner_code`, `max_capacity`, `current_capacity`, `last_supply_time`, `create_time`, `update_time`) VALUES (4718, '3-4', 2, 80, 'A1000001', 10, 10, NULL, '2022-05-11 12:12:40', '2024-05-19 16:05:35');
INSERT INTO `tb_channel` (`id`, `channel_code`, `sku_id`, `vm_id`, `inner_code`, `max_capacity`, `current_capacity`, `last_supply_time`, `create_time`, `update_time`) VALUES (4719, '3-5', 2, 80, 'A1000001', 10, 10, NULL, '2022-05-11 12:12:40', '2024-05-19 16:05:35');
INSERT INTO `tb_channel` (`id`, `channel_code`, `sku_id`, `vm_id`, `inner_code`, `max_capacity`, `current_capacity`, `last_supply_time`, `create_time`, `update_time`) VALUES (4720, '3-6', 1, 80, 'A1000001', 10, 10, '2023-03-22 17:16:46', '2022-05-11 12:12:40', '2024-05-19 16:05:35');
INSERT INTO `tb_channel` (`id`, `channel_code`, `sku_id`, `vm_id`, `inner_code`, `max_capacity`, `current_capacity`, `last_supply_time`, `create_time`, `update_time`) VALUES (4721, '4-1', 2, 80, 'A1000001', 10, 1, NULL, '2022-05-11 12:12:40', '2024-05-19 16:05:35');
INSERT INTO `tb_channel` (`id`, `channel_code`, `sku_id`, `vm_id`, `inner_code`, `max_capacity`, `current_capacity`, `last_supply_time`, `create_time`, `update_time`) VALUES (4722, '4-2', 4, 80, 'A1000001', 10, 10, NULL, '2022-05-11 12:12:40', '2024-05-19 16:05:35');
INSERT INTO `tb_channel` (`id`, `channel_code`, `sku_id`, `vm_id`, `inner_code`, `max_capacity`, `current_capacity`, `last_supply_time`, `create_time`, `update_time`) VALUES (4723, '4-3', 5, 80, 'A1000001', 10, 6, NULL, '2022-05-11 12:12:40', '2024-05-19 16:05:35');
INSERT INTO `tb_channel` (`id`, `channel_code`, `sku_id`, `vm_id`, `inner_code`, `max_capacity`, `current_capacity`, `last_supply_time`, `create_time`, `update_time`) VALUES (4724, '4-4', 6, 80, 'A1000001', 10, 10, NULL, '2022-05-11 12:12:40', '2024-05-19 16:05:35');
INSERT INTO `tb_channel` (`id`, `channel_code`, `sku_id`, `vm_id`, `inner_code`, `max_capacity`, `current_capacity`, `last_supply_time`, `create_time`, `update_time`) VALUES (4725, '4-5', 6, 80, 'A1000001', 10, 10, NULL, '2022-05-11 12:12:40', '2024-05-19 16:05:35');
INSERT INTO `tb_channel` (`id`, `channel_code`, `sku_id`, `vm_id`, `inner_code`, `max_capacity`, `current_capacity`, `last_supply_time`, `create_time`, `update_time`) VALUES (4726, '4-6', 6, 80, 'A1000001', 10, 10, NULL, '2022-05-11 12:12:40', '2024-05-19 16:05:35');
INSERT INTO `tb_channel` (`id`, `channel_code`, `sku_id`, `vm_id`, `inner_code`, `max_capacity`, `current_capacity`, `last_supply_time`, `create_time`, `update_time`) VALUES (4727, '5-1', 6, 80, 'A1000001', 10, 10, NULL, '2022-05-11 12:12:40', '2024-05-19 16:05:35');
INSERT INTO `tb_channel` (`id`, `channel_code`, `sku_id`, `vm_id`, `inner_code`, `max_capacity`, `current_capacity`, `last_supply_time`, `create_time`, `update_time`) VALUES (4728, '5-2', 6, 80, 'A1000001', 10, 10, NULL, '2022-05-11 12:12:40', '2024-05-19 16:05:35');
INSERT INTO `tb_channel` (`id`, `channel_code`, `sku_id`, `vm_id`, `inner_code`, `max_capacity`, `current_capacity`, `last_supply_time`, `create_time`, `update_time`) VALUES (4729, '5-3', 6, 80, 'A1000001', 10, 10, NULL, '2022-05-11 12:12:40', '2024-05-19 16:05:35');
INSERT INTO `tb_channel` (`id`, `channel_code`, `sku_id`, `vm_id`, `inner_code`, `max_capacity`, `current_capacity`, `last_supply_time`, `create_time`, `update_time`) VALUES (4730, '5-4', 6, 80, 'A1000001', 10, 10, NULL, '2022-05-11 12:12:40', '2024-05-19 16:05:35');
INSERT INTO `tb_channel` (`id`, `channel_code`, `sku_id`, `vm_id`, `inner_code`, `max_capacity`, `current_capacity`, `last_supply_time`, `create_time`, `update_time`) VALUES (4731, '5-5', 9, 80, 'A1000001', 10, 10, NULL, '2022-05-11 12:12:40', '2024-05-19 16:05:35');
INSERT INTO `tb_channel` (`id`, `channel_code`, `sku_id`, `vm_id`, `inner_code`, `max_capacity`, `current_capacity`, `last_supply_time`, `create_time`, `update_time`) VALUES (4732, '5-6', 6, 80, 'A1000001', 10, 10, NULL, '2022-05-11 12:12:40', '2024-05-19 16:05:35');
INSERT INTO `tb_channel` (`id`, `channel_code`, `sku_id`, `vm_id`, `inner_code`, `max_capacity`, `current_capacity`, `last_supply_time`, `create_time`, `update_time`) VALUES (4883, '1-1', 5, 86, 'aim5xu4I', 10, 10, NULL, '2022-12-05 17:01:38', '2022-12-05 17:01:38');
INSERT INTO `tb_channel` (`id`, `channel_code`, `sku_id`, `vm_id`, `inner_code`, `max_capacity`, `current_capacity`, `last_supply_time`, `create_time`, `update_time`) VALUES (4884, '1-2', 1, 86, 'aim5xu4I', 10, 10, NULL, '2022-12-05 17:01:38', '2022-12-05 17:01:38');
INSERT INTO `tb_channel` (`id`, `channel_code`, `sku_id`, `vm_id`, `inner_code`, `max_capacity`, `current_capacity`, `last_supply_time`, `create_time`, `update_time`) VALUES (4885, '2-1', 0, 86, 'aim5xu4I', 10, 10, NULL, '2022-12-05 17:01:38', '2022-12-05 17:01:38');
INSERT INTO `tb_channel` (`id`, `channel_code`, `sku_id`, `vm_id`, `inner_code`, `max_capacity`, `current_capacity`, `last_supply_time`, `create_time`, `update_time`) VALUES (4886, '2-2', 0, 86, 'aim5xu4I', 10, 10, NULL, '2022-12-05 17:01:38', '2022-12-05 17:01:38');
INSERT INTO `tb_channel` (`id`, `channel_code`, `sku_id`, `vm_id`, `inner_code`, `max_capacity`, `current_capacity`, `last_supply_time`, `create_time`, `update_time`) VALUES (4887, '1-1', 5, 87, '5cy5BdUs', 10, 10, '2022-12-05 21:45:36', '2022-12-05 21:35:56', '2022-12-05 21:45:36');
INSERT INTO `tb_channel` (`id`, `channel_code`, `sku_id`, `vm_id`, `inner_code`, `max_capacity`, `current_capacity`, `last_supply_time`, `create_time`, `update_time`) VALUES (4888, '1-2', 1, 87, '5cy5BdUs', 10, 10, '2022-12-05 21:45:36', '2022-12-05 21:35:56', '2022-12-05 21:45:36');
INSERT INTO `tb_channel` (`id`, `channel_code`, `sku_id`, `vm_id`, `inner_code`, `max_capacity`, `current_capacity`, `last_supply_time`, `create_time`, `update_time`) VALUES (4889, '2-1', 0, 87, '5cy5BdUs', 10, 10, NULL, '2022-12-05 21:35:56', '2022-12-05 21:35:56');
INSERT INTO `tb_channel` (`id`, `channel_code`, `sku_id`, `vm_id`, `inner_code`, `max_capacity`, `current_capacity`, `last_supply_time`, `create_time`, `update_time`) VALUES (4890, '2-2', 0, 87, '5cy5BdUs', 10, 10, NULL, '2022-12-05 21:35:56', '2022-12-05 21:35:56');
INSERT INTO `tb_channel` (`id`, `channel_code`, `sku_id`, `vm_id`, `inner_code`, `max_capacity`, `current_capacity`, `last_supply_time`, `create_time`, `update_time`) VALUES (4891, '1-1', 2, 88, 'tCeiyxLx', 10, 10, NULL, '2022-12-05 22:39:26', '2024-05-16 22:02:27');
INSERT INTO `tb_channel` (`id`, `channel_code`, `sku_id`, `vm_id`, `inner_code`, `max_capacity`, `current_capacity`, `last_supply_time`, `create_time`, `update_time`) VALUES (4892, '1-2', 0, 88, 'tCeiyxLx', 10, 10, NULL, '2022-12-05 22:39:26', '2024-05-16 22:02:27');
INSERT INTO `tb_channel` (`id`, `channel_code`, `sku_id`, `vm_id`, `inner_code`, `max_capacity`, `current_capacity`, `last_supply_time`, `create_time`, `update_time`) VALUES (4893, '1-3', 0, 88, 'tCeiyxLx', 10, 10, NULL, '2022-12-05 22:39:26', '2024-05-16 22:02:27');
INSERT INTO `tb_channel` (`id`, `channel_code`, `sku_id`, `vm_id`, `inner_code`, `max_capacity`, `current_capacity`, `last_supply_time`, `create_time`, `update_time`) VALUES (4894, '1-4', 0, 88, 'tCeiyxLx', 10, 10, NULL, '2022-12-05 22:39:26', '2024-05-16 22:02:27');
INSERT INTO `tb_channel` (`id`, `channel_code`, `sku_id`, `vm_id`, `inner_code`, `max_capacity`, `current_capacity`, `last_supply_time`, `create_time`, `update_time`) VALUES (4895, '1-5', 0, 88, 'tCeiyxLx', 10, 10, NULL, '2022-12-05 22:39:26', '2024-05-16 22:02:27');
INSERT INTO `tb_channel` (`id`, `channel_code`, `sku_id`, `vm_id`, `inner_code`, `max_capacity`, `current_capacity`, `last_supply_time`, `create_time`, `update_time`) VALUES (4896, '1-6', 0, 88, 'tCeiyxLx', 10, 10, NULL, '2022-12-05 22:39:26', '2024-05-16 22:02:27');
INSERT INTO `tb_channel` (`id`, `channel_code`, `sku_id`, `vm_id`, `inner_code`, `max_capacity`, `current_capacity`, `last_supply_time`, `create_time`, `update_time`) VALUES (4897, '2-1', 0, 88, 'tCeiyxLx', 10, 10, NULL, '2022-12-05 22:39:26', '2024-05-16 22:02:27');
INSERT INTO `tb_channel` (`id`, `channel_code`, `sku_id`, `vm_id`, `inner_code`, `max_capacity`, `current_capacity`, `last_supply_time`, `create_time`, `update_time`) VALUES (4898, '2-2', 0, 88, 'tCeiyxLx', 10, 10, NULL, '2022-12-05 22:39:26', '2024-05-16 22:02:27');
INSERT INTO `tb_channel` (`id`, `channel_code`, `sku_id`, `vm_id`, `inner_code`, `max_capacity`, `current_capacity`, `last_supply_time`, `create_time`, `update_time`) VALUES (4899, '2-3', 0, 88, 'tCeiyxLx', 10, 10, NULL, '2022-12-05 22:39:26', '2024-05-16 22:02:27');
INSERT INTO `tb_channel` (`id`, `channel_code`, `sku_id`, `vm_id`, `inner_code`, `max_capacity`, `current_capacity`, `last_supply_time`, `create_time`, `update_time`) VALUES (4900, '2-4', 0, 88, 'tCeiyxLx', 10, 10, NULL, '2022-12-05 22:39:26', '2024-05-16 22:02:27');
INSERT INTO `tb_channel` (`id`, `channel_code`, `sku_id`, `vm_id`, `inner_code`, `max_capacity`, `current_capacity`, `last_supply_time`, `create_time`, `update_time`) VALUES (4901, '2-5', 0, 88, 'tCeiyxLx', 10, 10, NULL, '2022-12-05 22:39:26', '2024-05-16 22:02:27');
INSERT INTO `tb_channel` (`id`, `channel_code`, `sku_id`, `vm_id`, `inner_code`, `max_capacity`, `current_capacity`, `last_supply_time`, `create_time`, `update_time`) VALUES (4902, '2-6', 0, 88, 'tCeiyxLx', 10, 10, NULL, '2022-12-05 22:39:26', '2024-05-16 22:02:27');
INSERT INTO `tb_channel` (`id`, `channel_code`, `sku_id`, `vm_id`, `inner_code`, `max_capacity`, `current_capacity`, `last_supply_time`, `create_time`, `update_time`) VALUES (4903, '3-1', 0, 88, 'tCeiyxLx', 10, 10, NULL, '2022-12-05 22:39:26', '2024-05-16 22:02:27');
INSERT INTO `tb_channel` (`id`, `channel_code`, `sku_id`, `vm_id`, `inner_code`, `max_capacity`, `current_capacity`, `last_supply_time`, `create_time`, `update_time`) VALUES (4904, '3-2', 0, 88, 'tCeiyxLx', 10, 10, NULL, '2022-12-05 22:39:26', '2024-05-16 22:02:27');
INSERT INTO `tb_channel` (`id`, `channel_code`, `sku_id`, `vm_id`, `inner_code`, `max_capacity`, `current_capacity`, `last_supply_time`, `create_time`, `update_time`) VALUES (4905, '3-3', 0, 88, 'tCeiyxLx', 10, 10, NULL, '2022-12-05 22:39:26', '2024-05-16 22:02:27');
INSERT INTO `tb_channel` (`id`, `channel_code`, `sku_id`, `vm_id`, `inner_code`, `max_capacity`, `current_capacity`, `last_supply_time`, `create_time`, `update_time`) VALUES (4906, '3-4', 0, 88, 'tCeiyxLx', 10, 10, NULL, '2022-12-05 22:39:26', '2024-05-16 22:02:27');
INSERT INTO `tb_channel` (`id`, `channel_code`, `sku_id`, `vm_id`, `inner_code`, `max_capacity`, `current_capacity`, `last_supply_time`, `create_time`, `update_time`) VALUES (4907, '3-5', 0, 88, 'tCeiyxLx', 10, 10, NULL, '2022-12-05 22:39:26', '2024-05-16 22:02:27');
INSERT INTO `tb_channel` (`id`, `channel_code`, `sku_id`, `vm_id`, `inner_code`, `max_capacity`, `current_capacity`, `last_supply_time`, `create_time`, `update_time`) VALUES (4908, '3-6', 0, 88, 'tCeiyxLx', 10, 10, NULL, '2022-12-05 22:39:26', '2024-05-16 22:02:27');
INSERT INTO `tb_channel` (`id`, `channel_code`, `sku_id`, `vm_id`, `inner_code`, `max_capacity`, `current_capacity`, `last_supply_time`, `create_time`, `update_time`) VALUES (4909, '4-1', 0, 88, 'tCeiyxLx', 10, 10, NULL, '2022-12-05 22:39:26', '2024-05-16 22:02:27');
INSERT INTO `tb_channel` (`id`, `channel_code`, `sku_id`, `vm_id`, `inner_code`, `max_capacity`, `current_capacity`, `last_supply_time`, `create_time`, `update_time`) VALUES (4910, '4-2', 0, 88, 'tCeiyxLx', 10, 10, NULL, '2022-12-05 22:39:26', '2024-05-16 22:02:27');
INSERT INTO `tb_channel` (`id`, `channel_code`, `sku_id`, `vm_id`, `inner_code`, `max_capacity`, `current_capacity`, `last_supply_time`, `create_time`, `update_time`) VALUES (4911, '4-3', 0, 88, 'tCeiyxLx', 10, 10, NULL, '2022-12-05 22:39:26', '2024-05-16 22:02:27');
INSERT INTO `tb_channel` (`id`, `channel_code`, `sku_id`, `vm_id`, `inner_code`, `max_capacity`, `current_capacity`, `last_supply_time`, `create_time`, `update_time`) VALUES (4912, '4-4', 0, 88, 'tCeiyxLx', 10, 10, NULL, '2022-12-05 22:39:26', '2024-05-16 22:02:27');
INSERT INTO `tb_channel` (`id`, `channel_code`, `sku_id`, `vm_id`, `inner_code`, `max_capacity`, `current_capacity`, `last_supply_time`, `create_time`, `update_time`) VALUES (4913, '4-5', 0, 88, 'tCeiyxLx', 10, 10, NULL, '2022-12-05 22:39:26', '2024-05-16 22:02:27');
INSERT INTO `tb_channel` (`id`, `channel_code`, `sku_id`, `vm_id`, `inner_code`, `max_capacity`, `current_capacity`, `last_supply_time`, `create_time`, `update_time`) VALUES (4914, '4-6', 0, 88, 'tCeiyxLx', 10, 10, NULL, '2022-12-05 22:39:26', '2024-05-16 22:02:27');
INSERT INTO `tb_channel` (`id`, `channel_code`, `sku_id`, `vm_id`, `inner_code`, `max_capacity`, `current_capacity`, `last_supply_time`, `create_time`, `update_time`) VALUES (4915, '5-1', 0, 88, 'tCeiyxLx', 10, 10, NULL, '2022-12-05 22:39:26', '2024-05-16 22:02:27');
INSERT INTO `tb_channel` (`id`, `channel_code`, `sku_id`, `vm_id`, `inner_code`, `max_capacity`, `current_capacity`, `last_supply_time`, `create_time`, `update_time`) VALUES (4916, '5-2', 0, 88, 'tCeiyxLx', 10, 10, NULL, '2022-12-05 22:39:26', '2024-05-16 22:02:27');
INSERT INTO `tb_channel` (`id`, `channel_code`, `sku_id`, `vm_id`, `inner_code`, `max_capacity`, `current_capacity`, `last_supply_time`, `create_time`, `update_time`) VALUES (4917, '5-3', 0, 88, 'tCeiyxLx', 10, 10, NULL, '2022-12-05 22:39:26', '2024-05-16 22:02:27');
INSERT INTO `tb_channel` (`id`, `channel_code`, `sku_id`, `vm_id`, `inner_code`, `max_capacity`, `current_capacity`, `last_supply_time`, `create_time`, `update_time`) VALUES (4918, '5-4', 0, 88, 'tCeiyxLx', 10, 10, NULL, '2022-12-05 22:39:26', '2024-05-16 22:02:27');
INSERT INTO `tb_channel` (`id`, `channel_code`, `sku_id`, `vm_id`, `inner_code`, `max_capacity`, `current_capacity`, `last_supply_time`, `create_time`, `update_time`) VALUES (4919, '5-5', 0, 88, 'tCeiyxLx', 10, 10, NULL, '2022-12-05 22:39:26', '2024-05-16 22:02:27');
INSERT INTO `tb_channel` (`id`, `channel_code`, `sku_id`, `vm_id`, `inner_code`, `max_capacity`, `current_capacity`, `last_supply_time`, `create_time`, `update_time`) VALUES (4920, '5-6', 0, 88, 'tCeiyxLx', 10, 10, NULL, '2022-12-05 22:39:26', '2024-05-16 22:02:27');
INSERT INTO `tb_channel` (`id`, `channel_code`, `sku_id`, `vm_id`, `inner_code`, `max_capacity`, `current_capacity`, `last_supply_time`, `create_time`, `update_time`) VALUES (4921, '1-1', 2, 89, 'bR1cfQRa', 10, 10, NULL, '2022-12-06 10:06:11', '2023-09-22 15:43:44');
INSERT INTO `tb_channel` (`id`, `channel_code`, `sku_id`, `vm_id`, `inner_code`, `max_capacity`, `current_capacity`, `last_supply_time`, `create_time`, `update_time`) VALUES (4922, '1-2', 0, 89, 'bR1cfQRa', 10, 10, NULL, '2022-12-06 10:06:11', '2022-12-06 10:06:11');
INSERT INTO `tb_channel` (`id`, `channel_code`, `sku_id`, `vm_id`, `inner_code`, `max_capacity`, `current_capacity`, `last_supply_time`, `create_time`, `update_time`) VALUES (4923, '2-1', 0, 89, 'bR1cfQRa', 10, 10, NULL, '2022-12-06 10:06:11', '2022-12-06 10:06:11');
INSERT INTO `tb_channel` (`id`, `channel_code`, `sku_id`, `vm_id`, `inner_code`, `max_capacity`, `current_capacity`, `last_supply_time`, `create_time`, `update_time`) VALUES (4924, '2-2', 0, 89, 'bR1cfQRa', 10, 10, NULL, '2022-12-06 10:06:11', '2022-12-06 10:06:11');
INSERT INTO `tb_channel` (`id`, `channel_code`, `sku_id`, `vm_id`, `inner_code`, `max_capacity`, `current_capacity`, `last_supply_time`, `create_time`, `update_time`) VALUES (4925, '1-1', 2, 90, 'RhLWjaeR', 10, 10, NULL, '2022-12-06 10:17:32', '2024-05-15 16:31:18');
INSERT INTO `tb_channel` (`id`, `channel_code`, `sku_id`, `vm_id`, `inner_code`, `max_capacity`, `current_capacity`, `last_supply_time`, `create_time`, `update_time`) VALUES (4926, '1-2', 0, 90, 'RhLWjaeR', 10, 10, NULL, '2022-12-06 10:17:32', '2024-05-15 16:31:18');
INSERT INTO `tb_channel` (`id`, `channel_code`, `sku_id`, `vm_id`, `inner_code`, `max_capacity`, `current_capacity`, `last_supply_time`, `create_time`, `update_time`) VALUES (4927, '1-3', 0, 90, 'RhLWjaeR', 10, 10, NULL, '2022-12-06 10:17:32', '2024-05-15 16:31:18');
INSERT INTO `tb_channel` (`id`, `channel_code`, `sku_id`, `vm_id`, `inner_code`, `max_capacity`, `current_capacity`, `last_supply_time`, `create_time`, `update_time`) VALUES (4928, '1-4', 0, 90, 'RhLWjaeR', 10, 10, NULL, '2022-12-06 10:17:32', '2024-05-15 16:31:18');
INSERT INTO `tb_channel` (`id`, `channel_code`, `sku_id`, `vm_id`, `inner_code`, `max_capacity`, `current_capacity`, `last_supply_time`, `create_time`, `update_time`) VALUES (4929, '1-5', 0, 90, 'RhLWjaeR', 10, 10, NULL, '2022-12-06 10:17:32', '2024-05-15 16:31:18');
INSERT INTO `tb_channel` (`id`, `channel_code`, `sku_id`, `vm_id`, `inner_code`, `max_capacity`, `current_capacity`, `last_supply_time`, `create_time`, `update_time`) VALUES (4930, '1-6', 0, 90, 'RhLWjaeR', 10, 10, NULL, '2022-12-06 10:17:32', '2024-05-15 16:31:18');
INSERT INTO `tb_channel` (`id`, `channel_code`, `sku_id`, `vm_id`, `inner_code`, `max_capacity`, `current_capacity`, `last_supply_time`, `create_time`, `update_time`) VALUES (4931, '2-1', 0, 90, 'RhLWjaeR', 10, 10, NULL, '2022-12-06 10:17:32', '2024-05-15 16:31:18');
INSERT INTO `tb_channel` (`id`, `channel_code`, `sku_id`, `vm_id`, `inner_code`, `max_capacity`, `current_capacity`, `last_supply_time`, `create_time`, `update_time`) VALUES (4932, '2-2', 0, 90, 'RhLWjaeR', 10, 10, NULL, '2022-12-06 10:17:32', '2024-05-15 16:31:18');
INSERT INTO `tb_channel` (`id`, `channel_code`, `sku_id`, `vm_id`, `inner_code`, `max_capacity`, `current_capacity`, `last_supply_time`, `create_time`, `update_time`) VALUES (4933, '2-3', 0, 90, 'RhLWjaeR', 10, 10, NULL, '2022-12-06 10:17:32', '2024-05-15 16:31:18');
INSERT INTO `tb_channel` (`id`, `channel_code`, `sku_id`, `vm_id`, `inner_code`, `max_capacity`, `current_capacity`, `last_supply_time`, `create_time`, `update_time`) VALUES (4934, '2-4', 0, 90, 'RhLWjaeR', 10, 10, NULL, '2022-12-06 10:17:32', '2024-05-15 16:31:18');
INSERT INTO `tb_channel` (`id`, `channel_code`, `sku_id`, `vm_id`, `inner_code`, `max_capacity`, `current_capacity`, `last_supply_time`, `create_time`, `update_time`) VALUES (4935, '2-5', 0, 90, 'RhLWjaeR', 10, 10, NULL, '2022-12-06 10:17:32', '2024-05-15 16:31:18');
INSERT INTO `tb_channel` (`id`, `channel_code`, `sku_id`, `vm_id`, `inner_code`, `max_capacity`, `current_capacity`, `last_supply_time`, `create_time`, `update_time`) VALUES (4936, '2-6', 0, 90, 'RhLWjaeR', 10, 10, NULL, '2022-12-06 10:17:32', '2024-05-15 16:31:18');
INSERT INTO `tb_channel` (`id`, `channel_code`, `sku_id`, `vm_id`, `inner_code`, `max_capacity`, `current_capacity`, `last_supply_time`, `create_time`, `update_time`) VALUES (4937, '3-1', 0, 90, 'RhLWjaeR', 10, 10, NULL, '2022-12-06 10:17:32', '2024-05-15 16:31:18');
INSERT INTO `tb_channel` (`id`, `channel_code`, `sku_id`, `vm_id`, `inner_code`, `max_capacity`, `current_capacity`, `last_supply_time`, `create_time`, `update_time`) VALUES (4938, '3-2', 0, 90, 'RhLWjaeR', 10, 10, NULL, '2022-12-06 10:17:32', '2024-05-15 16:31:18');
INSERT INTO `tb_channel` (`id`, `channel_code`, `sku_id`, `vm_id`, `inner_code`, `max_capacity`, `current_capacity`, `last_supply_time`, `create_time`, `update_time`) VALUES (4939, '3-3', 0, 90, 'RhLWjaeR', 10, 10, NULL, '2022-12-06 10:17:32', '2024-05-15 16:31:18');
INSERT INTO `tb_channel` (`id`, `channel_code`, `sku_id`, `vm_id`, `inner_code`, `max_capacity`, `current_capacity`, `last_supply_time`, `create_time`, `update_time`) VALUES (4940, '3-4', 0, 90, 'RhLWjaeR', 10, 10, NULL, '2022-12-06 10:17:32', '2024-05-15 16:31:18');
INSERT INTO `tb_channel` (`id`, `channel_code`, `sku_id`, `vm_id`, `inner_code`, `max_capacity`, `current_capacity`, `last_supply_time`, `create_time`, `update_time`) VALUES (4941, '3-5', 0, 90, 'RhLWjaeR', 10, 10, NULL, '2022-12-06 10:17:32', '2024-05-15 16:31:18');
INSERT INTO `tb_channel` (`id`, `channel_code`, `sku_id`, `vm_id`, `inner_code`, `max_capacity`, `current_capacity`, `last_supply_time`, `create_time`, `update_time`) VALUES (4942, '3-6', 0, 90, 'RhLWjaeR', 10, 10, NULL, '2022-12-06 10:17:32', '2024-05-15 16:31:18');
INSERT INTO `tb_channel` (`id`, `channel_code`, `sku_id`, `vm_id`, `inner_code`, `max_capacity`, `current_capacity`, `last_supply_time`, `create_time`, `update_time`) VALUES (4943, '4-1', 0, 90, 'RhLWjaeR', 10, 10, NULL, '2022-12-06 10:17:32', '2024-05-15 16:31:18');
INSERT INTO `tb_channel` (`id`, `channel_code`, `sku_id`, `vm_id`, `inner_code`, `max_capacity`, `current_capacity`, `last_supply_time`, `create_time`, `update_time`) VALUES (4944, '4-2', 0, 90, 'RhLWjaeR', 10, 10, NULL, '2022-12-06 10:17:32', '2024-05-15 16:31:18');
INSERT INTO `tb_channel` (`id`, `channel_code`, `sku_id`, `vm_id`, `inner_code`, `max_capacity`, `current_capacity`, `last_supply_time`, `create_time`, `update_time`) VALUES (4945, '4-3', 0, 90, 'RhLWjaeR', 10, 10, NULL, '2022-12-06 10:17:32', '2024-05-15 16:31:18');
INSERT INTO `tb_channel` (`id`, `channel_code`, `sku_id`, `vm_id`, `inner_code`, `max_capacity`, `current_capacity`, `last_supply_time`, `create_time`, `update_time`) VALUES (4946, '4-4', 0, 90, 'RhLWjaeR', 10, 10, NULL, '2022-12-06 10:17:32', '2024-05-15 16:31:18');
INSERT INTO `tb_channel` (`id`, `channel_code`, `sku_id`, `vm_id`, `inner_code`, `max_capacity`, `current_capacity`, `last_supply_time`, `create_time`, `update_time`) VALUES (4947, '4-5', 0, 90, 'RhLWjaeR', 10, 10, NULL, '2022-12-06 10:17:32', '2024-05-15 16:31:18');
INSERT INTO `tb_channel` (`id`, `channel_code`, `sku_id`, `vm_id`, `inner_code`, `max_capacity`, `current_capacity`, `last_supply_time`, `create_time`, `update_time`) VALUES (4948, '4-6', 0, 90, 'RhLWjaeR', 10, 10, NULL, '2022-12-06 10:17:32', '2024-05-15 16:31:18');
INSERT INTO `tb_channel` (`id`, `channel_code`, `sku_id`, `vm_id`, `inner_code`, `max_capacity`, `current_capacity`, `last_supply_time`, `create_time`, `update_time`) VALUES (4949, '5-1', 0, 90, 'RhLWjaeR', 10, 10, NULL, '2022-12-06 10:17:32', '2024-05-15 16:31:18');
INSERT INTO `tb_channel` (`id`, `channel_code`, `sku_id`, `vm_id`, `inner_code`, `max_capacity`, `current_capacity`, `last_supply_time`, `create_time`, `update_time`) VALUES (4950, '5-2', 0, 90, 'RhLWjaeR', 10, 10, NULL, '2022-12-06 10:17:32', '2024-05-15 16:31:18');
INSERT INTO `tb_channel` (`id`, `channel_code`, `sku_id`, `vm_id`, `inner_code`, `max_capacity`, `current_capacity`, `last_supply_time`, `create_time`, `update_time`) VALUES (4951, '5-3', 0, 90, 'RhLWjaeR', 10, 10, NULL, '2022-12-06 10:17:32', '2024-05-15 16:31:18');
INSERT INTO `tb_channel` (`id`, `channel_code`, `sku_id`, `vm_id`, `inner_code`, `max_capacity`, `current_capacity`, `last_supply_time`, `create_time`, `update_time`) VALUES (4952, '5-4', 0, 90, 'RhLWjaeR', 10, 10, NULL, '2022-12-06 10:17:32', '2024-05-15 16:31:18');
INSERT INTO `tb_channel` (`id`, `channel_code`, `sku_id`, `vm_id`, `inner_code`, `max_capacity`, `current_capacity`, `last_supply_time`, `create_time`, `update_time`) VALUES (4953, '5-5', 0, 90, 'RhLWjaeR', 10, 10, NULL, '2022-12-06 10:17:32', '2024-05-15 16:31:18');
INSERT INTO `tb_channel` (`id`, `channel_code`, `sku_id`, `vm_id`, `inner_code`, `max_capacity`, `current_capacity`, `last_supply_time`, `create_time`, `update_time`) VALUES (4954, '5-6', 0, 90, 'RhLWjaeR', 10, 10, NULL, '2022-12-06 10:17:32', '2024-05-15 16:31:18');
INSERT INTO `tb_channel` (`id`, `channel_code`, `sku_id`, `vm_id`, `inner_code`, `max_capacity`, `current_capacity`, `last_supply_time`, `create_time`, `update_time`) VALUES (4955, '1-1', 5, 91, 'qUObmvbM', 10, 10, '2022-12-06 15:11:20', '2022-12-06 14:58:46', '2022-12-06 15:11:20');
INSERT INTO `tb_channel` (`id`, `channel_code`, `sku_id`, `vm_id`, `inner_code`, `max_capacity`, `current_capacity`, `last_supply_time`, `create_time`, `update_time`) VALUES (4956, '1-2', 1, 91, 'qUObmvbM', 10, 10, '2022-12-06 15:11:20', '2022-12-06 14:58:46', '2022-12-06 15:11:20');
INSERT INTO `tb_channel` (`id`, `channel_code`, `sku_id`, `vm_id`, `inner_code`, `max_capacity`, `current_capacity`, `last_supply_time`, `create_time`, `update_time`) VALUES (4957, '2-1', 0, 91, 'qUObmvbM', 10, 10, NULL, '2022-12-06 14:58:46', '2022-12-06 14:58:46');
INSERT INTO `tb_channel` (`id`, `channel_code`, `sku_id`, `vm_id`, `inner_code`, `max_capacity`, `current_capacity`, `last_supply_time`, `create_time`, `update_time`) VALUES (4958, '2-2', 0, 91, 'qUObmvbM', 10, 10, NULL, '2022-12-06 14:58:46', '2022-12-06 14:58:46');
INSERT INTO `tb_channel` (`id`, `channel_code`, `sku_id`, `vm_id`, `inner_code`, `max_capacity`, `current_capacity`, `last_supply_time`, `create_time`, `update_time`) VALUES (4959, '1-1', 0, 92, 'tU6K5IHg', 10, 0, NULL, '2023-01-03 19:37:43', '2023-01-03 19:37:43');
INSERT INTO `tb_channel` (`id`, `channel_code`, `sku_id`, `vm_id`, `inner_code`, `max_capacity`, `current_capacity`, `last_supply_time`, `create_time`, `update_time`) VALUES (4960, '1-2', 0, 92, 'tU6K5IHg', 10, 0, NULL, '2023-01-03 19:37:43', '2023-01-03 19:37:43');
INSERT INTO `tb_channel` (`id`, `channel_code`, `sku_id`, `vm_id`, `inner_code`, `max_capacity`, `current_capacity`, `last_supply_time`, `create_time`, `update_time`) VALUES (4961, '2-1', 0, 92, 'tU6K5IHg', 10, 0, NULL, '2023-01-03 19:37:43', '2023-01-03 19:37:43');
INSERT INTO `tb_channel` (`id`, `channel_code`, `sku_id`, `vm_id`, `inner_code`, `max_capacity`, `current_capacity`, `last_supply_time`, `create_time`, `update_time`) VALUES (4962, '2-2', 0, 92, 'tU6K5IHg', 10, 0, NULL, '2023-01-03 19:37:43', '2023-01-03 19:37:43');
INSERT INTO `tb_channel` (`id`, `channel_code`, `sku_id`, `vm_id`, `inner_code`, `max_capacity`, `current_capacity`, `last_supply_time`, `create_time`, `update_time`) VALUES (4963, '1-1', 0, 93, 'iSzMcQXJ', 10, 0, NULL, '2023-02-01 11:16:02', '2023-02-01 11:16:02');
INSERT INTO `tb_channel` (`id`, `channel_code`, `sku_id`, `vm_id`, `inner_code`, `max_capacity`, `current_capacity`, `last_supply_time`, `create_time`, `update_time`) VALUES (4964, '1-2', 0, 93, 'iSzMcQXJ', 10, 0, NULL, '2023-02-01 11:16:02', '2023-02-01 11:16:02');
INSERT INTO `tb_channel` (`id`, `channel_code`, `sku_id`, `vm_id`, `inner_code`, `max_capacity`, `current_capacity`, `last_supply_time`, `create_time`, `update_time`) VALUES (4965, '1-3', 0, 93, 'iSzMcQXJ', 10, 0, NULL, '2023-02-01 11:16:02', '2023-02-01 11:16:02');
INSERT INTO `tb_channel` (`id`, `channel_code`, `sku_id`, `vm_id`, `inner_code`, `max_capacity`, `current_capacity`, `last_supply_time`, `create_time`, `update_time`) VALUES (4966, '1-4', 0, 93, 'iSzMcQXJ', 10, 0, NULL, '2023-02-01 11:16:02', '2023-02-01 11:16:02');
INSERT INTO `tb_channel` (`id`, `channel_code`, `sku_id`, `vm_id`, `inner_code`, `max_capacity`, `current_capacity`, `last_supply_time`, `create_time`, `update_time`) VALUES (4967, '1-5', 0, 93, 'iSzMcQXJ', 10, 0, NULL, '2023-02-01 11:16:02', '2023-02-01 11:16:02');
INSERT INTO `tb_channel` (`id`, `channel_code`, `sku_id`, `vm_id`, `inner_code`, `max_capacity`, `current_capacity`, `last_supply_time`, `create_time`, `update_time`) VALUES (4968, '1-6', 0, 93, 'iSzMcQXJ', 10, 0, NULL, '2023-02-01 11:16:02', '2023-02-01 11:16:02');
INSERT INTO `tb_channel` (`id`, `channel_code`, `sku_id`, `vm_id`, `inner_code`, `max_capacity`, `current_capacity`, `last_supply_time`, `create_time`, `update_time`) VALUES (4969, '2-1', 0, 93, 'iSzMcQXJ', 10, 0, NULL, '2023-02-01 11:16:02', '2023-02-01 11:16:02');
INSERT INTO `tb_channel` (`id`, `channel_code`, `sku_id`, `vm_id`, `inner_code`, `max_capacity`, `current_capacity`, `last_supply_time`, `create_time`, `update_time`) VALUES (4970, '2-2', 0, 93, 'iSzMcQXJ', 10, 0, NULL, '2023-02-01 11:16:02', '2023-02-01 11:16:02');
INSERT INTO `tb_channel` (`id`, `channel_code`, `sku_id`, `vm_id`, `inner_code`, `max_capacity`, `current_capacity`, `last_supply_time`, `create_time`, `update_time`) VALUES (4971, '2-3', 0, 93, 'iSzMcQXJ', 10, 0, NULL, '2023-02-01 11:16:02', '2023-02-01 11:16:02');
INSERT INTO `tb_channel` (`id`, `channel_code`, `sku_id`, `vm_id`, `inner_code`, `max_capacity`, `current_capacity`, `last_supply_time`, `create_time`, `update_time`) VALUES (4972, '2-4', 0, 93, 'iSzMcQXJ', 10, 0, NULL, '2023-02-01 11:16:02', '2023-02-01 11:16:02');
INSERT INTO `tb_channel` (`id`, `channel_code`, `sku_id`, `vm_id`, `inner_code`, `max_capacity`, `current_capacity`, `last_supply_time`, `create_time`, `update_time`) VALUES (4973, '2-5', 0, 93, 'iSzMcQXJ', 10, 0, NULL, '2023-02-01 11:16:02', '2023-02-01 11:16:02');
INSERT INTO `tb_channel` (`id`, `channel_code`, `sku_id`, `vm_id`, `inner_code`, `max_capacity`, `current_capacity`, `last_supply_time`, `create_time`, `update_time`) VALUES (4974, '2-6', 0, 93, 'iSzMcQXJ', 10, 0, NULL, '2023-02-01 11:16:02', '2023-02-01 11:16:02');
INSERT INTO `tb_channel` (`id`, `channel_code`, `sku_id`, `vm_id`, `inner_code`, `max_capacity`, `current_capacity`, `last_supply_time`, `create_time`, `update_time`) VALUES (4975, '3-1', 0, 93, 'iSzMcQXJ', 10, 0, NULL, '2023-02-01 11:16:02', '2023-02-01 11:16:02');
INSERT INTO `tb_channel` (`id`, `channel_code`, `sku_id`, `vm_id`, `inner_code`, `max_capacity`, `current_capacity`, `last_supply_time`, `create_time`, `update_time`) VALUES (4976, '3-2', 0, 93, 'iSzMcQXJ', 10, 0, NULL, '2023-02-01 11:16:02', '2023-02-01 11:16:02');
INSERT INTO `tb_channel` (`id`, `channel_code`, `sku_id`, `vm_id`, `inner_code`, `max_capacity`, `current_capacity`, `last_supply_time`, `create_time`, `update_time`) VALUES (4977, '3-3', 0, 93, 'iSzMcQXJ', 10, 0, NULL, '2023-02-01 11:16:02', '2023-02-01 11:16:02');
INSERT INTO `tb_channel` (`id`, `channel_code`, `sku_id`, `vm_id`, `inner_code`, `max_capacity`, `current_capacity`, `last_supply_time`, `create_time`, `update_time`) VALUES (4978, '3-4', 0, 93, 'iSzMcQXJ', 10, 0, NULL, '2023-02-01 11:16:02', '2023-02-01 11:16:02');
INSERT INTO `tb_channel` (`id`, `channel_code`, `sku_id`, `vm_id`, `inner_code`, `max_capacity`, `current_capacity`, `last_supply_time`, `create_time`, `update_time`) VALUES (4979, '3-5', 0, 93, 'iSzMcQXJ', 10, 0, NULL, '2023-02-01 11:16:02', '2023-02-01 11:16:02');
INSERT INTO `tb_channel` (`id`, `channel_code`, `sku_id`, `vm_id`, `inner_code`, `max_capacity`, `current_capacity`, `last_supply_time`, `create_time`, `update_time`) VALUES (4980, '3-6', 0, 93, 'iSzMcQXJ', 10, 0, NULL, '2023-02-01 11:16:02', '2023-02-01 11:16:02');
INSERT INTO `tb_channel` (`id`, `channel_code`, `sku_id`, `vm_id`, `inner_code`, `max_capacity`, `current_capacity`, `last_supply_time`, `create_time`, `update_time`) VALUES (4981, '4-1', 0, 93, 'iSzMcQXJ', 10, 0, NULL, '2023-02-01 11:16:02', '2023-02-01 11:16:02');
INSERT INTO `tb_channel` (`id`, `channel_code`, `sku_id`, `vm_id`, `inner_code`, `max_capacity`, `current_capacity`, `last_supply_time`, `create_time`, `update_time`) VALUES (4982, '4-2', 0, 93, 'iSzMcQXJ', 10, 0, NULL, '2023-02-01 11:16:02', '2023-02-01 11:16:02');
INSERT INTO `tb_channel` (`id`, `channel_code`, `sku_id`, `vm_id`, `inner_code`, `max_capacity`, `current_capacity`, `last_supply_time`, `create_time`, `update_time`) VALUES (4983, '4-3', 0, 93, 'iSzMcQXJ', 10, 0, NULL, '2023-02-01 11:16:02', '2023-02-01 11:16:02');
INSERT INTO `tb_channel` (`id`, `channel_code`, `sku_id`, `vm_id`, `inner_code`, `max_capacity`, `current_capacity`, `last_supply_time`, `create_time`, `update_time`) VALUES (4984, '4-4', 0, 93, 'iSzMcQXJ', 10, 0, NULL, '2023-02-01 11:16:02', '2023-02-01 11:16:02');
INSERT INTO `tb_channel` (`id`, `channel_code`, `sku_id`, `vm_id`, `inner_code`, `max_capacity`, `current_capacity`, `last_supply_time`, `create_time`, `update_time`) VALUES (4985, '4-5', 0, 93, 'iSzMcQXJ', 10, 0, NULL, '2023-02-01 11:16:02', '2023-02-01 11:16:02');
INSERT INTO `tb_channel` (`id`, `channel_code`, `sku_id`, `vm_id`, `inner_code`, `max_capacity`, `current_capacity`, `last_supply_time`, `create_time`, `update_time`) VALUES (4986, '4-6', 0, 93, 'iSzMcQXJ', 10, 0, NULL, '2023-02-01 11:16:02', '2023-02-01 11:16:02');
INSERT INTO `tb_channel` (`id`, `channel_code`, `sku_id`, `vm_id`, `inner_code`, `max_capacity`, `current_capacity`, `last_supply_time`, `create_time`, `update_time`) VALUES (4987, '5-1', 0, 93, 'iSzMcQXJ', 10, 0, NULL, '2023-02-01 11:16:02', '2023-02-01 11:16:02');
INSERT INTO `tb_channel` (`id`, `channel_code`, `sku_id`, `vm_id`, `inner_code`, `max_capacity`, `current_capacity`, `last_supply_time`, `create_time`, `update_time`) VALUES (4988, '5-2', 0, 93, 'iSzMcQXJ', 10, 0, NULL, '2023-02-01 11:16:02', '2023-02-01 11:16:02');
INSERT INTO `tb_channel` (`id`, `channel_code`, `sku_id`, `vm_id`, `inner_code`, `max_capacity`, `current_capacity`, `last_supply_time`, `create_time`, `update_time`) VALUES (4989, '5-3', 0, 93, 'iSzMcQXJ', 10, 0, NULL, '2023-02-01 11:16:02', '2023-02-01 11:16:02');
INSERT INTO `tb_channel` (`id`, `channel_code`, `sku_id`, `vm_id`, `inner_code`, `max_capacity`, `current_capacity`, `last_supply_time`, `create_time`, `update_time`) VALUES (4990, '5-4', 0, 93, 'iSzMcQXJ', 10, 0, NULL, '2023-02-01 11:16:02', '2023-02-01 11:16:02');
INSERT INTO `tb_channel` (`id`, `channel_code`, `sku_id`, `vm_id`, `inner_code`, `max_capacity`, `current_capacity`, `last_supply_time`, `create_time`, `update_time`) VALUES (4991, '5-5', 0, 93, 'iSzMcQXJ', 10, 0, NULL, '2023-02-01 11:16:02', '2023-02-01 11:16:02');
INSERT INTO `tb_channel` (`id`, `channel_code`, `sku_id`, `vm_id`, `inner_code`, `max_capacity`, `current_capacity`, `last_supply_time`, `create_time`, `update_time`) VALUES (4992, '5-6', 0, 93, 'iSzMcQXJ', 10, 0, NULL, '2023-02-01 11:16:02', '2023-02-01 11:16:02');
INSERT INTO `tb_channel` (`id`, `channel_code`, `sku_id`, `vm_id`, `inner_code`, `max_capacity`, `current_capacity`, `last_supply_time`, `create_time`, `update_time`) VALUES (5027, '1-1', 0, 105, 'nf2UVwi5', 8, 0, NULL, '2024-05-13 21:37:53', NULL);
INSERT INTO `tb_channel` (`id`, `channel_code`, `sku_id`, `vm_id`, `inner_code`, `max_capacity`, `current_capacity`, `last_supply_time`, `create_time`, `update_time`) VALUES (5028, '1-2', 0, 105, 'nf2UVwi5', 8, 0, NULL, '2024-05-13 21:37:53', NULL);
INSERT INTO `tb_channel` (`id`, `channel_code`, `sku_id`, `vm_id`, `inner_code`, `max_capacity`, `current_capacity`, `last_supply_time`, `create_time`, `update_time`) VALUES (5029, '1-3', 0, 105, 'nf2UVwi5', 8, 0, NULL, '2024-05-13 21:37:53', NULL);
INSERT INTO `tb_channel` (`id`, `channel_code`, `sku_id`, `vm_id`, `inner_code`, `max_capacity`, `current_capacity`, `last_supply_time`, `create_time`, `update_time`) VALUES (5030, '1-4', 0, 105, 'nf2UVwi5', 8, 0, NULL, '2024-05-13 21:37:53', NULL);
INSERT INTO `tb_channel` (`id`, `channel_code`, `sku_id`, `vm_id`, `inner_code`, `max_capacity`, `current_capacity`, `last_supply_time`, `create_time`, `update_time`) VALUES (5031, '2-1', 0, 105, 'nf2UVwi5', 8, 0, NULL, '2024-05-13 21:37:53', NULL);
INSERT INTO `tb_channel` (`id`, `channel_code`, `sku_id`, `vm_id`, `inner_code`, `max_capacity`, `current_capacity`, `last_supply_time`, `create_time`, `update_time`) VALUES (5032, '2-2', 0, 105, 'nf2UVwi5', 8, 0, NULL, '2024-05-13 21:37:53', NULL);
INSERT INTO `tb_channel` (`id`, `channel_code`, `sku_id`, `vm_id`, `inner_code`, `max_capacity`, `current_capacity`, `last_supply_time`, `create_time`, `update_time`) VALUES (5033, '2-3', 0, 105, 'nf2UVwi5', 8, 0, NULL, '2024-05-13 21:37:53', NULL);
INSERT INTO `tb_channel` (`id`, `channel_code`, `sku_id`, `vm_id`, `inner_code`, `max_capacity`, `current_capacity`, `last_supply_time`, `create_time`, `update_time`) VALUES (5034, '2-4', 0, 105, 'nf2UVwi5', 8, 0, NULL, '2024-05-13 21:37:53', NULL);
INSERT INTO `tb_channel` (`id`, `channel_code`, `sku_id`, `vm_id`, `inner_code`, `max_capacity`, `current_capacity`, `last_supply_time`, `create_time`, `update_time`) VALUES (5035, '3-1', 0, 105, 'nf2UVwi5', 8, 0, NULL, '2024-05-13 21:37:53', NULL);
INSERT INTO `tb_channel` (`id`, `channel_code`, `sku_id`, `vm_id`, `inner_code`, `max_capacity`, `current_capacity`, `last_supply_time`, `create_time`, `update_time`) VALUES (5036, '3-2', 0, 105, 'nf2UVwi5', 8, 0, NULL, '2024-05-13 21:37:53', NULL);
INSERT INTO `tb_channel` (`id`, `channel_code`, `sku_id`, `vm_id`, `inner_code`, `max_capacity`, `current_capacity`, `last_supply_time`, `create_time`, `update_time`) VALUES (5037, '3-3', 0, 105, 'nf2UVwi5', 8, 0, NULL, '2024-05-13 21:37:53', NULL);
INSERT INTO `tb_channel` (`id`, `channel_code`, `sku_id`, `vm_id`, `inner_code`, `max_capacity`, `current_capacity`, `last_supply_time`, `create_time`, `update_time`) VALUES (5038, '3-4', 0, 105, 'nf2UVwi5', 8, 0, NULL, '2024-05-13 21:37:53', NULL);
INSERT INTO `tb_channel` (`id`, `channel_code`, `sku_id`, `vm_id`, `inner_code`, `max_capacity`, `current_capacity`, `last_supply_time`, `create_time`, `update_time`) VALUES (5039, '4-1', 0, 105, 'nf2UVwi5', 8, 0, NULL, '2024-05-13 21:37:53', NULL);
INSERT INTO `tb_channel` (`id`, `channel_code`, `sku_id`, `vm_id`, `inner_code`, `max_capacity`, `current_capacity`, `last_supply_time`, `create_time`, `update_time`) VALUES (5040, '4-2', 0, 105, 'nf2UVwi5', 8, 0, NULL, '2024-05-13 21:37:53', NULL);
INSERT INTO `tb_channel` (`id`, `channel_code`, `sku_id`, `vm_id`, `inner_code`, `max_capacity`, `current_capacity`, `last_supply_time`, `create_time`, `update_time`) VALUES (5041, '4-3', 0, 105, 'nf2UVwi5', 8, 0, NULL, '2024-05-13 21:37:53', NULL);
INSERT INTO `tb_channel` (`id`, `channel_code`, `sku_id`, `vm_id`, `inner_code`, `max_capacity`, `current_capacity`, `last_supply_time`, `create_time`, `update_time`) VALUES (5042, '4-4', 0, 105, 'nf2UVwi5', 8, 0, NULL, '2024-05-13 21:37:53', NULL);
INSERT INTO `tb_channel` (`id`, `channel_code`, `sku_id`, `vm_id`, `inner_code`, `max_capacity`, `current_capacity`, `last_supply_time`, `create_time`, `update_time`) VALUES (5043, '1-1', 1, 106, 'vWgqPhpu', 10, 5, '2024-05-18 15:26:37', '2024-05-15 14:26:08', '2024-05-18 15:02:48');
INSERT INTO `tb_channel` (`id`, `channel_code`, `sku_id`, `vm_id`, `inner_code`, `max_capacity`, `current_capacity`, `last_supply_time`, `create_time`, `update_time`) VALUES (5044, '1-2', 2, 106, 'vWgqPhpu', 10, 5, '2024-05-18 15:26:37', '2024-05-15 14:26:08', '2024-05-18 15:02:48');
INSERT INTO `tb_channel` (`id`, `channel_code`, `sku_id`, `vm_id`, `inner_code`, `max_capacity`, `current_capacity`, `last_supply_time`, `create_time`, `update_time`) VALUES (5045, '1-3', 3, 106, 'vWgqPhpu', 10, 0, NULL, '2024-05-15 14:26:08', '2024-05-18 15:02:48');
INSERT INTO `tb_channel` (`id`, `channel_code`, `sku_id`, `vm_id`, `inner_code`, `max_capacity`, `current_capacity`, `last_supply_time`, `create_time`, `update_time`) VALUES (5046, '1-4', 8, 106, 'vWgqPhpu', 10, 0, NULL, '2024-05-15 14:26:08', '2024-05-18 15:02:48');
INSERT INTO `tb_channel` (`id`, `channel_code`, `sku_id`, `vm_id`, `inner_code`, `max_capacity`, `current_capacity`, `last_supply_time`, `create_time`, `update_time`) VALUES (5047, '1-5', 6, 106, 'vWgqPhpu', 10, 0, NULL, '2024-05-15 14:26:08', '2024-05-18 15:02:48');
INSERT INTO `tb_channel` (`id`, `channel_code`, `sku_id`, `vm_id`, `inner_code`, `max_capacity`, `current_capacity`, `last_supply_time`, `create_time`, `update_time`) VALUES (5048, '1-6', 0, 106, 'vWgqPhpu', 10, 0, NULL, '2024-05-15 14:26:08', '2024-05-18 15:02:48');
INSERT INTO `tb_channel` (`id`, `channel_code`, `sku_id`, `vm_id`, `inner_code`, `max_capacity`, `current_capacity`, `last_supply_time`, `create_time`, `update_time`) VALUES (5049, '2-1', 0, 106, 'vWgqPhpu', 10, 0, NULL, '2024-05-15 14:26:08', '2024-05-18 15:02:48');
INSERT INTO `tb_channel` (`id`, `channel_code`, `sku_id`, `vm_id`, `inner_code`, `max_capacity`, `current_capacity`, `last_supply_time`, `create_time`, `update_time`) VALUES (5050, '2-2', 0, 106, 'vWgqPhpu', 10, 0, NULL, '2024-05-15 14:26:08', '2024-05-18 15:02:48');
INSERT INTO `tb_channel` (`id`, `channel_code`, `sku_id`, `vm_id`, `inner_code`, `max_capacity`, `current_capacity`, `last_supply_time`, `create_time`, `update_time`) VALUES (5051, '2-3', 0, 106, 'vWgqPhpu', 10, 0, NULL, '2024-05-15 14:26:08', '2024-05-18 15:02:48');
INSERT INTO `tb_channel` (`id`, `channel_code`, `sku_id`, `vm_id`, `inner_code`, `max_capacity`, `current_capacity`, `last_supply_time`, `create_time`, `update_time`) VALUES (5052, '2-4', 0, 106, 'vWgqPhpu', 10, 0, NULL, '2024-05-15 14:26:08', '2024-05-18 15:02:48');
INSERT INTO `tb_channel` (`id`, `channel_code`, `sku_id`, `vm_id`, `inner_code`, `max_capacity`, `current_capacity`, `last_supply_time`, `create_time`, `update_time`) VALUES (5053, '2-5', 0, 106, 'vWgqPhpu', 10, 0, NULL, '2024-05-15 14:26:08', '2024-05-18 15:02:48');
INSERT INTO `tb_channel` (`id`, `channel_code`, `sku_id`, `vm_id`, `inner_code`, `max_capacity`, `current_capacity`, `last_supply_time`, `create_time`, `update_time`) VALUES (5054, '2-6', 0, 106, 'vWgqPhpu', 10, 0, NULL, '2024-05-15 14:26:08', '2024-05-18 15:02:48');
INSERT INTO `tb_channel` (`id`, `channel_code`, `sku_id`, `vm_id`, `inner_code`, `max_capacity`, `current_capacity`, `last_supply_time`, `create_time`, `update_time`) VALUES (5055, '3-1', 0, 106, 'vWgqPhpu', 10, 0, NULL, '2024-05-15 14:26:08', '2024-05-18 15:02:48');
INSERT INTO `tb_channel` (`id`, `channel_code`, `sku_id`, `vm_id`, `inner_code`, `max_capacity`, `current_capacity`, `last_supply_time`, `create_time`, `update_time`) VALUES (5056, '3-2', 0, 106, 'vWgqPhpu', 10, 0, NULL, '2024-05-15 14:26:08', '2024-05-18 15:02:48');
INSERT INTO `tb_channel` (`id`, `channel_code`, `sku_id`, `vm_id`, `inner_code`, `max_capacity`, `current_capacity`, `last_supply_time`, `create_time`, `update_time`) VALUES (5057, '3-3', 0, 106, 'vWgqPhpu', 10, 0, NULL, '2024-05-15 14:26:08', '2024-05-18 15:02:48');
INSERT INTO `tb_channel` (`id`, `channel_code`, `sku_id`, `vm_id`, `inner_code`, `max_capacity`, `current_capacity`, `last_supply_time`, `create_time`, `update_time`) VALUES (5058, '3-4', 0, 106, 'vWgqPhpu', 10, 0, NULL, '2024-05-15 14:26:08', '2024-05-18 15:02:48');
INSERT INTO `tb_channel` (`id`, `channel_code`, `sku_id`, `vm_id`, `inner_code`, `max_capacity`, `current_capacity`, `last_supply_time`, `create_time`, `update_time`) VALUES (5059, '3-5', 0, 106, 'vWgqPhpu', 10, 0, NULL, '2024-05-15 14:26:08', '2024-05-18 15:02:48');
INSERT INTO `tb_channel` (`id`, `channel_code`, `sku_id`, `vm_id`, `inner_code`, `max_capacity`, `current_capacity`, `last_supply_time`, `create_time`, `update_time`) VALUES (5060, '3-6', 0, 106, 'vWgqPhpu', 10, 0, NULL, '2024-05-15 14:26:08', '2024-05-18 15:02:48');
INSERT INTO `tb_channel` (`id`, `channel_code`, `sku_id`, `vm_id`, `inner_code`, `max_capacity`, `current_capacity`, `last_supply_time`, `create_time`, `update_time`) VALUES (5061, '4-1', 0, 106, 'vWgqPhpu', 10, 0, NULL, '2024-05-15 14:26:08', '2024-05-18 15:02:48');
INSERT INTO `tb_channel` (`id`, `channel_code`, `sku_id`, `vm_id`, `inner_code`, `max_capacity`, `current_capacity`, `last_supply_time`, `create_time`, `update_time`) VALUES (5062, '4-2', 0, 106, 'vWgqPhpu', 10, 0, NULL, '2024-05-15 14:26:08', '2024-05-18 15:02:48');
INSERT INTO `tb_channel` (`id`, `channel_code`, `sku_id`, `vm_id`, `inner_code`, `max_capacity`, `current_capacity`, `last_supply_time`, `create_time`, `update_time`) VALUES (5063, '4-3', 0, 106, 'vWgqPhpu', 10, 0, NULL, '2024-05-15 14:26:08', '2024-05-18 15:02:48');
INSERT INTO `tb_channel` (`id`, `channel_code`, `sku_id`, `vm_id`, `inner_code`, `max_capacity`, `current_capacity`, `last_supply_time`, `create_time`, `update_time`) VALUES (5064, '4-4', 0, 106, 'vWgqPhpu', 10, 0, NULL, '2024-05-15 14:26:08', '2024-05-18 15:02:48');
INSERT INTO `tb_channel` (`id`, `channel_code`, `sku_id`, `vm_id`, `inner_code`, `max_capacity`, `current_capacity`, `last_supply_time`, `create_time`, `update_time`) VALUES (5065, '4-5', 0, 106, 'vWgqPhpu', 10, 0, NULL, '2024-05-15 14:26:08', '2024-05-18 15:02:48');
INSERT INTO `tb_channel` (`id`, `channel_code`, `sku_id`, `vm_id`, `inner_code`, `max_capacity`, `current_capacity`, `last_supply_time`, `create_time`, `update_time`) VALUES (5066, '4-6', 0, 106, 'vWgqPhpu', 10, 0, NULL, '2024-05-15 14:26:08', '2024-05-18 15:02:48');
INSERT INTO `tb_channel` (`id`, `channel_code`, `sku_id`, `vm_id`, `inner_code`, `max_capacity`, `current_capacity`, `last_supply_time`, `create_time`, `update_time`) VALUES (5067, '5-1', 0, 106, 'vWgqPhpu', 10, 0, NULL, '2024-05-15 14:26:08', '2024-05-18 15:02:48');
INSERT INTO `tb_channel` (`id`, `channel_code`, `sku_id`, `vm_id`, `inner_code`, `max_capacity`, `current_capacity`, `last_supply_time`, `create_time`, `update_time`) VALUES (5068, '5-2', 0, 106, 'vWgqPhpu', 10, 0, NULL, '2024-05-15 14:26:08', '2024-05-18 15:02:48');
INSERT INTO `tb_channel` (`id`, `channel_code`, `sku_id`, `vm_id`, `inner_code`, `max_capacity`, `current_capacity`, `last_supply_time`, `create_time`, `update_time`) VALUES (5069, '5-3', 0, 106, 'vWgqPhpu', 10, 0, NULL, '2024-05-15 14:26:08', '2024-05-18 15:02:48');
INSERT INTO `tb_channel` (`id`, `channel_code`, `sku_id`, `vm_id`, `inner_code`, `max_capacity`, `current_capacity`, `last_supply_time`, `create_time`, `update_time`) VALUES (5070, '5-4', 0, 106, 'vWgqPhpu', 10, 0, NULL, '2024-05-15 14:26:08', '2024-05-18 15:02:48');
INSERT INTO `tb_channel` (`id`, `channel_code`, `sku_id`, `vm_id`, `inner_code`, `max_capacity`, `current_capacity`, `last_supply_time`, `create_time`, `update_time`) VALUES (5071, '5-5', 0, 106, 'vWgqPhpu', 10, 0, NULL, '2024-05-15 14:26:08', '2024-05-18 15:02:48');
INSERT INTO `tb_channel` (`id`, `channel_code`, `sku_id`, `vm_id`, `inner_code`, `max_capacity`, `current_capacity`, `last_supply_time`, `create_time`, `update_time`) VALUES (5072, '5-6', 0, 106, 'vWgqPhpu', 10, 0, NULL, '2024-05-15 14:26:08', '2024-05-18 15:02:48');
INSERT INTO `tb_channel` (`id`, `channel_code`, `sku_id`, `vm_id`, `inner_code`, `max_capacity`, `current_capacity`, `last_supply_time`, `create_time`, `update_time`) VALUES (5073, '1-1', 1, 107, 'SFNuCUe8', 8, 0, NULL, '2024-05-15 14:26:48', '2024-05-15 16:19:18');
INSERT INTO `tb_channel` (`id`, `channel_code`, `sku_id`, `vm_id`, `inner_code`, `max_capacity`, `current_capacity`, `last_supply_time`, `create_time`, `update_time`) VALUES (5074, '1-2', 2, 107, 'SFNuCUe8', 8, 0, NULL, '2024-05-15 14:26:48', '2024-05-15 16:19:18');
INSERT INTO `tb_channel` (`id`, `channel_code`, `sku_id`, `vm_id`, `inner_code`, `max_capacity`, `current_capacity`, `last_supply_time`, `create_time`, `update_time`) VALUES (5075, '1-3', 2, 107, 'SFNuCUe8', 8, 0, NULL, '2024-05-15 14:26:48', '2024-05-15 16:19:18');
INSERT INTO `tb_channel` (`id`, `channel_code`, `sku_id`, `vm_id`, `inner_code`, `max_capacity`, `current_capacity`, `last_supply_time`, `create_time`, `update_time`) VALUES (5076, '1-4', 4, 107, 'SFNuCUe8', 8, 0, NULL, '2024-05-15 14:26:48', '2024-05-15 16:19:18');
INSERT INTO `tb_channel` (`id`, `channel_code`, `sku_id`, `vm_id`, `inner_code`, `max_capacity`, `current_capacity`, `last_supply_time`, `create_time`, `update_time`) VALUES (5077, '2-1', 0, 107, 'SFNuCUe8', 8, 0, NULL, '2024-05-15 14:26:48', '2024-05-15 16:19:18');
INSERT INTO `tb_channel` (`id`, `channel_code`, `sku_id`, `vm_id`, `inner_code`, `max_capacity`, `current_capacity`, `last_supply_time`, `create_time`, `update_time`) VALUES (5078, '2-2', 0, 107, 'SFNuCUe8', 8, 0, NULL, '2024-05-15 14:26:48', '2024-05-15 16:19:18');
INSERT INTO `tb_channel` (`id`, `channel_code`, `sku_id`, `vm_id`, `inner_code`, `max_capacity`, `current_capacity`, `last_supply_time`, `create_time`, `update_time`) VALUES (5079, '2-3', 0, 107, 'SFNuCUe8', 8, 0, NULL, '2024-05-15 14:26:48', '2024-05-15 16:19:18');
INSERT INTO `tb_channel` (`id`, `channel_code`, `sku_id`, `vm_id`, `inner_code`, `max_capacity`, `current_capacity`, `last_supply_time`, `create_time`, `update_time`) VALUES (5080, '2-4', 0, 107, 'SFNuCUe8', 8, 0, NULL, '2024-05-15 14:26:48', '2024-05-15 16:19:18');
INSERT INTO `tb_channel` (`id`, `channel_code`, `sku_id`, `vm_id`, `inner_code`, `max_capacity`, `current_capacity`, `last_supply_time`, `create_time`, `update_time`) VALUES (5081, '3-1', 0, 107, 'SFNuCUe8', 8, 0, NULL, '2024-05-15 14:26:48', '2024-05-15 16:19:18');
INSERT INTO `tb_channel` (`id`, `channel_code`, `sku_id`, `vm_id`, `inner_code`, `max_capacity`, `current_capacity`, `last_supply_time`, `create_time`, `update_time`) VALUES (5082, '3-2', 0, 107, 'SFNuCUe8', 8, 0, NULL, '2024-05-15 14:26:48', '2024-05-15 16:19:18');
INSERT INTO `tb_channel` (`id`, `channel_code`, `sku_id`, `vm_id`, `inner_code`, `max_capacity`, `current_capacity`, `last_supply_time`, `create_time`, `update_time`) VALUES (5083, '3-3', 0, 107, 'SFNuCUe8', 8, 0, NULL, '2024-05-15 14:26:48', '2024-05-15 16:19:18');
INSERT INTO `tb_channel` (`id`, `channel_code`, `sku_id`, `vm_id`, `inner_code`, `max_capacity`, `current_capacity`, `last_supply_time`, `create_time`, `update_time`) VALUES (5084, '3-4', 0, 107, 'SFNuCUe8', 8, 0, NULL, '2024-05-15 14:26:48', '2024-05-15 16:19:18');
INSERT INTO `tb_channel` (`id`, `channel_code`, `sku_id`, `vm_id`, `inner_code`, `max_capacity`, `current_capacity`, `last_supply_time`, `create_time`, `update_time`) VALUES (5085, '4-1', 0, 107, 'SFNuCUe8', 8, 0, NULL, '2024-05-15 14:26:48', '2024-05-15 16:19:18');
INSERT INTO `tb_channel` (`id`, `channel_code`, `sku_id`, `vm_id`, `inner_code`, `max_capacity`, `current_capacity`, `last_supply_time`, `create_time`, `update_time`) VALUES (5086, '4-2', 0, 107, 'SFNuCUe8', 8, 0, NULL, '2024-05-15 14:26:48', '2024-05-15 16:19:18');
INSERT INTO `tb_channel` (`id`, `channel_code`, `sku_id`, `vm_id`, `inner_code`, `max_capacity`, `current_capacity`, `last_supply_time`, `create_time`, `update_time`) VALUES (5087, '4-3', 0, 107, 'SFNuCUe8', 8, 0, NULL, '2024-05-15 14:26:48', '2024-05-15 16:19:18');
INSERT INTO `tb_channel` (`id`, `channel_code`, `sku_id`, `vm_id`, `inner_code`, `max_capacity`, `current_capacity`, `last_supply_time`, `create_time`, `update_time`) VALUES (5088, '4-4', 0, 107, 'SFNuCUe8', 8, 0, NULL, '2024-05-15 14:26:48', '2024-05-15 16:19:18');
INSERT INTO `tb_channel` (`id`, `channel_code`, `sku_id`, `vm_id`, `inner_code`, `max_capacity`, `current_capacity`, `last_supply_time`, `create_time`, `update_time`) VALUES (5179, '1-1', 0, 111, 'K6YYXHLY', 10, 0, NULL, '2024-05-19 15:28:27', '2024-05-19 15:28:27');
INSERT INTO `tb_channel` (`id`, `channel_code`, `sku_id`, `vm_id`, `inner_code`, `max_capacity`, `current_capacity`, `last_supply_time`, `create_time`, `update_time`) VALUES (5180, '1-2', 0, 111, 'K6YYXHLY', 10, 0, NULL, '2024-05-19 15:28:27', '2024-05-19 15:28:27');
INSERT INTO `tb_channel` (`id`, `channel_code`, `sku_id`, `vm_id`, `inner_code`, `max_capacity`, `current_capacity`, `last_supply_time`, `create_time`, `update_time`) VALUES (5181, '1-3', 0, 111, 'K6YYXHLY', 10, 0, NULL, '2024-05-19 15:28:27', '2024-05-19 15:28:27');
INSERT INTO `tb_channel` (`id`, `channel_code`, `sku_id`, `vm_id`, `inner_code`, `max_capacity`, `current_capacity`, `last_supply_time`, `create_time`, `update_time`) VALUES (5182, '1-4', 0, 111, 'K6YYXHLY', 10, 0, NULL, '2024-05-19 15:28:27', '2024-05-19 15:28:27');
INSERT INTO `tb_channel` (`id`, `channel_code`, `sku_id`, `vm_id`, `inner_code`, `max_capacity`, `current_capacity`, `last_supply_time`, `create_time`, `update_time`) VALUES (5183, '1-5', 0, 111, 'K6YYXHLY', 10, 0, NULL, '2024-05-19 15:28:27', '2024-05-19 15:28:27');
INSERT INTO `tb_channel` (`id`, `channel_code`, `sku_id`, `vm_id`, `inner_code`, `max_capacity`, `current_capacity`, `last_supply_time`, `create_time`, `update_time`) VALUES (5184, '1-6', 0, 111, 'K6YYXHLY', 10, 0, NULL, '2024-05-19 15:28:27', '2024-05-19 15:28:27');
INSERT INTO `tb_channel` (`id`, `channel_code`, `sku_id`, `vm_id`, `inner_code`, `max_capacity`, `current_capacity`, `last_supply_time`, `create_time`, `update_time`) VALUES (5185, '2-1', 0, 111, 'K6YYXHLY', 10, 0, NULL, '2024-05-19 15:28:27', '2024-05-19 15:28:27');
INSERT INTO `tb_channel` (`id`, `channel_code`, `sku_id`, `vm_id`, `inner_code`, `max_capacity`, `current_capacity`, `last_supply_time`, `create_time`, `update_time`) VALUES (5186, '2-2', 0, 111, 'K6YYXHLY', 10, 0, NULL, '2024-05-19 15:28:27', '2024-05-19 15:28:27');
INSERT INTO `tb_channel` (`id`, `channel_code`, `sku_id`, `vm_id`, `inner_code`, `max_capacity`, `current_capacity`, `last_supply_time`, `create_time`, `update_time`) VALUES (5187, '2-3', 0, 111, 'K6YYXHLY', 10, 0, NULL, '2024-05-19 15:28:27', '2024-05-19 15:28:27');
INSERT INTO `tb_channel` (`id`, `channel_code`, `sku_id`, `vm_id`, `inner_code`, `max_capacity`, `current_capacity`, `last_supply_time`, `create_time`, `update_time`) VALUES (5188, '2-4', 0, 111, 'K6YYXHLY', 10, 0, NULL, '2024-05-19 15:28:27', '2024-05-19 15:28:27');
INSERT INTO `tb_channel` (`id`, `channel_code`, `sku_id`, `vm_id`, `inner_code`, `max_capacity`, `current_capacity`, `last_supply_time`, `create_time`, `update_time`) VALUES (5189, '2-5', 0, 111, 'K6YYXHLY', 10, 0, NULL, '2024-05-19 15:28:27', '2024-05-19 15:28:27');
INSERT INTO `tb_channel` (`id`, `channel_code`, `sku_id`, `vm_id`, `inner_code`, `max_capacity`, `current_capacity`, `last_supply_time`, `create_time`, `update_time`) VALUES (5190, '2-6', 0, 111, 'K6YYXHLY', 10, 0, NULL, '2024-05-19 15:28:27', '2024-05-19 15:28:27');
INSERT INTO `tb_channel` (`id`, `channel_code`, `sku_id`, `vm_id`, `inner_code`, `max_capacity`, `current_capacity`, `last_supply_time`, `create_time`, `update_time`) VALUES (5191, '3-1', 0, 111, 'K6YYXHLY', 10, 0, NULL, '2024-05-19 15:28:27', '2024-05-19 15:28:27');
INSERT INTO `tb_channel` (`id`, `channel_code`, `sku_id`, `vm_id`, `inner_code`, `max_capacity`, `current_capacity`, `last_supply_time`, `create_time`, `update_time`) VALUES (5192, '3-2', 0, 111, 'K6YYXHLY', 10, 0, NULL, '2024-05-19 15:28:27', '2024-05-19 15:28:27');
INSERT INTO `tb_channel` (`id`, `channel_code`, `sku_id`, `vm_id`, `inner_code`, `max_capacity`, `current_capacity`, `last_supply_time`, `create_time`, `update_time`) VALUES (5193, '3-3', 0, 111, 'K6YYXHLY', 10, 0, NULL, '2024-05-19 15:28:27', '2024-05-19 15:28:27');
INSERT INTO `tb_channel` (`id`, `channel_code`, `sku_id`, `vm_id`, `inner_code`, `max_capacity`, `current_capacity`, `last_supply_time`, `create_time`, `update_time`) VALUES (5194, '3-4', 0, 111, 'K6YYXHLY', 10, 0, NULL, '2024-05-19 15:28:27', '2024-05-19 15:28:27');
INSERT INTO `tb_channel` (`id`, `channel_code`, `sku_id`, `vm_id`, `inner_code`, `max_capacity`, `current_capacity`, `last_supply_time`, `create_time`, `update_time`) VALUES (5195, '3-5', 0, 111, 'K6YYXHLY', 10, 0, NULL, '2024-05-19 15:28:27', '2024-05-19 15:28:27');
INSERT INTO `tb_channel` (`id`, `channel_code`, `sku_id`, `vm_id`, `inner_code`, `max_capacity`, `current_capacity`, `last_supply_time`, `create_time`, `update_time`) VALUES (5196, '3-6', 0, 111, 'K6YYXHLY', 10, 0, NULL, '2024-05-19 15:28:27', '2024-05-19 15:28:27');
INSERT INTO `tb_channel` (`id`, `channel_code`, `sku_id`, `vm_id`, `inner_code`, `max_capacity`, `current_capacity`, `last_supply_time`, `create_time`, `update_time`) VALUES (5197, '4-1', 0, 111, 'K6YYXHLY', 10, 0, NULL, '2024-05-19 15:28:27', '2024-05-19 15:28:27');
INSERT INTO `tb_channel` (`id`, `channel_code`, `sku_id`, `vm_id`, `inner_code`, `max_capacity`, `current_capacity`, `last_supply_time`, `create_time`, `update_time`) VALUES (5198, '4-2', 0, 111, 'K6YYXHLY', 10, 0, NULL, '2024-05-19 15:28:27', '2024-05-19 15:28:27');
INSERT INTO `tb_channel` (`id`, `channel_code`, `sku_id`, `vm_id`, `inner_code`, `max_capacity`, `current_capacity`, `last_supply_time`, `create_time`, `update_time`) VALUES (5199, '4-3', 0, 111, 'K6YYXHLY', 10, 0, NULL, '2024-05-19 15:28:27', '2024-05-19 15:28:27');
INSERT INTO `tb_channel` (`id`, `channel_code`, `sku_id`, `vm_id`, `inner_code`, `max_capacity`, `current_capacity`, `last_supply_time`, `create_time`, `update_time`) VALUES (5200, '4-4', 0, 111, 'K6YYXHLY', 10, 0, NULL, '2024-05-19 15:28:27', '2024-05-19 15:28:27');
INSERT INTO `tb_channel` (`id`, `channel_code`, `sku_id`, `vm_id`, `inner_code`, `max_capacity`, `current_capacity`, `last_supply_time`, `create_time`, `update_time`) VALUES (5201, '4-5', 0, 111, 'K6YYXHLY', 10, 0, NULL, '2024-05-19 15:28:27', '2024-05-19 15:28:27');
INSERT INTO `tb_channel` (`id`, `channel_code`, `sku_id`, `vm_id`, `inner_code`, `max_capacity`, `current_capacity`, `last_supply_time`, `create_time`, `update_time`) VALUES (5202, '4-6', 0, 111, 'K6YYXHLY', 10, 0, NULL, '2024-05-19 15:28:27', '2024-05-19 15:28:27');
INSERT INTO `tb_channel` (`id`, `channel_code`, `sku_id`, `vm_id`, `inner_code`, `max_capacity`, `current_capacity`, `last_supply_time`, `create_time`, `update_time`) VALUES (5203, '5-1', 0, 111, 'K6YYXHLY', 10, 0, NULL, '2024-05-19 15:28:27', '2024-05-19 15:28:27');
INSERT INTO `tb_channel` (`id`, `channel_code`, `sku_id`, `vm_id`, `inner_code`, `max_capacity`, `current_capacity`, `last_supply_time`, `create_time`, `update_time`) VALUES (5204, '5-2', 0, 111, 'K6YYXHLY', 10, 0, NULL, '2024-05-19 15:28:27', '2024-05-19 15:28:27');
INSERT INTO `tb_channel` (`id`, `channel_code`, `sku_id`, `vm_id`, `inner_code`, `max_capacity`, `current_capacity`, `last_supply_time`, `create_time`, `update_time`) VALUES (5205, '5-3', 0, 111, 'K6YYXHLY', 10, 0, NULL, '2024-05-19 15:28:27', '2024-05-19 15:28:27');
INSERT INTO `tb_channel` (`id`, `channel_code`, `sku_id`, `vm_id`, `inner_code`, `max_capacity`, `current_capacity`, `last_supply_time`, `create_time`, `update_time`) VALUES (5206, '5-4', 0, 111, 'K6YYXHLY', 10, 0, NULL, '2024-05-19 15:28:27', '2024-05-19 15:28:27');
INSERT INTO `tb_channel` (`id`, `channel_code`, `sku_id`, `vm_id`, `inner_code`, `max_capacity`, `current_capacity`, `last_supply_time`, `create_time`, `update_time`) VALUES (5207, '5-5', 0, 111, 'K6YYXHLY', 10, 0, NULL, '2024-05-19 15:28:27', '2024-05-19 15:28:27');
INSERT INTO `tb_channel` (`id`, `channel_code`, `sku_id`, `vm_id`, `inner_code`, `max_capacity`, `current_capacity`, `last_supply_time`, `create_time`, `update_time`) VALUES (5208, '5-6', 0, 111, 'K6YYXHLY', 10, 0, NULL, '2024-05-19 15:28:27', '2024-05-19 15:28:27');
INSERT INTO `tb_channel` (`id`, `channel_code`, `sku_id`, `vm_id`, `inner_code`, `max_capacity`, `current_capacity`, `last_supply_time`, `create_time`, `update_time`) VALUES (5210, '1-1', 0, 117, 'lnHj7Qsh', 10, 0, NULL, '2024-10-28 23:49:55', '2024-10-28 23:49:55');
INSERT INTO `tb_channel` (`id`, `channel_code`, `sku_id`, `vm_id`, `inner_code`, `max_capacity`, `current_capacity`, `last_supply_time`, `create_time`, `update_time`) VALUES (5211, '1-2', 0, 117, 'lnHj7Qsh', 10, 0, NULL, '2024-10-28 23:49:55', '2024-10-28 23:49:55');
INSERT INTO `tb_channel` (`id`, `channel_code`, `sku_id`, `vm_id`, `inner_code`, `max_capacity`, `current_capacity`, `last_supply_time`, `create_time`, `update_time`) VALUES (5212, '2-1', 0, 117, 'lnHj7Qsh', 10, 0, NULL, '2024-10-28 23:49:55', '2024-10-28 23:49:55');
INSERT INTO `tb_channel` (`id`, `channel_code`, `sku_id`, `vm_id`, `inner_code`, `max_capacity`, `current_capacity`, `last_supply_time`, `create_time`, `update_time`) VALUES (5213, '2-2', 0, 117, 'lnHj7Qsh', 10, 0, NULL, '2024-10-28 23:49:55', '2024-10-28 23:49:55');
COMMIT;

-- ----------------------------
-- Table structure for tb_emp
-- ----------------------------
DROP TABLE IF EXISTS `tb_emp`;
CREATE TABLE `tb_emp` (
  `id` int NOT NULL AUTO_INCREMENT COMMENT '主键',
  `user_name` varchar(50) CHARACTER SET utf8mb4 COLLATE utf8mb4_0900_ai_ci NOT NULL COMMENT '员工名称',
  `region_id` int DEFAULT NULL COMMENT '所属区域Id',
  `region_name` varchar(50) CHARACTER SET utf8mb4 COLLATE utf8mb4_0900_ai_ci DEFAULT NULL COMMENT '区域名称',
  `role_id` int DEFAULT NULL COMMENT '角色id',
  `role_code` varchar(10) CHARACTER SET utf8mb4 COLLATE utf8mb4_0900_ai_ci DEFAULT NULL COMMENT '角色编号',
  `role_name` varchar(50) CHARACTER SET utf8mb4 COLLATE utf8mb4_0900_ai_ci DEFAULT NULL COMMENT '角色名称',
  `mobile` varchar(15) CHARACTER SET utf8mb4 COLLATE utf8mb4_0900_ai_ci DEFAULT NULL COMMENT '联系电话',
  `image` varchar(500) CHARACTER SET utf8mb4 COLLATE utf8mb4_0900_ai_ci DEFAULT NULL COMMENT '员工头像',
  `status` tinyint DEFAULT '1' COMMENT '是否启用',
  `create_time` timestamp NULL DEFAULT CURRENT_TIMESTAMP COMMENT '创建时间',
  `update_time` timestamp NULL DEFAULT CURRENT_TIMESTAMP COMMENT '修改时间',
  PRIMARY KEY (`id`) USING BTREE,
  UNIQUE KEY `tb_user_Id_uindex` (`id`) USING BTREE,
  UNIQUE KEY `tb_user_user_name_uindex` (`user_name`) USING BTREE,
  UNIQUE KEY `tb_user_mobile_uindex` (`mobile`) USING BTREE,
  KEY `role_id` (`role_id`) USING BTREE,
  KEY `region_id` (`region_id`) USING BTREE,
  CONSTRAINT `tb_emp_ibfk_1` FOREIGN KEY (`role_id`) REFERENCES `tb_role` (`role_id`) ON DELETE RESTRICT ON UPDATE RESTRICT,
  CONSTRAINT `tb_emp_ibfk_2` FOREIGN KEY (`region_id`) REFERENCES `tb_region` (`id`) ON DELETE RESTRICT ON UPDATE RESTRICT
) ENGINE=InnoDB AUTO_INCREMENT=55 DEFAULT CHARSET=utf8mb4 COLLATE=utf8mb4_0900_ai_ci ROW_FORMAT=DYNAMIC COMMENT='工单员工表';

-- ----------------------------
-- Records of tb_emp
-- ----------------------------
BEGIN;
INSERT INTO `tb_emp` (`id`, `user_name`, `region_id`, `region_name`, `role_id`, `role_code`, `role_name`, `mobile`, `image`, `status`, `create_time`, `update_time`) VALUES (2, '刘备', 2, '北京市海淀区', 2, '1002', '运营员', '13800000001', 'http://likede2-java.itheima.net/image/avatar.png', 1, '2024-06-10 15:06:58', '2024-06-10 16:11:04');
INSERT INTO `tb_emp` (`id`, `user_name`, `region_id`, `region_name`, `role_id`, `role_code`, `role_name`, `mobile`, `image`, `status`, `create_time`, `update_time`) VALUES (3, '关羽', 2, '北京市海淀区', 2, '1002', '运营员', '13800000002', 'http://likede2-java.itheima.net/image/avatar.png', 1, '2024-06-10 15:06:58', '2024-06-10 16:11:06');
INSERT INTO `tb_emp` (`id`, `user_name`, `region_id`, `region_name`, `role_id`, `role_code`, `role_name`, `mobile`, `image`, `status`, `create_time`, `update_time`) VALUES (4, '张飞', 2, '北京市海淀区', 3, '1003', '维修员', '13800000003', 'http://likede2-java.itheima.net/image/avatar.png', 1, '2024-06-10 15:06:58', '2024-06-10 16:11:08');
INSERT INTO `tb_emp` (`id`, `user_name`, `region_id`, `region_name`, `role_id`, `role_code`, `role_name`, `mobile`, `image`, `status`, `create_time`, `update_time`) VALUES (5, '赵云', 2, '北京市海淀区', 3, '1003', '维修员', '13800000004', 'http://likede2-java.itheima.net/image/avatar.png', 1, '2024-06-10 15:06:58', '2024-06-10 16:11:10');
INSERT INTO `tb_emp` (`id`, `user_name`, `region_id`, `region_name`, `role_id`, `role_code`, `role_name`, `mobile`, `image`, `status`, `create_time`, `update_time`) VALUES (6, '曹操', 1, '北京市朝阳区', 2, '1002', '运营员', '13900139001', 'http://likede2-java.itheima.net/image/avatar.png', 1, '2024-06-10 15:06:58', '2024-06-10 16:11:11');
INSERT INTO `tb_emp` (`id`, `user_name`, `region_id`, `region_name`, `role_id`, `role_code`, `role_name`, `mobile`, `image`, `status`, `create_time`, `update_time`) VALUES (7, '夏侯惇', 1, '北京市朝阳区', 2, '1002', '运营员', '13900000002', 'http://likede2-java.itheima.net/image/avatar.png', 1, '2024-06-10 15:06:58', '2024-06-10 16:11:13');
INSERT INTO `tb_emp` (`id`, `user_name`, `region_id`, `region_name`, `role_id`, `role_code`, `role_name`, `mobile`, `image`, `status`, `create_time`, `update_time`) VALUES (8, '许褚', 1, '北京市朝阳区', 3, '1003', '维修员', '13900139003', 'http://likede2-java.itheima.net/image/avatar.png', 1, '2024-06-10 15:06:58', '2024-06-10 16:11:15');
INSERT INTO `tb_emp` (`id`, `user_name`, `region_id`, `region_name`, `role_id`, `role_code`, `role_name`, `mobile`, `image`, `status`, `create_time`, `update_time`) VALUES (9, '张辽', 1, '北京市朝阳区', 3, '1003', '维修员', '13900000004', 'http://likede2-java.itheima.net/image/avatar.png', 1, '2024-06-10 15:06:58', '2024-06-10 16:11:17');
INSERT INTO `tb_emp` (`id`, `user_name`, `region_id`, `region_name`, `role_id`, `role_code`, `role_name`, `mobile`, `image`, `status`, `create_time`, `update_time`) VALUES (10, '孙权', 3, '北京市西城区', 2, '1002', '运营员', '13700000001', 'http://likede2-java.itheima.net/image/avatar.png', 1, '2024-06-10 15:06:58', '2024-06-10 16:11:19');
INSERT INTO `tb_emp` (`id`, `user_name`, `region_id`, `region_name`, `role_id`, `role_code`, `role_name`, `mobile`, `image`, `status`, `create_time`, `update_time`) VALUES (11, '周瑜', 3, '北京市西城区', 2, '1002', '运营员', '13700000002', 'http://likede2-java.itheima.net/image/avatar.png', 0, '2024-06-10 15:06:58', '2024-06-10 16:11:21');
INSERT INTO `tb_emp` (`id`, `user_name`, `region_id`, `region_name`, `role_id`, `role_code`, `role_name`, `mobile`, `image`, `status`, `create_time`, `update_time`) VALUES (12, '吕蒙', 3, '北京市西城区', 3, '1003', '维修员', '13700000003', 'http://likede2-java.itheima.net/image/avatar.png', 0, '2024-06-10 15:06:58', '2024-06-10 16:11:24');
INSERT INTO `tb_emp` (`id`, `user_name`, `region_id`, `region_name`, `role_id`, `role_code`, `role_name`, `mobile`, `image`, `status`, `create_time`, `update_time`) VALUES (13, '陆逊', 3, '北京市西城区', 3, '1003', '维修员', '13700000005', 'http://likede2-java.itheima.net/image/avatar.png', 1, '2024-06-10 15:06:58', '2024-06-10 16:11:26');
INSERT INTO `tb_emp` (`id`, `user_name`, `region_id`, `region_name`, `role_id`, `role_code`, `role_name`, `mobile`, `image`, `status`, `create_time`, `update_time`) VALUES (50, '孙一百', 1, '北京市朝阳区', 3, '1003', '维修员', '13700137009', 'http://likede2-java.itheima.net/image/avatar.png', 1, '2024-06-10 15:06:58', '2024-06-10 16:11:28');
INSERT INTO `tb_emp` (`id`, `user_name`, `region_id`, `region_name`, `role_id`, `role_code`, `role_name`, `mobile`, `image`, `status`, `create_time`, `update_time`) VALUES (51, '马超', 2, '北京市海淀区', 3, '1003', '维修员', '13900002222', 'http://likede2-java.itheima.net/image/avatar.png', 1, '2024-06-10 15:06:58', '2024-06-10 16:11:30');
INSERT INTO `tb_emp` (`id`, `user_name`, `region_id`, `region_name`, `role_id`, `role_code`, `role_name`, `mobile`, `image`, `status`, `create_time`, `update_time`) VALUES (52, '黄忠', 2, '北京市海淀区', 2, '1002', '运营员', '13900005555', 'http://likede2-java.itheima.net/image/avatar.png', 1, '2024-06-10 15:06:58', '2024-06-10 16:11:31');
INSERT INTO `tb_emp` (`id`, `user_name`, `region_id`, `region_name`, `role_id`, `role_code`, `role_name`, `mobile`, `image`, `status`, `create_time`, `update_time`) VALUES (53, '测试员工', 1, '北京市朝阳区', 1, '1001', '工单管理员', '15100000001', '/profile/upload/2024/05/18/4e7f3a15429bfda99bce42a18cdd1jpeg_20240518103539A002.jpeg', 1, '2024-06-10 15:06:58', '2024-06-10 16:11:33');
COMMIT;

-- ----------------------------
-- Table structure for tb_job
-- ----------------------------
DROP TABLE IF EXISTS `tb_job`;
CREATE TABLE `tb_job` (
  `id` int NOT NULL AUTO_INCREMENT COMMENT '主键',
  `alert_value` int DEFAULT '0' COMMENT '警戒值百分比',
  PRIMARY KEY (`id`) USING BTREE
) ENGINE=InnoDB AUTO_INCREMENT=2 DEFAULT CHARSET=utf8mb4 COLLATE=utf8mb4_unicode_ci ROW_FORMAT=DYNAMIC COMMENT='自动补货任务';

-- ----------------------------
-- Records of tb_job
-- ----------------------------
BEGIN;
INSERT INTO `tb_job` (`id`, `alert_value`) VALUES (1, 80);
COMMIT;

-- ----------------------------
-- Table structure for tb_node
-- ----------------------------
DROP TABLE IF EXISTS `tb_node`;
CREATE TABLE `tb_node` (
  `id` int NOT NULL AUTO_INCREMENT COMMENT '主键id',
  `node_name` varchar(255) CHARACTER SET utf8mb4 COLLATE utf8mb4_0900_ai_ci NOT NULL COMMENT '点位名称',
  `address` varchar(255) CHARACTER SET utf8mb4 COLLATE utf8mb4_0900_ai_ci NOT NULL COMMENT '详细地址',
  `business_type` int DEFAULT NULL COMMENT '商圈类型',
  `region_id` int DEFAULT NULL COMMENT '区域ID',
  `partner_id` int DEFAULT NULL COMMENT '合作商ID',
  `create_time` timestamp NULL DEFAULT CURRENT_TIMESTAMP COMMENT '创建时间',
  `update_time` timestamp NULL DEFAULT CURRENT_TIMESTAMP ON UPDATE CURRENT_TIMESTAMP COMMENT '修改时间',
  `create_by` varchar(64) CHARACTER SET utf8mb4 COLLATE utf8mb4_0900_ai_ci DEFAULT NULL COMMENT '创建人',
  `update_by` varchar(64) CHARACTER SET utf8mb4 COLLATE utf8mb4_0900_ai_ci DEFAULT NULL COMMENT '修改人',
  `remark` text CHARACTER SET utf8mb4 COLLATE utf8mb4_0900_ai_ci COMMENT '备注',
  PRIMARY KEY (`id`) USING BTREE,
  KEY `tb_node_ibfk_1` (`region_id`) USING BTREE,
  KEY `tb_node_ibfk_2` (`partner_id`) USING BTREE,
  CONSTRAINT `tb_node_ibfk_1` FOREIGN KEY (`region_id`) REFERENCES `tb_region` (`id`) ON DELETE RESTRICT ON UPDATE CASCADE,
  CONSTRAINT `tb_node_ibfk_2` FOREIGN KEY (`partner_id`) REFERENCES `tb_partner` (`id`) ON DELETE RESTRICT ON UPDATE CASCADE
) ENGINE=InnoDB AUTO_INCREMENT=4 DEFAULT CHARSET=utf8mb4 COLLATE=utf8mb4_0900_ai_ci ROW_FORMAT=DYNAMIC COMMENT='点位表';

-- ----------------------------
-- Records of tb_node
-- ----------------------------
BEGIN;
INSERT INTO `tb_node` (`id`, `node_name`, `address`, `business_type`, `region_id`, `partner_id`, `create_time`, `update_time`, `create_by`, `update_by`, `remark`) VALUES (1, '三里屯点位', '北京市朝阳区三里屯路', 1, 1, 1, '2024-10-23 21:14:54', '2024-10-23 21:14:54', NULL, NULL, NULL);
INSERT INTO `tb_node` (`id`, `node_name`, `address`, `business_type`, `region_id`, `partner_id`, `create_time`, `update_time`, `create_by`, `update_by`, `remark`) VALUES (2, '五道口点位', '北京市海淀区五道口', 2, 2, 2, '2024-10-23 21:14:54', '2024-10-23 21:57:50', NULL, NULL, NULL);
INSERT INTO `tb_node` (`id`, `node_name`, `address`, `business_type`, `region_id`, `partner_id`, `create_time`, `update_time`, `create_by`, `update_by`, `remark`) VALUES (3, '六道口点位', '北京市海淀区六道口', 2, 2, 2, '2024-10-23 21:14:54', '2024-10-23 21:57:50', NULL, NULL, NULL);
COMMIT;

-- ----------------------------
-- Table structure for tb_order
-- ----------------------------
DROP TABLE IF EXISTS `tb_order`;
CREATE TABLE `tb_order` (
  `id` bigint NOT NULL COMMENT '主键',
  `order_no` varchar(50) CHARACTER SET utf8mb4 COLLATE utf8mb4_0900_ai_ci NOT NULL COMMENT '订单编号',
  `third_no` varchar(34) CHARACTER SET utf8mb4 COLLATE utf8mb4_0900_ai_ci DEFAULT NULL COMMENT '第三方平台单号',
  `inner_code` varchar(15) CHARACTER SET utf8mb4 COLLATE utf8mb4_0900_ai_ci DEFAULT NULL COMMENT '机器编号',
  `channel_code` varchar(10) CHARACTER SET utf8mb4 COLLATE utf8mb4_0900_ai_ci DEFAULT NULL COMMENT '货道编号',
  `sku_id` bigint DEFAULT NULL COMMENT 'skuId',
  `sku_name` varchar(20) CHARACTER SET utf8mb4 COLLATE utf8mb4_0900_ai_ci DEFAULT NULL COMMENT '商品名称',
  `class_id` int DEFAULT NULL COMMENT '商品类别Id',
  `status` int DEFAULT NULL COMMENT '订单状态:0-待支付;1-支付完成;2-出货成功;3-出货失败;4-已取消',
  `amount` int NOT NULL DEFAULT '0' COMMENT '支付金额',
  `price` int NOT NULL DEFAULT '0' COMMENT '商品金额',
  `pay_type` varchar(10) CHARACTER SET utf8mb4 COLLATE utf8mb4_0900_ai_ci DEFAULT NULL COMMENT '支付类型，1支付宝 2微信',
  `pay_status` int DEFAULT '0' COMMENT '支付状态，0-未支付;1-支付完成;2-退款中;3-退款完成',
  `bill` int DEFAULT '0' COMMENT '合作商账单金额',
  `addr` varchar(200) CHARACTER SET utf8mb4 COLLATE utf8mb4_0900_ai_ci DEFAULT NULL COMMENT '点位地址',
  `region_id` bigint DEFAULT NULL COMMENT '所属区域Id',
  `region_name` varchar(50) CHARACTER SET utf8mb4 COLLATE utf8mb4_0900_ai_ci DEFAULT NULL COMMENT '区域名称',
  `business_type` int DEFAULT NULL COMMENT '所属商圈',
  `partner_id` int DEFAULT NULL COMMENT '合作商Id',
  `open_id` varchar(200) CHARACTER SET utf8mb4 COLLATE utf8mb4_0900_ai_ci DEFAULT NULL COMMENT '跨站身份验证',
  `node_id` bigint DEFAULT NULL COMMENT '点位Id',
  `node_name` varchar(50) CHARACTER SET utf8mb4 COLLATE utf8mb4_0900_ai_ci DEFAULT NULL COMMENT '点位名称',
  `cancel_desc` varchar(200) CHARACTER SET utf8mb4 COLLATE utf8mb4_0900_ai_ci DEFAULT '' COMMENT '取消原因',
  `create_time` timestamp NULL DEFAULT NULL COMMENT '创建时间',
  `update_time` timestamp NULL DEFAULT NULL COMMENT '更新时间',
  PRIMARY KEY (`id`) USING BTREE,
  UNIQUE KEY `Order_OrderNo_uindex` (`order_no`) USING BTREE
) ENGINE=InnoDB DEFAULT CHARSET=utf8mb4 COLLATE=utf8mb4_0900_ai_ci ROW_FORMAT=DYNAMIC COMMENT='订单表';

-- ----------------------------
-- Records of tb_order
-- ----------------------------
BEGIN;
INSERT INTO `tb_order` (`id`, `order_no`, `third_no`, `inner_code`, `channel_code`, `sku_id`, `sku_name`, `class_id`, `status`, `amount`, `price`, `pay_type`, `pay_status`, `bill`, `addr`, `region_id`, `region_name`, `business_type`, `partner_id`, `open_id`, `node_id`, `node_name`, `cancel_desc`, `create_time`, `update_time`) VALUES (1639542977692344321, 'A1000001802891882192300', NULL, 'A1000001', NULL, 3, '统一奶茶', 1, 1, 1, 1, 'wxpay', 1, 0, '河南省-洛阳市-龙门石窟', 1, NULL, 1, 1, '', 1, '龙门石窟', '1', '2023-03-25 16:21:22', '2023-03-25 16:21:51');
INSERT INTO `tb_order` (`id`, `order_no`, `third_no`, `inner_code`, `channel_code`, `sku_id`, `sku_name`, `class_id`, `status`, `amount`, `price`, `pay_type`, `pay_status`, `bill`, `addr`, `region_id`, `region_name`, `business_type`, `partner_id`, `open_id`, `node_id`, `node_name`, `cancel_desc`, `create_time`, `update_time`) VALUES (1639551491689062401, 'A1000001804921842908200', NULL, 'A1000001', NULL, 2, '小康师傅', 1, 4, 1, 1, 'wxpay', 0, 0, '河南省-洛阳市-龙门石窟', 1, NULL, 1, 1, '', 1, '龙门石窟', '2', '2023-03-25 16:55:12', '2023-03-25 17:00:13');
INSERT INTO `tb_order` (`id`, `order_no`, `third_no`, `inner_code`, `channel_code`, `sku_id`, `sku_name`, `class_id`, `status`, `amount`, `price`, `pay_type`, `pay_status`, `bill`, `addr`, `region_id`, `region_name`, `business_type`, `partner_id`, `open_id`, `node_id`, `node_name`, `cancel_desc`, `create_time`, `update_time`) VALUES (1639551769091940353, 'A1000001804987986430800', NULL, 'A1000001', NULL, 7, '一百橙汁', 1, 4, 1, 1, 'wxpay', 0, 0, '河南省-洛阳市-龙门石窟', 1, NULL, 1, 1, '', 1, '龙门石窟', '', '2023-03-25 16:56:18', '2023-03-25 17:01:19');
INSERT INTO `tb_order` (`id`, `order_no`, `third_no`, `inner_code`, `channel_code`, `sku_id`, `sku_name`, `class_id`, `status`, `amount`, `price`, `pay_type`, `pay_status`, `bill`, `addr`, `region_id`, `region_name`, `business_type`, `partner_id`, `open_id`, `node_id`, `node_name`, `cancel_desc`, `create_time`, `update_time`) VALUES (1639570465608884226, 'A1000001809445445129300', NULL, 'A1000001', NULL, 2, '小康师傅', 1, 4, 1, 1, 'wxpay', 0, 0, '河南省-洛阳市-龙门石窟', 1, NULL, 1, 1, '', 1, '龙门石窟', '', '2023-03-25 18:10:35', '2023-03-25 18:11:05');
INSERT INTO `tb_order` (`id`, `order_no`, `third_no`, `inner_code`, `channel_code`, `sku_id`, `sku_name`, `class_id`, `status`, `amount`, `price`, `pay_type`, `pay_status`, `bill`, `addr`, `region_id`, `region_name`, `business_type`, `partner_id`, `open_id`, `node_id`, `node_name`, `cancel_desc`, `create_time`, `update_time`) VALUES (1640253438704431106, 'A1000001972287294582300', NULL, 'A1000001', NULL, 1, '可口可乐', 1, 2, 1, 1, 'wxpay', 1, 0, '河南省-洛阳市-龙门石窟', 1, NULL, 1, 1, '', 1, '龙门石窟', '', '2023-03-27 15:24:29', '2023-03-27 15:24:52');
INSERT INTO `tb_order` (`id`, `order_no`, `third_no`, `inner_code`, `channel_code`, `sku_id`, `sku_name`, `class_id`, `status`, `amount`, `price`, `pay_type`, `pay_status`, `bill`, `addr`, `region_id`, `region_name`, `business_type`, `partner_id`, `open_id`, `node_id`, `node_name`, `cancel_desc`, `create_time`, `update_time`) VALUES (1640291223389851650, 'A1000001981295877562800', NULL, 'A1000001', NULL, 1, '可口可乐', 1, 4, 1, 1, 'wxpay', 0, 0, '河南省-洛阳市-龙门石窟', 1, NULL, 1, 1, '', 1, '龙门石窟', '', '2023-03-27 17:54:37', '2023-03-27 17:59:39');
INSERT INTO `tb_order` (`id`, `order_no`, `third_no`, `inner_code`, `channel_code`, `sku_id`, `sku_name`, `class_id`, `status`, `amount`, `price`, `pay_type`, `pay_status`, `bill`, `addr`, `region_id`, `region_name`, `business_type`, `partner_id`, `open_id`, `node_id`, `node_name`, `cancel_desc`, `create_time`, `update_time`) VALUES (1640291496925581313, 'A1000001981361996771600', NULL, 'A1000001', NULL, 1, '可口可乐', 1, 4, 1, 1, 'wxpay', 0, 0, '河南省-洛阳市-龙门石窟', 1, NULL, 1, 1, '', 1, '龙门石窟', '', '2023-03-27 17:55:43', '2023-03-27 18:00:44');
INSERT INTO `tb_order` (`id`, `order_no`, `third_no`, `inner_code`, `channel_code`, `sku_id`, `sku_name`, `class_id`, `status`, `amount`, `price`, `pay_type`, `pay_status`, `bill`, `addr`, `region_id`, `region_name`, `business_type`, `partner_id`, `open_id`, `node_id`, `node_name`, `cancel_desc`, `create_time`, `update_time`) VALUES (1640292440643940353, 'A1000001981586907029400', NULL, 'A1000001', NULL, 1, '可口可乐', 1, 4, 1, 1, 'alipay', 0, 0, '河南省-洛阳市-龙门石窟', 1, NULL, 1, 1, '', 1, '龙门石窟', '', '2023-03-27 17:59:28', '2023-03-27 18:04:29');
INSERT INTO `tb_order` (`id`, `order_no`, `third_no`, `inner_code`, `channel_code`, `sku_id`, `sku_name`, `class_id`, `status`, `amount`, `price`, `pay_type`, `pay_status`, `bill`, `addr`, `region_id`, `region_name`, `business_type`, `partner_id`, `open_id`, `node_id`, `node_name`, `cancel_desc`, `create_time`, `update_time`) VALUES (1640294278558597121, 'A1000001982025093546600', NULL, 'A1000001', NULL, 1, '可口可乐', 1, 1, 1, 1, 'wxpay', 1, 0, '河南省-洛阳市-龙门石窟', 1, NULL, 1, 1, '', 1, '龙门石窟', '', '2023-03-27 18:06:46', '2023-03-27 18:06:59');
INSERT INTO `tb_order` (`id`, `order_no`, `third_no`, `inner_code`, `channel_code`, `sku_id`, `sku_name`, `class_id`, `status`, `amount`, `price`, `pay_type`, `pay_status`, `bill`, `addr`, `region_id`, `region_name`, `business_type`, `partner_id`, `open_id`, `node_id`, `node_name`, `cancel_desc`, `create_time`, `update_time`) VALUES (1640295466658119682, 'A1000001982308461482000', NULL, 'A1000001', NULL, 1, '可口可乐', 1, 3, 1, 1, 'wxpay', 3, 0, '河南省-洛阳市-龙门石窟', 1, NULL, 1, 1, '', 1, '龙门石窟', '', '2023-03-27 18:11:29', '2023-03-27 18:11:56');
INSERT INTO `tb_order` (`id`, `order_no`, `third_no`, `inner_code`, `channel_code`, `sku_id`, `sku_name`, `class_id`, `status`, `amount`, `price`, `pay_type`, `pay_status`, `bill`, `addr`, `region_id`, `region_name`, `business_type`, `partner_id`, `open_id`, `node_id`, `node_name`, `cancel_desc`, `create_time`, `update_time`) VALUES (1665192943211196418, 'A10000011867384516930600', NULL, 'A1000001', NULL, 2, '小康师傅', 1, 1, 1, 1, 'wxpay', 1, 0, '河南省-洛阳市-龙门石窟', 1, NULL, 1, 1, '', 1, '龙门石窟', '', '2023-06-04 11:05:10', '2023-06-04 11:05:30');
INSERT INTO `tb_order` (`id`, `order_no`, `third_no`, `inner_code`, `channel_code`, `sku_id`, `sku_name`, `class_id`, `status`, `amount`, `price`, `pay_type`, `pay_status`, `bill`, `addr`, `region_id`, `region_name`, `business_type`, `partner_id`, `open_id`, `node_id`, `node_name`, `cancel_desc`, `create_time`, `update_time`) VALUES (1665193128339386370, 'A10000011867429590093200', NULL, 'A1000001', NULL, 3, '统一奶茶', 1, 1, 1, 1, 'alipay', 1, 0, '河南省-洛阳市-龙门石窟', 1, NULL, 1, 1, '', 1, '龙门石窟', '', '2023-06-04 11:05:54', '2023-06-04 11:06:07');
INSERT INTO `tb_order` (`id`, `order_no`, `third_no`, `inner_code`, `channel_code`, `sku_id`, `sku_name`, `class_id`, `status`, `amount`, `price`, `pay_type`, `pay_status`, `bill`, `addr`, `region_id`, `region_name`, `business_type`, `partner_id`, `open_id`, `node_id`, `node_name`, `cancel_desc`, `create_time`, `update_time`) VALUES (1665193628363337730, 'A10000011867548883835400', NULL, 'A1000001', NULL, 1, '可口可乐', 1, 1, 1, 1, 'wxpay', 1, 0, '河南省-洛阳市-龙门石窟', 1, NULL, 1, 1, '', 1, '龙门石窟', '', '2023-06-04 11:07:53', '2023-06-04 11:11:41');
INSERT INTO `tb_order` (`id`, `order_no`, `third_no`, `inner_code`, `channel_code`, `sku_id`, `sku_name`, `class_id`, `status`, `amount`, `price`, `pay_type`, `pay_status`, `bill`, `addr`, `region_id`, `region_name`, `business_type`, `partner_id`, `open_id`, `node_id`, `node_name`, `cancel_desc`, `create_time`, `update_time`) VALUES (1665197835275415554, 'A10000011868551878012500', NULL, 'A1000001', NULL, 2, '小康师傅', 1, 1, 1, 1, 'wxpay', 1, 0, '河南省-洛阳市-龙门石窟', 1, NULL, 1, 1, 'oJ9WJ5MhIS-hiwuUX0GmsHDzqTyQ', 1, '龙门石窟', '', '2023-06-04 11:24:36', '2023-06-04 11:24:58');
INSERT INTO `tb_order` (`id`, `order_no`, `third_no`, `inner_code`, `channel_code`, `sku_id`, `sku_name`, `class_id`, `status`, `amount`, `price`, `pay_type`, `pay_status`, `bill`, `addr`, `region_id`, `region_name`, `business_type`, `partner_id`, `open_id`, `node_id`, `node_name`, `cancel_desc`, `create_time`, `update_time`) VALUES (1665199941424197633, 'A10000011869054027266500', NULL, 'A1000001', NULL, 2, '小康师傅', 1, 1, 1, 1, 'wxpay', 1, 0, '河南省-洛阳市-龙门石窟', 1, NULL, 1, 1, 'oJ9WJ5MhIS-hiwuUX0GmsHDzqTyQ', 1, '龙门石窟', '', '2023-06-04 11:32:59', '2023-06-04 11:33:54');
INSERT INTO `tb_order` (`id`, `order_no`, `third_no`, `inner_code`, `channel_code`, `sku_id`, `sku_name`, `class_id`, `status`, `amount`, `price`, `pay_type`, `pay_status`, `bill`, `addr`, `region_id`, `region_name`, `business_type`, `partner_id`, `open_id`, `node_id`, `node_name`, `cancel_desc`, `create_time`, `update_time`) VALUES (1665294465416785921, 'A10000011891589370978600', NULL, 'A1000001', NULL, 9, '新星巴克', 1, 2, 1, 1, 'wxpay', 1, 0, '河南省-洛阳市-龙门石窟', 1, NULL, 1, 1, '', 1, '龙门石窟', '', '2023-06-04 17:48:35', '2023-06-04 17:51:34');
INSERT INTO `tb_order` (`id`, `order_no`, `third_no`, `inner_code`, `channel_code`, `sku_id`, `sku_name`, `class_id`, `status`, `amount`, `price`, `pay_type`, `pay_status`, `bill`, `addr`, `region_id`, `region_name`, `business_type`, `partner_id`, `open_id`, `node_id`, `node_name`, `cancel_desc`, `create_time`, `update_time`) VALUES (1665296000083259393, 'A10000011891956192562900', NULL, 'A1000001', NULL, 9, '新星巴克', 1, 3, 1, 1, 'wxpay', 3, 0, '河南省-洛阳市-龙门石窟', 1, NULL, 1, 1, '', 1, '龙门石窟', '', '2023-06-04 17:54:41', '2023-06-04 17:55:42');
INSERT INTO `tb_order` (`id`, `order_no`, `third_no`, `inner_code`, `channel_code`, `sku_id`, `sku_name`, `class_id`, `status`, `amount`, `price`, `pay_type`, `pay_status`, `bill`, `addr`, `region_id`, `region_name`, `business_type`, `partner_id`, `open_id`, `node_id`, `node_name`, `cancel_desc`, `create_time`, `update_time`) VALUES (1699412789128679425, 'A100000132363273473600', NULL, 'A1000001', NULL, 3, '统一奶茶', 1, 0, 1, 1, 'wxpay', 0, 0, NULL, 1, NULL, 1, 1, '', 1, '龙门石窟', '', '2023-09-06 21:22:37', '2023-09-06 21:22:37');
INSERT INTO `tb_order` (`id`, `order_no`, `third_no`, `inner_code`, `channel_code`, `sku_id`, `sku_name`, `class_id`, `status`, `amount`, `price`, `pay_type`, `pay_status`, `bill`, `addr`, `region_id`, `region_name`, `business_type`, `partner_id`, `open_id`, `node_id`, `node_name`, `cancel_desc`, `create_time`, `update_time`) VALUES (1699413852900573185, 'A100000132616927206000', NULL, 'A1000001', '1-8', 3, '统一奶茶', 1, 1, 1, 1, 'wxpay', 1, 0, NULL, 1, NULL, 1, 1, '', 1, '龙门石窟', '', '2023-09-06 21:26:51', '2023-09-06 21:27:51');
INSERT INTO `tb_order` (`id`, `order_no`, `third_no`, `inner_code`, `channel_code`, `sku_id`, `sku_name`, `class_id`, `status`, `amount`, `price`, `pay_type`, `pay_status`, `bill`, `addr`, `region_id`, `region_name`, `business_type`, `partner_id`, `open_id`, `node_id`, `node_name`, `cancel_desc`, `create_time`, `update_time`) VALUES (1699609497649393665, 'A100000179261600800100', NULL, 'A1000001', '1-3', 2, '小康师傅', NULL, 1, 1, 1, 'wxpay', 1, 0, '河南省-洛阳市-龙门石窟', 1, NULL, 1, 1, '', 1, '龙门石窟', '', '2023-09-07 10:24:16', '2023-09-07 10:25:17');
INSERT INTO `tb_order` (`id`, `order_no`, `third_no`, `inner_code`, `channel_code`, `sku_id`, `sku_name`, `class_id`, `status`, `amount`, `price`, `pay_type`, `pay_status`, `bill`, `addr`, `region_id`, `region_name`, `business_type`, `partner_id`, `open_id`, `node_id`, `node_name`, `cancel_desc`, `create_time`, `update_time`) VALUES (1699665320891179009, 'A100000192570825504800', NULL, 'A1000001', '1-5', 3, '统一奶茶', NULL, 0, 1, 1, 'alipay', 0, 0, '河南省-洛阳市-龙门石窟', 1, NULL, 1, 1, '', 1, '龙门石窟', '', '2023-09-07 14:06:05', '2023-09-07 14:06:05');
INSERT INTO `tb_order` (`id`, `order_no`, `third_no`, `inner_code`, `channel_code`, `sku_id`, `sku_name`, `class_id`, `status`, `amount`, `price`, `pay_type`, `pay_status`, `bill`, `addr`, `region_id`, `region_name`, `business_type`, `partner_id`, `open_id`, `node_id`, `node_name`, `cancel_desc`, `create_time`, `update_time`) VALUES (1699666273908350978, 'A100000192798155831900', NULL, 'A1000001', '1-3', 2, '小康师傅', NULL, 2, 1, 1, 'alipay', 1, 0, '河南省-洛阳市-龙门石窟', 1, NULL, 1, 1, '', 1, '龙门石窟', '', '2023-09-07 14:09:53', '2023-09-07 14:12:18');
INSERT INTO `tb_order` (`id`, `order_no`, `third_no`, `inner_code`, `channel_code`, `sku_id`, `sku_name`, `class_id`, `status`, `amount`, `price`, `pay_type`, `pay_status`, `bill`, `addr`, `region_id`, `region_name`, `business_type`, `partner_id`, `open_id`, `node_id`, `node_name`, `cancel_desc`, `create_time`, `update_time`) VALUES (1699667483335909378, 'A100000193086524012200', NULL, 'A1000001', '1-1', 1, '可口可乐', NULL, 2, 1, 1, 'alipay', 1, 0, '河南省-洛阳市-龙门石窟', 1, NULL, 1, 1, '', 1, '龙门石窟', '', '2023-09-10 14:14:41', '2023-09-07 14:15:51');
INSERT INTO `tb_order` (`id`, `order_no`, `third_no`, `inner_code`, `channel_code`, `sku_id`, `sku_name`, `class_id`, `status`, `amount`, `price`, `pay_type`, `pay_status`, `bill`, `addr`, `region_id`, `region_name`, `business_type`, `partner_id`, `open_id`, `node_id`, `node_name`, `cancel_desc`, `create_time`, `update_time`) VALUES (1700104081533829121, 'A1000001197178608837400', NULL, 'A1000001', '1-5', 3, '统一奶茶', NULL, 2, 1, 1, 'wxpay', 1, 0, '河南省-洛阳市-龙门石窟', 1, NULL, 1, 1, '', 1, '龙门石窟', '', '2023-09-10 19:09:34', '2023-09-08 19:10:36');
INSERT INTO `tb_order` (`id`, `order_no`, `third_no`, `inner_code`, `channel_code`, `sku_id`, `sku_name`, `class_id`, `status`, `amount`, `price`, `pay_type`, `pay_status`, `bill`, `addr`, `region_id`, `region_name`, `business_type`, `partner_id`, `open_id`, `node_id`, `node_name`, `cancel_desc`, `create_time`, `update_time`) VALUES (1700104233585737730, 'A1000001197215723001700', NULL, 'A1000001', '1-1', 1, '可口可乐', NULL, 2, 1, 1, 'wxpay', 1, 0, '河南省-洛阳市-龙门石窟', 1, NULL, 1, 1, '', 1, '龙门石窟', '', '2023-09-10 19:10:10', '2023-09-08 19:11:11');
INSERT INTO `tb_order` (`id`, `order_no`, `third_no`, `inner_code`, `channel_code`, `sku_id`, `sku_name`, `class_id`, `status`, `amount`, `price`, `pay_type`, `pay_status`, `bill`, `addr`, `region_id`, `region_name`, `business_type`, `partner_id`, `open_id`, `node_id`, `node_name`, `cancel_desc`, `create_time`, `update_time`) VALUES (1702608867975180289, 'A1000001794398419433700', NULL, 'A1000001', '2-2', 6, '怡宝至尊', NULL, 2, 3, 1, 'wxpay', 0, 0, '河南省-洛阳市-龙门石窟', 1, NULL, 1, 1, '', 1, '龙门石窟', '', '2023-09-15 17:02:42', '2023-09-15 17:02:42');
INSERT INTO `tb_order` (`id`, `order_no`, `third_no`, `inner_code`, `channel_code`, `sku_id`, `sku_name`, `class_id`, `status`, `amount`, `price`, `pay_type`, `pay_status`, `bill`, `addr`, `region_id`, `region_name`, `business_type`, `partner_id`, `open_id`, `node_id`, `node_name`, `cancel_desc`, `create_time`, `update_time`) VALUES (1702614203809349633, 'A1000001795671154933400', NULL, 'A1000001', '1-3', 2, '小康师傅', NULL, 0, 1, 1, 'alipay', 0, 0, '河南省-洛阳市-龙门石窟', 1, NULL, 1, 1, '', 1, '龙门石窟', '', '2023-09-15 17:23:54', '2023-09-15 17:23:54');
INSERT INTO `tb_order` (`id`, `order_no`, `third_no`, `inner_code`, `channel_code`, `sku_id`, `sku_name`, `class_id`, `status`, `amount`, `price`, `pay_type`, `pay_status`, `bill`, `addr`, `region_id`, `region_name`, `business_type`, `partner_id`, `open_id`, `node_id`, `node_name`, `cancel_desc`, `create_time`, `update_time`) VALUES (1702615729550376962, 'A1000001796034964829100', NULL, 'A1000001', '2-3', 8, '魔力花茶', NULL, 4, 1, 1, 'alipay', 0, 0, '河南省-洛阳市-龙门石窟', 1, NULL, 1, 1, '', 1, '龙门石窟', '', '2023-09-15 17:29:58', '2023-09-15 17:30:58');
COMMIT;

-- ----------------------------
-- Table structure for tb_order_collect
-- ----------------------------
DROP TABLE IF EXISTS `tb_order_collect`;
CREATE TABLE `tb_order_collect` (
  `id` bigint NOT NULL COMMENT 'Id',
  `partner_id` int DEFAULT NULL COMMENT '合作商Id',
  `partner_name` varchar(100) CHARACTER SET utf8mb4 COLLATE utf8mb4_0900_ai_ci DEFAULT NULL COMMENT '合作商名称',
  `order_total_money` bigint DEFAULT NULL COMMENT '日订单收入总金额(平台端总数)',
  `order_date` date DEFAULT NULL COMMENT '发生日期',
  `total_bill` int DEFAULT '0' COMMENT '分成总金额',
  `node_id` int DEFAULT NULL,
  `node_name` varchar(50) CHARACTER SET utf8mb4 COLLATE utf8mb4_0900_ai_ci DEFAULT NULL COMMENT '点位',
  `order_count` int DEFAULT NULL COMMENT '订单数',
  `ratio` int DEFAULT NULL COMMENT '分成比例',
  `region_name` varchar(50) CHARACTER SET utf8mb4 COLLATE utf8mb4_0900_ai_ci DEFAULT NULL COMMENT '区域名称',
  PRIMARY KEY (`id`) USING BTREE,
  UNIQUE KEY `tb_order_collect_id_uindex` (`id`) USING BTREE
) ENGINE=InnoDB DEFAULT CHARSET=utf8mb4 COLLATE=utf8mb4_0900_ai_ci ROW_FORMAT=DYNAMIC COMMENT='合作商订单汇总表';

-- ----------------------------
-- Records of tb_order_collect
-- ----------------------------
BEGIN;
INSERT INTO `tb_order_collect` (`id`, `partner_id`, `partner_name`, `order_total_money`, `order_date`, `total_bill`, `node_id`, `node_name`, `order_count`, `ratio`, `region_name`) VALUES (1701144293748969474, 1, '金燕龙合作商', 6, '2023-09-27', 0, 1, '龙门石窟', 3, 15, '昌平');
INSERT INTO `tb_order_collect` (`id`, `partner_id`, `partner_name`, `order_total_money`, `order_date`, `total_bill`, `node_id`, `node_name`, `order_count`, `ratio`, `region_name`) VALUES (1701167701270380546, 1, '金燕龙合作商', 1, '2023-09-27', 0, 1, '龙门石窟', 3, 15, '顺义');
INSERT INTO `tb_order_collect` (`id`, `partner_id`, `partner_name`, `order_total_money`, `order_date`, `total_bill`, `node_id`, `node_name`, `order_count`, `ratio`, `region_name`) VALUES (1701168456614256642, 1, '金燕龙合作商', 2, '2023-09-27', 0, 1, '龙门石窟', 3, 15, '海淀');
INSERT INTO `tb_order_collect` (`id`, `partner_id`, `partner_name`, `order_total_money`, `order_date`, `total_bill`, `node_id`, `node_name`, `order_count`, `ratio`, `region_name`) VALUES (1701168704594092033, 1, '金燕龙合作商', 4, '2023-09-27', 0, 1, '龙门石窟', 3, 15, '东城');
INSERT INTO `tb_order_collect` (`id`, `partner_id`, `partner_name`, `order_total_money`, `order_date`, `total_bill`, `node_id`, `node_name`, `order_count`, `ratio`, `region_name`) VALUES (1701168956252332033, 1, '金燕龙合作商', 5, '2023-09-27', 0, 1, '龙门石窟', 3, 15, '朝阳');
COMMIT;

-- ----------------------------
-- Table structure for tb_order_month_collect
-- ----------------------------
DROP TABLE IF EXISTS `tb_order_month_collect`;
CREATE TABLE `tb_order_month_collect` (
  `id` bigint NOT NULL COMMENT 'id',
  `partner_id` int DEFAULT NULL COMMENT '合作商Id',
  `partner_name` varchar(100) CHARACTER SET utf8mb4 COLLATE utf8mb4_0900_ai_ci DEFAULT NULL COMMENT '合作商名称',
  `region_id` int DEFAULT NULL COMMENT '区域Id',
  `region_name` varchar(50) CHARACTER SET utf8mb4 COLLATE utf8mb4_0900_ai_ci DEFAULT NULL COMMENT '地区名称',
  `order_total_money` bigint DEFAULT NULL COMMENT '订单总金额',
  `order_total_count` bigint DEFAULT NULL COMMENT '订单总数',
  `month` int DEFAULT NULL COMMENT '月份',
  `year` int DEFAULT NULL COMMENT '年份',
  PRIMARY KEY (`id`) USING BTREE,
  UNIQUE KEY `tb_order_month_collect_id_uindex` (`id`) USING BTREE
) ENGINE=InnoDB DEFAULT CHARSET=utf8mb4 COLLATE=utf8mb4_0900_ai_ci ROW_FORMAT=DYNAMIC COMMENT='按月统计各公司销售情况表';

-- ----------------------------
-- Records of tb_order_month_collect
-- ----------------------------
BEGIN;
COMMIT;

-- ----------------------------
-- Table structure for tb_partner
-- ----------------------------
DROP TABLE IF EXISTS `tb_partner`;
CREATE TABLE `tb_partner` (
  `id` int NOT NULL AUTO_INCREMENT COMMENT '主键id',
  `partner_name` varchar(255) CHARACTER SET utf8mb4 COLLATE utf8mb4_0900_ai_ci NOT NULL COMMENT '合作商名称',
  `contact_person` varchar(64) CHARACTER SET utf8mb4 COLLATE utf8mb4_0900_ai_ci DEFAULT NULL COMMENT '联系人',
  `contact_phone` varchar(15) CHARACTER SET utf8mb4 COLLATE utf8mb4_0900_ai_ci DEFAULT NULL COMMENT '联系电话',
  `profit_ratio` int DEFAULT NULL COMMENT '分成比例',
  `account` varchar(64) CHARACTER SET utf8mb4 COLLATE utf8mb4_0900_ai_ci DEFAULT NULL COMMENT '账号',
  `password` varchar(64) CHARACTER SET utf8mb4 COLLATE utf8mb4_0900_ai_ci DEFAULT NULL COMMENT '密码',
  `create_time` timestamp NULL DEFAULT CURRENT_TIMESTAMP COMMENT '创建时间',
  `update_time` timestamp NULL DEFAULT CURRENT_TIMESTAMP ON UPDATE CURRENT_TIMESTAMP COMMENT '修改时间',
  `create_by` varchar(64) CHARACTER SET utf8mb4 COLLATE utf8mb4_0900_ai_ci DEFAULT NULL COMMENT '创建人',
  `update_by` varchar(64) CHARACTER SET utf8mb4 COLLATE utf8mb4_0900_ai_ci DEFAULT NULL COMMENT '修改人',
  `remark` text CHARACTER SET utf8mb4 COLLATE utf8mb4_0900_ai_ci COMMENT '备注',
  PRIMARY KEY (`id`) USING BTREE
) ENGINE=InnoDB AUTO_INCREMENT=4 DEFAULT CHARSET=utf8mb4 COLLATE=utf8mb4_0900_ai_ci ROW_FORMAT=DYNAMIC COMMENT='合作商表';

-- ----------------------------
-- Records of tb_partner
-- ----------------------------
BEGIN;
INSERT INTO `tb_partner` (`id`, `partner_name`, `contact_person`, `contact_phone`, `profit_ratio`, `account`, `password`, `create_time`, `update_time`, `create_by`, `update_by`, `remark`) VALUES (1, '合作商A', '张三', '13800138000', 30, 'a001', '$2a$10$9vroTO2.F1lTFvJC7sB4ceGzMCyoDLgafXZFP9omDFmzPnZ0elfJ.', '2024-10-23 21:14:54', '2024-10-25 00:10:58', NULL, NULL, NULL);
INSERT INTO `tb_partner` (`id`, `partner_name`, `contact_person`, `contact_phone`, `profit_ratio`, `account`, `password`, `create_time`, `update_time`, `create_by`, `update_by`, `remark`) VALUES (2, '合作商B', '李四', '13912345678', 25, 'b002', 'pwdB', '2024-10-23 21:14:54', '2024-10-23 21:14:54', NULL, NULL, NULL);
INSERT INTO `tb_partner` (`id`, `partner_name`, `contact_person`, `contact_phone`, `profit_ratio`, `account`, `password`, `create_time`, `update_time`, `create_by`, `update_by`, `remark`) VALUES (3, '测试合作商', '施剑书', '15366052591', 99, '15366052591', '$2a$10$c8DtO1pqQyX6xp7qMyOnR.nLUN3zgbFEYPGV9PuMbPYAZzJXdCKLS', '2024-10-26 11:20:11', '2024-10-26 11:22:46', NULL, NULL, NULL);
COMMIT;

-- ----------------------------
-- Table structure for tb_policy
-- ----------------------------
DROP TABLE IF EXISTS `tb_policy`;
CREATE TABLE `tb_policy` (
  `policy_id` bigint NOT NULL AUTO_INCREMENT COMMENT '策略id',
  `policy_name` varchar(30) CHARACTER SET utf8mb4 COLLATE utf8mb4_0900_ai_ci DEFAULT NULL COMMENT '策略名称',
  `discount` int DEFAULT NULL COMMENT '策略方案，如：80代表8折',
  `create_time` timestamp NULL DEFAULT CURRENT_TIMESTAMP COMMENT '创建时间',
  `update_time` timestamp NULL DEFAULT CURRENT_TIMESTAMP COMMENT '修改时间',
  PRIMARY KEY (`policy_id`) USING BTREE,
  UNIQUE KEY `tb_policy_policy_name_uindex` (`policy_name`) USING BTREE
) ENGINE=InnoDB AUTO_INCREMENT=11 DEFAULT CHARSET=utf8mb4 COLLATE=utf8mb4_0900_ai_ci ROW_FORMAT=DYNAMIC COMMENT='策略表';

-- ----------------------------
-- Records of tb_policy
-- ----------------------------
BEGIN;
INSERT INTO `tb_policy` (`policy_id`, `policy_name`, `discount`, `create_time`, `update_time`) VALUES (1, '九折优惠', 90, '2020-09-14 10:51:05', '2021-02-01 16:25:06');
INSERT INTO `tb_policy` (`policy_id`, `policy_name`, `discount`, `create_time`, `update_time`) VALUES (2, '八折优惠', 80, '2020-12-18 14:10:39', '2020-12-18 14:10:39');
INSERT INTO `tb_policy` (`policy_id`, `policy_name`, `discount`, `create_time`, `update_time`) VALUES (5, '冬季折扣', 70, '2021-01-11 15:29:32', '2024-05-13 22:15:32');
INSERT INTO `tb_policy` (`policy_id`, `policy_name`, `discount`, `create_time`, `update_time`) VALUES (9, '清爽夏日', 50, '2021-02-01 16:23:10', '2024-05-13 22:15:51');
COMMIT;

-- ----------------------------
-- Table structure for tb_region
-- ----------------------------
DROP TABLE IF EXISTS `tb_region`;
CREATE TABLE `tb_region` (
  `id` int NOT NULL AUTO_INCREMENT COMMENT '主键id',
  `region_name` varchar(255) CHARACTER SET utf8mb4 COLLATE utf8mb4_0900_ai_ci NOT NULL COMMENT '区域名称',
  `create_time` timestamp NULL DEFAULT CURRENT_TIMESTAMP COMMENT '创建时间',
  `update_time` timestamp NULL DEFAULT CURRENT_TIMESTAMP ON UPDATE CURRENT_TIMESTAMP COMMENT '修改时间',
  `create_by` varchar(64) CHARACTER SET utf8mb4 COLLATE utf8mb4_0900_ai_ci DEFAULT NULL COMMENT '创建人',
  `update_by` varchar(64) CHARACTER SET utf8mb4 COLLATE utf8mb4_0900_ai_ci DEFAULT NULL COMMENT '修改人',
  `remark` text CHARACTER SET utf8mb4 COLLATE utf8mb4_0900_ai_ci COMMENT '备注',
  PRIMARY KEY (`id`) USING BTREE
) ENGINE=InnoDB AUTO_INCREMENT=5 DEFAULT CHARSET=utf8mb4 COLLATE=utf8mb4_0900_ai_ci ROW_FORMAT=DYNAMIC COMMENT='区域表';

-- ----------------------------
-- Records of tb_region
-- ----------------------------
BEGIN;
INSERT INTO `tb_region` (`id`, `region_name`, `create_time`, `update_time`, `create_by`, `update_by`, `remark`) VALUES (1, '北京市朝阳区', '2024-10-23 21:14:54', '2024-10-23 21:14:54', NULL, NULL, '北京市朝阳区');
INSERT INTO `tb_region` (`id`, `region_name`, `create_time`, `update_time`, `create_by`, `update_by`, `remark`) VALUES (2, '北京市海淀区', '2024-10-23 21:14:54', '2024-10-23 21:14:54', NULL, NULL, '北京市海淀区');
INSERT INTO `tb_region` (`id`, `region_name`, `create_time`, `update_time`, `create_by`, `update_by`, `remark`) VALUES (3, '北京市东城区', '2024-10-23 21:14:54', '2024-10-23 21:14:54', NULL, NULL, '北京市东城区');
INSERT INTO `tb_region` (`id`, `region_name`, `create_time`, `update_time`, `create_by`, `update_by`, `remark`) VALUES (4, '里世界', '2024-10-23 21:56:18', '2024-10-23 21:56:28', NULL, NULL, '里世界');
COMMIT;

-- ----------------------------
-- Table structure for tb_role
-- ----------------------------
DROP TABLE IF EXISTS `tb_role`;
CREATE TABLE `tb_role` (
  `role_id` int NOT NULL AUTO_INCREMENT,
  `role_code` varchar(50) CHARACTER SET utf8mb4 COLLATE utf8mb4_0900_ai_ci DEFAULT NULL COMMENT '角色编码\n',
  `role_name` varchar(50) CHARACTER SET utf8mb4 COLLATE utf8mb4_0900_ai_ci DEFAULT NULL COMMENT '角色名称\n',
  PRIMARY KEY (`role_id`) USING BTREE,
  UNIQUE KEY `tb_role_role_code_uindex` (`role_code`) USING BTREE,
  UNIQUE KEY `tb_role_role_name_uindex` (`role_name`) USING BTREE
) ENGINE=InnoDB AUTO_INCREMENT=5 DEFAULT CHARSET=utf8mb4 COLLATE=utf8mb4_0900_ai_ci ROW_FORMAT=DYNAMIC COMMENT='工单角色表';

-- ----------------------------
-- Records of tb_role
-- ----------------------------
BEGIN;
INSERT INTO `tb_role` (`role_id`, `role_code`, `role_name`) VALUES (1, '1001', '工单管理员');
INSERT INTO `tb_role` (`role_id`, `role_code`, `role_name`) VALUES (2, '1002', '运营员');
INSERT INTO `tb_role` (`role_id`, `role_code`, `role_name`) VALUES (3, '1003', '维修员');
COMMIT;

-- ----------------------------
-- Table structure for tb_sku
-- ----------------------------
DROP TABLE IF EXISTS `tb_sku`;
CREATE TABLE `tb_sku` (
  `sku_id` bigint NOT NULL AUTO_INCREMENT COMMENT '主键',
  `sku_name` varchar(50) CHARACTER SET utf8mb4 COLLATE utf8mb4_0900_ai_ci NOT NULL COMMENT '商品名称',
  `sku_image` varchar(500) CHARACTER SET utf8mb4 COLLATE utf8mb4_0900_ai_ci NOT NULL COMMENT '商品图片',
  `brand_Name` varchar(50) CHARACTER SET utf8mb4 COLLATE utf8mb4_0900_ai_ci NOT NULL COMMENT '品牌',
  `unit` varchar(20) CHARACTER SET utf8mb4 COLLATE utf8mb4_0900_ai_ci DEFAULT NULL COMMENT '规格(净含量)',
  `price` int NOT NULL DEFAULT '1' COMMENT '商品价格，单位分',
  `class_id` int NOT NULL COMMENT '商品类型Id',
  `is_discount` tinyint(1) DEFAULT '0' COMMENT '是否打折促销',
  `create_time` timestamp NULL DEFAULT CURRENT_TIMESTAMP COMMENT '创建时间',
  `update_time` timestamp NULL DEFAULT CURRENT_TIMESTAMP COMMENT '修改时间',
  PRIMARY KEY (`sku_id`) USING BTREE,
  UNIQUE KEY `tb_sku_sku_name_uindex` (`sku_name`) USING BTREE,
  KEY `sku_sku_class_ClassId_fk` (`class_id`) USING BTREE,
  CONSTRAINT `tb_sku_ibfk_1` FOREIGN KEY (`class_id`) REFERENCES `tb_sku_class` (`class_id`) ON DELETE RESTRICT ON UPDATE RESTRICT
) ENGINE=InnoDB AUTO_INCREMENT=12 DEFAULT CHARSET=utf8mb4 COLLATE=utf8mb4_0900_ai_ci ROW_FORMAT=DYNAMIC COMMENT='商品表';

-- ----------------------------
-- Records of tb_sku
-- ----------------------------
BEGIN;
INSERT INTO `tb_sku` (`sku_id`, `sku_name`, `sku_image`, `brand_Name`, `unit`, `price`, `class_id`, `is_discount`, `create_time`, `update_time`) VALUES (1, '可口可乐', 'https://likede2-java.itheima.net/image/product1.png', '可口可乐', '550ML', 200, 1, 1, '2020-09-14 09:14:17', '2024-05-14 10:47:42');
INSERT INTO `tb_sku` (`sku_id`, `sku_name`, `sku_image`, `brand_Name`, `unit`, `price`, `class_id`, `is_discount`, `create_time`, `update_time`) VALUES (2, '康师傅', 'https://likede2-java.itheima.net/image/product2.png', '可口可乐', '330ML', 200, 1, 0, '2020-09-14 09:15:43', '2024-05-14 10:47:52');
INSERT INTO `tb_sku` (`sku_id`, `sku_name`, `sku_image`, `brand_Name`, `unit`, `price`, `class_id`, `is_discount`, `create_time`, `update_time`) VALUES (3, '统一奶茶', 'https://likede2-java.itheima.net/image/product3.png', '可口可乐', '500ML', 100, 1, 0, '2020-09-16 14:41:50', '2020-09-16 14:41:50');
INSERT INTO `tb_sku` (`sku_id`, `sku_name`, `sku_image`, `brand_Name`, `unit`, `price`, `class_id`, `is_discount`, `create_time`, `update_time`) VALUES (4, '青梅绿茶', 'https://likede2-java.itheima.net/image/product4.png', '可口可乐', '500ML', 200, 1, 0, '2020-11-20 18:27:35', '2020-11-20 18:27:35');
INSERT INTO `tb_sku` (`sku_id`, `sku_name`, `sku_image`, `brand_Name`, `unit`, `price`, `class_id`, `is_discount`, `create_time`, `update_time`) VALUES (5, '冰糖雪梨', 'https://likede2-java.itheima.net/image/product5.png', '冰糖雪梨', '500ML', 250, 1, 0, '2020-12-18 14:03:41', '2024-05-14 10:47:28');
INSERT INTO `tb_sku` (`sku_id`, `sku_name`, `sku_image`, `brand_Name`, `unit`, `price`, `class_id`, `is_discount`, `create_time`, `update_time`) VALUES (6, '怡宝至尊', 'https://likede2-java.itheima.net/image/product6.png', '怡宝', '500ML', 200, 1, 0, '2020-12-18 14:04:02', '2024-05-14 10:47:35');
INSERT INTO `tb_sku` (`sku_id`, `sku_name`, `sku_image`, `brand_Name`, `unit`, `price`, `class_id`, `is_discount`, `create_time`, `update_time`) VALUES (7, '一百橙汁', 'https://likede2-java.itheima.net/image/product7.png', '100橙汁自然纯', '500ML', 100, 1, 0, '2020-12-18 14:04:26', '2020-12-18 14:04:26');
INSERT INTO `tb_sku` (`sku_id`, `sku_name`, `sku_image`, `brand_Name`, `unit`, `price`, `class_id`, `is_discount`, `create_time`, `update_time`) VALUES (8, '魔力花茶', 'https://likede2-java.itheima.net/image/product8.png', '茉莉花茶', '500ML', 100, 1, 0, '2020-12-18 14:04:45', '2020-12-18 14:04:45');
INSERT INTO `tb_sku` (`sku_id`, `sku_name`, `sku_image`, `brand_Name`, `unit`, `price`, `class_id`, `is_discount`, `create_time`, `update_time`) VALUES (9, '新星巴克', 'https://likede2-java.itheima.net/image/product9.png', '星巴克', '500ML', 100, 1, 0, '2020-12-18 14:05:01', '2020-12-18 14:05:01');
COMMIT;

-- ----------------------------
-- Table structure for tb_sku_class
-- ----------------------------
DROP TABLE IF EXISTS `tb_sku_class`;
CREATE TABLE `tb_sku_class` (
  `class_id` int NOT NULL AUTO_INCREMENT COMMENT '主键',
  `class_name` varchar(50) CHARACTER SET utf8mb4 COLLATE utf8mb4_0900_ai_ci DEFAULT '' COMMENT '类别名称',
  `parent_id` int DEFAULT '0' COMMENT '上级id',
  PRIMARY KEY (`class_id`) USING BTREE,
  UNIQUE KEY `tb_sku_class_class_name_uindex` (`class_name`) USING BTREE
) ENGINE=InnoDB AUTO_INCREMENT=20 DEFAULT CHARSET=utf8mb4 COLLATE=utf8mb4_0900_ai_ci ROW_FORMAT=DYNAMIC COMMENT='商品类型表';

-- ----------------------------
-- Records of tb_sku_class
-- ----------------------------
BEGIN;
INSERT INTO `tb_sku_class` (`class_id`, `class_name`, `parent_id`) VALUES (1, '饮料', 0);
INSERT INTO `tb_sku_class` (`class_id`, `class_name`, `parent_id`) VALUES (2, '零食', 0);
INSERT INTO `tb_sku_class` (`class_id`, `class_name`, `parent_id`) VALUES (3, '食品', 0);
INSERT INTO `tb_sku_class` (`class_id`, `class_name`, `parent_id`) VALUES (4, '玩具', 0);
INSERT INTO `tb_sku_class` (`class_id`, `class_name`, `parent_id`) VALUES (14, '化妆品', 0);
COMMIT;

-- ----------------------------
-- Table structure for tb_task
-- ----------------------------
DROP TABLE IF EXISTS `tb_task`;
CREATE TABLE `tb_task` (
  `task_id` bigint NOT NULL AUTO_INCREMENT COMMENT '工单ID',
  `task_code` varchar(40) CHARACTER SET utf8mb4 COLLATE utf8mb4_unicode_ci NOT NULL COMMENT '工单编号',
  `task_status` int DEFAULT NULL COMMENT '工单状态',
  `create_type` int DEFAULT NULL COMMENT '创建类型 0：自动 1：手动',
  `inner_code` varchar(15) CHARACTER SET utf8mb4 COLLATE utf8mb4_unicode_ci DEFAULT NULL COMMENT '售货机编码',
  `user_id` int DEFAULT NULL COMMENT '执行人id',
  `user_name` varchar(50) CHARACTER SET utf8mb4 COLLATE utf8mb4_unicode_ci DEFAULT NULL COMMENT '执行人名称',
  `region_id` bigint DEFAULT NULL COMMENT '所属区域Id',
  `desc` varchar(200) CHARACTER SET utf8mb4 COLLATE utf8mb4_unicode_ci DEFAULT NULL COMMENT '备注',
  `product_type_id` int DEFAULT '1' COMMENT '工单类型id',
  `assignor_id` int DEFAULT NULL COMMENT '指派人Id',
  `addr` varchar(200) CHARACTER SET utf8mb4 COLLATE utf8mb4_unicode_ci DEFAULT NULL COMMENT '地址',
  `create_time` timestamp NULL DEFAULT CURRENT_TIMESTAMP COMMENT '创建时间',
  `update_time` timestamp NULL DEFAULT CURRENT_TIMESTAMP COMMENT '更新时间',
  PRIMARY KEY (`task_id`) USING BTREE,
  UNIQUE KEY `tb_task_task_code_uindex` (`task_code`) USING BTREE,
  KEY `task_productiontype_TypeId_fk` (`product_type_id`) USING BTREE,
  KEY `task_taskstatustype_StatusID_fk` (`task_status`) USING BTREE,
  KEY `task_tasktype_TypeId_fk` (`create_type`) USING BTREE
) ENGINE=InnoDB AUTO_INCREMENT=544 DEFAULT CHARSET=utf8mb4 COLLATE=utf8mb4_unicode_ci ROW_FORMAT=DYNAMIC COMMENT='工单表';

-- ----------------------------
-- Records of tb_task
-- ----------------------------
BEGIN;
INSERT INTO `tb_task` (`task_id`, `task_code`, `task_status`, `create_type`, `inner_code`, `user_id`, `user_name`, `region_id`, `desc`, `product_type_id`, `assignor_id`, `addr`, `create_time`, `update_time`) VALUES (523, '202303220001', 4, 1, 'RhLWjaeR', 8, '许褚', 1, '投放', 1, 1, '河南省-洛阳市-龙门石窟', '2023-03-22 15:51:54', '2023-03-22 15:57:05');
INSERT INTO `tb_task` (`task_id`, `task_code`, `task_status`, `create_type`, `inner_code`, `user_id`, `user_name`, `region_id`, `desc`, `product_type_id`, `assignor_id`, `addr`, `create_time`, `update_time`) VALUES (524, '202303220002', 4, 1, 'iSzMcQXJ', 8, '许褚', 1, '投放', 1, 1, '河南省-洛阳市-龙门石窟', '2023-03-22 16:02:26', '2023-03-22 16:13:24');
INSERT INTO `tb_task` (`task_id`, `task_code`, `task_status`, `create_type`, `inner_code`, `user_id`, `user_name`, `region_id`, `desc`, `product_type_id`, `assignor_id`, `addr`, `create_time`, `update_time`) VALUES (525, '202303220003', 4, 1, 'iSzMcQXJ', 8, '许褚', 1, '11', 1, 1, '河南省-洛阳市-龙门石窟', '2023-03-22 17:11:22', '2023-03-22 17:12:15');
INSERT INTO `tb_task` (`task_id`, `task_code`, `task_status`, `create_type`, `inner_code`, `user_id`, `user_name`, `region_id`, `desc`, `product_type_id`, `assignor_id`, `addr`, `create_time`, `update_time`) VALUES (526, '202303220004', 4, 1, 'A1000001', 6, '曹操', 1, '1', 2, 1, '河南省-洛阳市-龙门石窟', '2023-03-22 17:14:45', '2023-03-22 17:16:46');
INSERT INTO `tb_task` (`task_id`, `task_code`, `task_status`, `create_type`, `inner_code`, `user_id`, `user_name`, `region_id`, `desc`, `product_type_id`, `assignor_id`, `addr`, `create_time`, `update_time`) VALUES (527, '202303240001', 4, 1, 'A1000001', 9, '张辽', 1, '111', 3, 1, '河南省-洛阳市-龙门石窟', '2023-03-24 10:41:10', '2023-03-24 10:41:10');
INSERT INTO `tb_task` (`task_id`, `task_code`, `task_status`, `create_type`, `inner_code`, `user_id`, `user_name`, `region_id`, `desc`, `product_type_id`, `assignor_id`, `addr`, `create_time`, `update_time`) VALUES (528, '202303240002', 4, 1, 'Ut548Hpf', 8, '许褚', 1, '111', 3, 1, '河南省-洛阳市-洛阳白云山', '2023-03-24 10:42:50', '2023-03-24 10:42:50');
INSERT INTO `tb_task` (`task_id`, `task_code`, `task_status`, `create_type`, `inner_code`, `user_id`, `user_name`, `region_id`, `desc`, `product_type_id`, `assignor_id`, `addr`, `create_time`, `update_time`) VALUES (529, '202303240003', 4, 1, 'aim5xu4I', 50, '孙一百', 1, '111', 3, 1, '河南省-洛阳市-洛阳白云山', '2023-03-24 10:43:43', '2023-03-24 10:43:43');
INSERT INTO `tb_task` (`task_id`, `task_code`, `task_status`, `create_type`, `inner_code`, `user_id`, `user_name`, `region_id`, `desc`, `product_type_id`, `assignor_id`, `addr`, `create_time`, `update_time`) VALUES (530, '202303240004', 4, 1, '5cy5BdUs', 50, '孙一百', 1, '111', 3, 1, '河南省-洛阳市-洛阳白云山', '2023-03-24 10:44:26', '2023-03-24 10:44:26');
INSERT INTO `tb_task` (`task_id`, `task_code`, `task_status`, `create_type`, `inner_code`, `user_id`, `user_name`, `region_id`, `desc`, `product_type_id`, `assignor_id`, `addr`, `create_time`, `update_time`) VALUES (531, '202303240005', 1, 0, 'A1000001', 50, '孙一百', 1, '{\"innerCode\":\"A1000001\",\"statusInfo\":[{\"statusCode\":\"1001\",\"status\":true},{\"statusCode\":\"1002\",\"status\":false},{\"statusCode\":\"1003\",\"status\":true}]}', 3, 0, '河南省-洛阳市-龙门石窟', '2023-03-24 18:04:44', '2023-03-24 18:04:44');
INSERT INTO `tb_task` (`task_id`, `task_code`, `task_status`, `create_type`, `inner_code`, `user_id`, `user_name`, `region_id`, `desc`, `product_type_id`, `assignor_id`, `addr`, `create_time`, `update_time`) VALUES (533, '202309200001', 3, 1, 'RhLWjaeR', 8, '许褚', 1, '', 1, 1, '河南省-洛阳市-龙门石窟', '2023-09-20 16:30:53', '2024-05-18 16:08:00');
INSERT INTO `tb_task` (`task_id`, `task_code`, `task_status`, `create_type`, `inner_code`, `user_id`, `user_name`, `region_id`, `desc`, `product_type_id`, `assignor_id`, `addr`, `create_time`, `update_time`) VALUES (535, '202405170001', 4, 1, 'vWgqPhpu', 8, '许褚', 1, '不想干了', 1, 1, '北京市昌平区建材城西路22号', '2024-05-17 14:39:26', NULL);
INSERT INTO `tb_task` (`task_id`, `task_code`, `task_status`, `create_type`, `inner_code`, `user_id`, `user_name`, `region_id`, `desc`, `product_type_id`, `assignor_id`, `addr`, `create_time`, `update_time`) VALUES (542, '202405180001', 4, 1, 'vWgqPhpu', 6, '曹操', 1, '卖完货了', 2, 1, '北京市昌平区建材城西路22号', '2024-05-18 15:13:05', NULL);
INSERT INTO `tb_task` (`task_id`, `task_code`, `task_status`, `create_type`, `inner_code`, `user_id`, `user_name`, `region_id`, `desc`, `product_type_id`, `assignor_id`, `addr`, `create_time`, `update_time`) VALUES (543, '202405190001', 1, 1, 'K6YYXHLY', 13, '陆逊', 3, '', 1, 1, '北京顺义区国际鲜花港', '2024-05-19 18:45:06', '2024-05-19 21:13:16');
COMMIT;

-- ----------------------------
-- Table structure for tb_task_collect
-- ----------------------------
DROP TABLE IF EXISTS `tb_task_collect`;
CREATE TABLE `tb_task_collect` (
  `id` int NOT NULL AUTO_INCREMENT,
  `user_id` int DEFAULT NULL,
  `finish_count` int DEFAULT '0' COMMENT '当日工单完成数',
  `progress_count` int DEFAULT '0' COMMENT '当日进行中的工单数',
  `cancel_count` int DEFAULT '0' COMMENT '当日取消工单数',
  `collect_date` date DEFAULT NULL COMMENT '汇总的日期',
  PRIMARY KEY (`id`) USING BTREE
) ENGINE=InnoDB AUTO_INCREMENT=90 DEFAULT CHARSET=utf8mb4 COLLATE=utf8mb4_unicode_ci ROW_FORMAT=DYNAMIC COMMENT='工单按日统计表';

-- ----------------------------
-- Records of tb_task_collect
-- ----------------------------
BEGIN;
INSERT INTO `tb_task_collect` (`id`, `user_id`, `finish_count`, `progress_count`, `cancel_count`, `collect_date`) VALUES (89, NULL, 0, 0, 0, NULL);
COMMIT;

-- ----------------------------
-- Table structure for tb_task_details
-- ----------------------------
DROP TABLE IF EXISTS `tb_task_details`;
CREATE TABLE `tb_task_details` (
  `details_id` bigint NOT NULL AUTO_INCREMENT,
  `task_id` bigint DEFAULT NULL COMMENT '工单Id',
  `channel_code` varchar(10) CHARACTER SET utf8mb4 COLLATE utf8mb4_unicode_ci DEFAULT NULL COMMENT '货道编号',
  `expect_capacity` int NOT NULL DEFAULT '0' COMMENT '补货期望容量',
  `sku_id` bigint DEFAULT NULL COMMENT '商品Id',
  `sku_name` varchar(50) CHARACTER SET utf8mb4 COLLATE utf8mb4_unicode_ci DEFAULT NULL,
  `sku_image` varchar(500) CHARACTER SET utf8mb4 COLLATE utf8mb4_unicode_ci DEFAULT NULL,
  PRIMARY KEY (`details_id`) USING BTREE,
  KEY `taskdetails_task_TaskId_fk` (`task_id`) USING BTREE,
  CONSTRAINT `taskdetails_task_TaskId_fk` FOREIGN KEY (`task_id`) REFERENCES `tb_task` (`task_id`) ON DELETE RESTRICT ON UPDATE RESTRICT
) ENGINE=InnoDB AUTO_INCREMENT=3770 DEFAULT CHARSET=utf8mb4 COLLATE=utf8mb4_unicode_ci ROW_FORMAT=DYNAMIC COMMENT='工单详情，只有补货工单才有';

-- ----------------------------
-- Records of tb_task_details
-- ----------------------------
BEGIN;
INSERT INTO `tb_task_details` (`details_id`, `task_id`, `channel_code`, `expect_capacity`, `sku_id`, `sku_name`, `sku_image`) VALUES (3750, 526, '1-1', 8, 1, '可口可乐', 'https://likede2-java.itheima.net/image/product1.png');
INSERT INTO `tb_task_details` (`details_id`, `task_id`, `channel_code`, `expect_capacity`, `sku_id`, `sku_name`, `sku_image`) VALUES (3751, 526, '1-2', 9, 1, '可口可乐', 'https://likede2-java.itheima.net/image/product1.png');
INSERT INTO `tb_task_details` (`details_id`, `task_id`, `channel_code`, `expect_capacity`, `sku_id`, `sku_name`, `sku_image`) VALUES (3752, 526, '1-3', 1, 2, '小康师傅', 'https://likede2-java.itheima.net/image/product2.png');
INSERT INTO `tb_task_details` (`details_id`, `task_id`, `channel_code`, `expect_capacity`, `sku_id`, `sku_name`, `sku_image`) VALUES (3753, 526, '1-5', 6, 3, '统一奶茶', 'https://likede2-java.itheima.net/image/product3.png');
INSERT INTO `tb_task_details` (`details_id`, `task_id`, `channel_code`, `expect_capacity`, `sku_id`, `sku_name`, `sku_image`) VALUES (3754, 526, '3-1', 1, 7, '一百橙汁', 'https://likede2-java.itheima.net/image/product7.png');
INSERT INTO `tb_task_details` (`details_id`, `task_id`, `channel_code`, `expect_capacity`, `sku_id`, `sku_name`, `sku_image`) VALUES (3755, 526, '3-6', 10, 1, '可口可乐', 'https://likede2-java.itheima.net/image/product1.png');
INSERT INTO `tb_task_details` (`details_id`, `task_id`, `channel_code`, `expect_capacity`, `sku_id`, `sku_name`, `sku_image`) VALUES (3768, 542, '1-1', 5, 1, '可口可乐', 'https://likede2-java.itheima.net/image/product1.png');
INSERT INTO `tb_task_details` (`details_id`, `task_id`, `channel_code`, `expect_capacity`, `sku_id`, `sku_name`, `sku_image`) VALUES (3769, 542, '1-2', 5, 2, '康师傅', 'https://likede2-java.itheima.net/image/product2.png');
COMMIT;

-- ----------------------------
-- Table structure for tb_task_type
-- ----------------------------
DROP TABLE IF EXISTS `tb_task_type`;
CREATE TABLE `tb_task_type` (
  `type_id` int NOT NULL,
  `type_name` varchar(20) CHARACTER SET utf8mb4 COLLATE utf8mb4_unicode_ci DEFAULT NULL COMMENT '类型名称',
  `type` int DEFAULT '1' COMMENT '工单类型。1:维修工单;2:运营工单',
  PRIMARY KEY (`type_id`) USING BTREE
) ENGINE=InnoDB DEFAULT CHARSET=utf8mb4 COLLATE=utf8mb4_unicode_ci ROW_FORMAT=DYNAMIC COMMENT='工单类型';

-- ----------------------------
-- Records of tb_task_type
-- ----------------------------
BEGIN;
INSERT INTO `tb_task_type` (`type_id`, `type_name`, `type`) VALUES (1, '投放工单', 1);
INSERT INTO `tb_task_type` (`type_id`, `type_name`, `type`) VALUES (2, '补货工单', 2);
INSERT INTO `tb_task_type` (`type_id`, `type_name`, `type`) VALUES (3, '维修工单', 1);
INSERT INTO `tb_task_type` (`type_id`, `type_name`, `type`) VALUES (4, '撤机工单', 1);
COMMIT;

-- ----------------------------
-- Table structure for tb_vending_machine
-- ----------------------------
DROP TABLE IF EXISTS `tb_vending_machine`;
CREATE TABLE `tb_vending_machine` (
  `id` bigint NOT NULL AUTO_INCREMENT COMMENT '主键',
  `inner_code` varchar(15) CHARACTER SET utf8mb4 COLLATE utf8mb4_0900_ai_ci DEFAULT '000' COMMENT '设备编号',
  `channel_max_capacity` int DEFAULT NULL COMMENT '设备容量',
  `node_id` int NOT NULL COMMENT '点位Id',
  `addr` varchar(100) CHARACTER SET utf8mb4 COLLATE utf8mb4_0900_ai_ci DEFAULT NULL COMMENT '详细地址',
  `last_supply_time` datetime NOT NULL DEFAULT '2000-01-01 00:00:00' COMMENT '上次补货时间',
  `business_type` int NOT NULL COMMENT '商圈类型',
  `region_id` int NOT NULL COMMENT '区域Id',
  `partner_id` int NOT NULL COMMENT '合作商Id',
  `vm_type_id` int NOT NULL DEFAULT '0' COMMENT '设备型号',
  `vm_status` int NOT NULL DEFAULT '0' COMMENT '设备状态，0:未投放;1-运营;3-撤机',
  `running_status` varchar(100) CHARACTER SET utf8mb4 COLLATE utf8mb4_0900_ai_ci DEFAULT NULL COMMENT '运行状态',
  `longitudes` double DEFAULT '0' COMMENT '经度',
  `latitude` double DEFAULT '0' COMMENT '维度',
  `client_id` varchar(50) CHARACTER SET utf8mb4 COLLATE utf8mb4_0900_ai_ci DEFAULT NULL COMMENT '客户端连接Id,做emq认证用',
  `policy_id` bigint DEFAULT NULL COMMENT '策略id',
  `create_time` timestamp NOT NULL DEFAULT CURRENT_TIMESTAMP COMMENT '创建时间',
  `update_time` timestamp NULL DEFAULT CURRENT_TIMESTAMP COMMENT '修改时间',
  PRIMARY KEY (`id`) USING BTREE,
  UNIQUE KEY `vendingmachine_VmId_uindex` (`inner_code`) USING BTREE,
  KEY `vendingmachine_node_Id_fk` (`node_id`) USING BTREE,
  KEY `vendingmachine_vmtype_TypeId_fk` (`vm_type_id`) USING BTREE,
  KEY `policy_id` (`policy_id`) USING BTREE,
  CONSTRAINT `tb_vending_machine_ibfk_1` FOREIGN KEY (`vm_type_id`) REFERENCES `tb_vm_type` (`id`) ON DELETE RESTRICT ON UPDATE RESTRICT,
  CONSTRAINT `tb_vending_machine_ibfk_2` FOREIGN KEY (`node_id`) REFERENCES `tb_node` (`id`) ON DELETE RESTRICT ON UPDATE RESTRICT,
  CONSTRAINT `tb_vending_machine_ibfk_3` FOREIGN KEY (`policy_id`) REFERENCES `tb_policy` (`policy_id`) ON DELETE RESTRICT ON UPDATE RESTRICT
) ENGINE=InnoDB AUTO_INCREMENT=118 DEFAULT CHARSET=utf8mb4 COLLATE=utf8mb4_0900_ai_ci ROW_FORMAT=DYNAMIC COMMENT='设备表';

-- ----------------------------
-- Records of tb_vending_machine
-- ----------------------------
BEGIN;
INSERT INTO `tb_vending_machine` (`id`, `inner_code`, `channel_max_capacity`, `node_id`, `addr`, `last_supply_time`, `business_type`, `region_id`, `partner_id`, `vm_type_id`, `vm_status`, `running_status`, `longitudes`, `latitude`, `client_id`, `policy_id`, `create_time`, `update_time`) VALUES (80, 'A1000001', 10, 2, '顺义奥林匹克水上公园', '2023-03-22 00:00:00', 1, 3, 28, 1, 1, '{\"statusCode\":\"1001\",\"status\":true}', 0, 0, '70122567fcc13e7615e7239812c20448', 2, '2020-12-18 15:49:03', '2024-10-30 13:19:47');
INSERT INTO `tb_vending_machine` (`id`, `inner_code`, `channel_max_capacity`, `node_id`, `addr`, `last_supply_time`, `business_type`, `region_id`, `partner_id`, `vm_type_id`, `vm_status`, `running_status`, `longitudes`, `latitude`, `client_id`, `policy_id`, `create_time`, `update_time`) VALUES (86, 'aim5xu4I', 10, 2, '北京市海淀区西直门北大街32号', '2000-01-01 00:00:00', 2, 1, 1, 2, 1, '{\"statusCode\":\"1001\",\"status\":true}', 0, 0, '9d1d927b2651dba9f117a9801e7fd916', 1, '2020-12-18 10:39:22', '2024-05-14 09:24:53');
INSERT INTO `tb_vending_machine` (`id`, `inner_code`, `channel_max_capacity`, `node_id`, `addr`, `last_supply_time`, `business_type`, `region_id`, `partner_id`, `vm_type_id`, `vm_status`, `running_status`, `longitudes`, `latitude`, `client_id`, `policy_id`, `create_time`, `update_time`) VALUES (87, '5cy5BdUs', 10, 2, '北京市海淀区西直门北大街32号', '2022-12-05 00:00:00', 2, 1, 1, 2, 1, '{\"statusCode\":\"1001\",\"status\":true}', 0, 0, 'fdf33db4de889d6c31fe6351a7333072', 2, '2020-12-18 10:39:22', '2024-05-12 23:19:10');
INSERT INTO `tb_vending_machine` (`id`, `inner_code`, `channel_max_capacity`, `node_id`, `addr`, `last_supply_time`, `business_type`, `region_id`, `partner_id`, `vm_type_id`, `vm_status`, `running_status`, `longitudes`, `latitude`, `client_id`, `policy_id`, `create_time`, `update_time`) VALUES (88, 'tCeiyxLx', 10, 1, '北京市昌平区建材城西路22号', '2000-01-01 00:00:00', 2, 1, 1, 1, 1, '{\"statusCode\":\"1001\",\"status\":true}', 0, 0, '0805f7585e4366b021268f8850d1e091', 1, '2020-09-10 09:41:02', '2024-05-14 09:24:55');
INSERT INTO `tb_vending_machine` (`id`, `inner_code`, `channel_max_capacity`, `node_id`, `addr`, `last_supply_time`, `business_type`, `region_id`, `partner_id`, `vm_type_id`, `vm_status`, `running_status`, `longitudes`, `latitude`, `client_id`, `policy_id`, `create_time`, `update_time`) VALUES (89, 'bR1cfQRa', 10, 2, '北京市海淀区西直门北大街32号', '2000-01-01 00:00:00', 2, 1, 1, 2, 1, '{\"statusCode\":\"1001\",\"status\":true}', 0, 0, 'e4e02a07b11865bf262afb5d4507e7b3', 1, '2020-12-18 10:39:22', '2024-05-14 09:24:56');
INSERT INTO `tb_vending_machine` (`id`, `inner_code`, `channel_max_capacity`, `node_id`, `addr`, `last_supply_time`, `business_type`, `region_id`, `partner_id`, `vm_type_id`, `vm_status`, `running_status`, `longitudes`, `latitude`, `client_id`, `policy_id`, `create_time`, `update_time`) VALUES (90, 'RhLWjaeR', 10, 1, '北京市昌平区建材城西路22号', '2000-01-01 00:00:00', 2, 1, 1, 1, 1, '{\"statusCode\":\"1001\",\"status\":true}', 0, 0, '0cc9e22badf6a0f41b5fad2c8b788fcd', 2, '2020-09-10 09:41:02', '2024-05-14 09:25:07');
INSERT INTO `tb_vending_machine` (`id`, `inner_code`, `channel_max_capacity`, `node_id`, `addr`, `last_supply_time`, `business_type`, `region_id`, `partner_id`, `vm_type_id`, `vm_status`, `running_status`, `longitudes`, `latitude`, `client_id`, `policy_id`, `create_time`, `update_time`) VALUES (91, 'qUObmvbM', 10, 2, '北京市海淀区西直门北大街32号', '2022-12-06 00:00:00', 2, 1, 1, 2, 1, '{\"statusCode\":\"1001\",\"status\":true}', 0, 0, '34a1779725b4e06edd7cac8a518474f1', 2, '2020-12-18 10:39:22', '2024-05-14 09:25:11');
INSERT INTO `tb_vending_machine` (`id`, `inner_code`, `channel_max_capacity`, `node_id`, `addr`, `last_supply_time`, `business_type`, `region_id`, `partner_id`, `vm_type_id`, `vm_status`, `running_status`, `longitudes`, `latitude`, `client_id`, `policy_id`, `create_time`, `update_time`) VALUES (92, 'tU6K5IHg', 10, 1, '北京市昌平区建材城西路22号', '2000-01-01 00:00:00', 2, 1, 1, 2, 1, '{\"statusCode\":\"1001\",\"status\":true}', 0, 0, 'fbb7f7c0bfd38785866844f983b3a887', 5, '2020-09-10 09:41:02', '2024-05-14 09:25:14');
INSERT INTO `tb_vending_machine` (`id`, `inner_code`, `channel_max_capacity`, `node_id`, `addr`, `last_supply_time`, `business_type`, `region_id`, `partner_id`, `vm_type_id`, `vm_status`, `running_status`, `longitudes`, `latitude`, `client_id`, `policy_id`, `create_time`, `update_time`) VALUES (93, 'iSzMcQXJ', 10, 1, '北京市昌平区建材城西路22号', '2000-01-01 00:00:00', 2, 1, 1, 1, 1, '{\"statusCode\":\"1001\",\"status\":true}', 0, 0, '7c6f5ad6edd6e161d6ca8b94d0324fe5', 2, '2020-09-10 09:41:02', '2024-05-14 09:25:19');
INSERT INTO `tb_vending_machine` (`id`, `inner_code`, `channel_max_capacity`, `node_id`, `addr`, `last_supply_time`, `business_type`, `region_id`, `partner_id`, `vm_type_id`, `vm_status`, `running_status`, `longitudes`, `latitude`, `client_id`, `policy_id`, `create_time`, `update_time`) VALUES (105, 'nf2UVwi5', 8, 2, '北京顺义区国际鲜花港', '2000-01-01 00:00:00', 1, 3, 1, 4, 0, NULL, 0, 0, NULL, NULL, '2020-12-18 15:48:13', '2024-05-13 18:47:32');
INSERT INTO `tb_vending_machine` (`id`, `inner_code`, `channel_max_capacity`, `node_id`, `addr`, `last_supply_time`, `business_type`, `region_id`, `partner_id`, `vm_type_id`, `vm_status`, `running_status`, `longitudes`, `latitude`, `client_id`, `policy_id`, `create_time`, `update_time`) VALUES (106, 'vWgqPhpu', 10, 1, '北京市昌平区建材城西路22号', '2024-05-18 15:26:37', 2, 1, 1, 1, 1, NULL, 0, 0, NULL, NULL, '2020-09-10 09:41:02', '2024-05-12 23:20:41');
INSERT INTO `tb_vending_machine` (`id`, `inner_code`, `channel_max_capacity`, `node_id`, `addr`, `last_supply_time`, `business_type`, `region_id`, `partner_id`, `vm_type_id`, `vm_status`, `running_status`, `longitudes`, `latitude`, `client_id`, `policy_id`, `create_time`, `update_time`) VALUES (107, 'SFNuCUe8', 8, 1, '北京市昌平区建材城西路22号', '2000-01-01 00:00:00', 2, 1, 1, 4, 0, NULL, 0, 0, NULL, NULL, '2020-09-10 09:41:02', '2024-05-12 23:20:41');
INSERT INTO `tb_vending_machine` (`id`, `inner_code`, `channel_max_capacity`, `node_id`, `addr`, `last_supply_time`, `business_type`, `region_id`, `partner_id`, `vm_type_id`, `vm_status`, `running_status`, `longitudes`, `latitude`, `client_id`, `policy_id`, `create_time`, `update_time`) VALUES (111, 'K6YYXHLY', 10, 2, '北京顺义区国际鲜花港', '2000-01-01 00:00:00', 1, 3, 1, 1, 0, '{\"statusCode\":\"1001\",\"status\":true}', 0, 0, NULL, NULL, '2020-12-18 15:48:13', '2024-05-19 15:32:27');
INSERT INTO `tb_vending_machine` (`id`, `inner_code`, `channel_max_capacity`, `node_id`, `addr`, `last_supply_time`, `business_type`, `region_id`, `partner_id`, `vm_type_id`, `vm_status`, `running_status`, `longitudes`, `latitude`, `client_id`, `policy_id`, `create_time`, `update_time`) VALUES (117, 'lnHj7Qsh', NULL, 1, '北京市朝阳区三里屯路', '2000-01-01 00:00:00', 1, 1, 1, 2, 0, NULL, 0, 0, NULL, NULL, '2024-10-28 23:49:55', '2024-10-28 23:49:55');
COMMIT;

-- ----------------------------
-- Table structure for tb_vendout_running
-- ----------------------------
DROP TABLE IF EXISTS `tb_vendout_running`;
CREATE TABLE `tb_vendout_running` (
  `id` bigint NOT NULL AUTO_INCREMENT COMMENT 'id',
  `order_no` varchar(38) CHARACTER SET utf8mb4 COLLATE utf8mb4_0900_ai_ci NOT NULL DEFAULT '' COMMENT '订单编号',
  `inner_code` varchar(15) CHARACTER SET utf8mb4 COLLATE utf8mb4_0900_ai_ci NOT NULL COMMENT '售货机编号',
  `channel_code` varchar(10) CHARACTER SET utf8mb4 COLLATE utf8mb4_0900_ai_ci DEFAULT NULL COMMENT '货道编号',
  `status` char(1) CHARACTER SET utf8mb4 COLLATE utf8mb4_0900_ai_ci DEFAULT NULL COMMENT '状态',
  `create_time` timestamp NULL DEFAULT CURRENT_TIMESTAMP COMMENT '创建时间',
  `update_time` timestamp NULL DEFAULT CURRENT_TIMESTAMP COMMENT '更新时间',
  PRIMARY KEY (`id`) USING BTREE
) ENGINE=InnoDB AUTO_INCREMENT=1665296081440129026 DEFAULT CHARSET=utf8mb4 COLLATE=utf8mb4_0900_ai_ci ROW_FORMAT=DYNAMIC COMMENT='出货流水';

-- ----------------------------
-- Records of tb_vendout_running
-- ----------------------------
BEGIN;
INSERT INTO `tb_vendout_running` (`id`, `order_no`, `inner_code`, `channel_code`, `status`, `create_time`, `update_time`) VALUES (1640253535886454786, 'A1000001972287294582300', 'A1000001', NULL, '1', '2023-03-27 15:24:52', '2023-03-27 15:24:52');
INSERT INTO `tb_vendout_running` (`id`, `order_no`, `inner_code`, `channel_code`, `status`, `create_time`, `update_time`) VALUES (1640294341087305730, 'A1000001982025093546600', 'A1000001', NULL, '0', '2023-03-27 18:07:01', '2023-03-27 18:07:01');
INSERT INTO `tb_vendout_running` (`id`, `order_no`, `inner_code`, `channel_code`, `status`, `create_time`, `update_time`) VALUES (1640295508953505793, 'A1000001982308461482000', 'A1000001', NULL, '0', '2023-03-27 18:11:39', '2023-03-27 18:11:39');
INSERT INTO `tb_vendout_running` (`id`, `order_no`, `inner_code`, `channel_code`, `status`, `create_time`, `update_time`) VALUES (1665193032268836866, 'A10000011867384516930600', 'A1000001', NULL, '0', '2023-06-04 11:05:31', '2023-06-04 11:05:31');
INSERT INTO `tb_vendout_running` (`id`, `order_no`, `inner_code`, `channel_code`, `status`, `create_time`, `update_time`) VALUES (1665193181468618753, 'A10000011867429590093200', 'A1000001', NULL, '0', '2023-06-04 11:06:07', '2023-06-04 11:06:07');
INSERT INTO `tb_vendout_running` (`id`, `order_no`, `inner_code`, `channel_code`, `status`, `create_time`, `update_time`) VALUES (1665194583502811137, 'A10000011867548883835400', 'A1000001', NULL, '0', '2023-06-04 11:11:41', '2023-06-04 11:11:41');
INSERT INTO `tb_vendout_running` (`id`, `order_no`, `inner_code`, `channel_code`, `status`, `create_time`, `update_time`) VALUES (1665197927541698561, 'A10000011868551878012500', 'A1000001', NULL, '0', '2023-06-04 11:24:58', '2023-06-04 11:24:58');
INSERT INTO `tb_vendout_running` (`id`, `order_no`, `inner_code`, `channel_code`, `status`, `create_time`, `update_time`) VALUES (1665200173490827265, 'A10000011869054027266500', 'A1000001', NULL, '0', '2023-06-04 11:33:54', '2023-06-04 11:33:54');
INSERT INTO `tb_vendout_running` (`id`, `order_no`, `inner_code`, `channel_code`, `status`, `create_time`, `update_time`) VALUES (1665295023343058946, 'A10000011891589370978600', 'A1000001', NULL, '1', '2023-06-04 17:50:48', '2023-06-04 17:51:34');
INSERT INTO `tb_vendout_running` (`id`, `order_no`, `inner_code`, `channel_code`, `status`, `create_time`, `update_time`) VALUES (1665296081440129025, 'A10000011891956192562900', 'A1000001', NULL, '0', '2023-06-04 17:55:00', '2023-06-04 17:55:00');
COMMIT;

-- ----------------------------
-- Table structure for tb_vm_type
-- ----------------------------
DROP TABLE IF EXISTS `tb_vm_type`;
CREATE TABLE `tb_vm_type` (
  `id` int NOT NULL AUTO_INCREMENT COMMENT '主键',
  `name` varchar(15) CHARACTER SET utf8mb4 COLLATE utf8mb4_0900_ai_ci NOT NULL COMMENT '型号名称',
  `model` varchar(20) CHARACTER SET utf8mb4 COLLATE utf8mb4_0900_ai_ci DEFAULT NULL COMMENT '型号编码',
  `image` varchar(500) CHARACTER SET utf8mb4 COLLATE utf8mb4_0900_ai_ci DEFAULT NULL COMMENT '设备图片',
  `vm_row` int NOT NULL DEFAULT '1' COMMENT '货道行',
  `vm_col` int NOT NULL DEFAULT '1' COMMENT '货道列',
  `channel_max_capacity` int DEFAULT '0' COMMENT '设备容量',
  PRIMARY KEY (`id`) USING BTREE,
  UNIQUE KEY `tb_vm_type_name_uindex` (`name`) USING BTREE,
  UNIQUE KEY `tb_vm_type_model_uindex` (`model`) USING BTREE
) ENGINE=InnoDB AUTO_INCREMENT=21 DEFAULT CHARSET=utf8mb4 COLLATE=utf8mb4_0900_ai_ci ROW_FORMAT=DYNAMIC COMMENT='设备类型表';

-- ----------------------------
-- Records of tb_vm_type
-- ----------------------------
BEGIN;
INSERT INTO `tb_vm_type` (`id`, `name`, `model`, `image`, `vm_row`, `vm_col`, `channel_max_capacity`) VALUES (1, '饮料机', 'CZ-10011', 'https://sy-192-ys.oss-cn-beijing.aliyuncs.com/images/2024/05/15/1715762932971.png', 5, 6, 10);
INSERT INTO `tb_vm_type` (`id`, `name`, `model`, `image`, `vm_row`, `vm_col`, `channel_max_capacity`) VALUES (2, '综合机', 'CZ-10012', 'https://sy-192-ys.oss-cn-beijing.aliyuncs.com/images/2024/05/15/1715762984492.png', 2, 2, 10);
INSERT INTO `tb_vm_type` (`id`, `name`, `model`, `image`, `vm_row`, `vm_col`, `channel_max_capacity`) VALUES (3, '零食机', 'CZ-10013', 'https://sy-192-ys.oss-cn-beijing.aliyuncs.com/images/2024/05/15/1715763009476.png', 2, 5, 5);
INSERT INTO `tb_vm_type` (`id`, `name`, `model`, `image`, `vm_row`, `vm_col`, `channel_max_capacity`) VALUES (4, '果蔬机', 'CZ-10014', 'https://sy-192-ys.oss-cn-beijing.aliyuncs.com/images/2024/05/15/1715763319518.png\n', 4, 4, 8);
COMMIT;

SET FOREIGN_KEY_CHECKS = 1;
